// Generated by tools/vlw_font.py from DejaVuSans.ttf - do not edit.
// VLW smooth fonts (M5GFX loadFont) for the UI spike's font probe: ASCII, Latin-1,
// common Latin Extended-A letters, General Punctuation.
// Glyphs rasterised from DejaVu Sans: DejaVu changes are in the public domain; the
// Bitstream Vera glyphs they build on are (c) 2003 Bitstream, Inc., under the
// Bitstream Vera Fonts licence (embedding permitted; its notice must accompany
// redistributed copies: see https://dejavu-fonts.github.io/License.html).
#include "spike/VlwFonts.h"

#if UI_SPIKE_VLW

// 16 px: 256 glyphs, 36985 bytes
const uint8_t kVlwSans16[36985] = {
    0x00, 0x00, 0x01, 0x00, 0x00, 0x00, 0x00, 0x0b, 0x00, 0x00, 0x00, 0x10, 0x00, 0x00, 0x00, 0x00, 0x00, 0x00, 0x00, 0x0f,
    0x00, 0x00, 0x00, 0x04, 0x00, 0x00, 0x00, 0x20, 0x00, 0x00, 0x00, 0x00, 0x00, 0x00, 0x00, 0x00, 0x00, 0x00, 0x00, 0x05,
    0x00, 0x00, 0x00, 0x00, 0x00, 0x00, 0x00, 0x00, 0x00, 0x00, 0x00, 0x00, 0x00, 0x00, 0x00, 0x21, 0x00, 0x00, 0x00, 0x0c,
    0x00, 0x00, 0x00, 0x06, 0x00, 0x00, 0x00, 0x06, 0x00, 0x00, 0x00, 0x0c, 0x00, 0x00, 0x00, 0x00, 0x00, 0x00, 0x00, 0x00,
    0x00, 0x00, 0x00, 0x22, 0x00, 0x00, 0x00, 0x0c, 0x00, 0x00, 0x00, 0x07, 0x00, 0x00, 0x00, 0x07, 0x00, 0x00, 0x00, 0x0c,
    0x00, 0x00, 0x00, 0x00, 0x00, 0x00, 0x00, 0x00, 0x00, 0x00, 0x00, 0x23, 0x00, 0x00, 0x00, 0x0b, 0x00, 0x00, 0x00, 0x0d,
    0x00, 0x00, 0x00, 0x0d, 0x00, 0x00, 0x00, 0x0b, 0x00, 0x00, 0x00, 0x00, 0x00, 0x00, 0x00, 0x00, 0x00, 0x00, 0x00, 0x24,
    0x00, 0x00, 0x00, 0x0e, 0x00, 0x00, 0x00, 0x0a, 0x00, 0x00, 0x00, 0x0a, 0x00, 0x00, 0x00, 0x0c, 0x00, 0x00, 0x00, 0x00,
    0x00, 0x00, 0x00, 0x00, 0x00, 0x00, 0x00, 0x25, 0x00, 0x00, 0x00, 0x0c, 0x00, 0x00, 0x00, 0x0f, 0x00, 0x00, 0x00, 0x0f,
    0x00, 0x00, 0x00, 0x0c, 0x00, 0x00, 0x00, 0x00, 0x00, 0x00, 0x00, 0x00, 0x00, 0x00, 0x00, 0x26, 0x00, 0x00, 0x00, 0x0c,
    0x00, 0x00, 0x00, 0x0c, 0x00, 0x00, 0x00, 0x0c, 0x00, 0x00, 0x00, 0x0c, 0x00, 0x00, 0x00, 0x00, 0x00, 0x00, 0x00, 0x00,
    0x00, 0x00, 0x00, 0x27, 0x00, 0x00, 0x00, 0x0c, 0x00, 0x00, 0x00, 0x04, 0x00, 0x00, 0x00, 0x04, 0x00, 0x00, 0x00, 0x0c,
    0x00, 0x00, 0x00, 0x00, 0x00, 0x00, 0x00, 0x00, 0x00, 0x00, 0x00, 0x28, 0x00, 0x00, 0x00, 0x0e, 0x00, 0x00, 0x00, 0x06,
    0x00, 0x00, 0x00, 0x06, 0x00, 0x00, 0x00, 0x0c, 0x00, 0x00, 0x00, 0x00, 0x00, 0x00, 0x00, 0x00, 0x00, 0x00, 0x00, 0x29,
    0x00, 0x00, 0x00, 0x0e, 0x00, 0x00, 0x00, 0x06, 0x00, 0x00, 0x00, 0x06, 0x00, 0x00, 0x00, 0x0c, 0x00, 0x00, 0x00, 0x00,
    0x00, 0x00, 0x00, 0x00, 0x00, 0x00, 0x00, 0x2a, 0x00, 0x00, 0x00, 0x0c, 0x00, 0x00, 0x00, 0x08, 0x00, 0x00, 0x00, 0x08,
    0x00, 0x00, 0x00, 0x0c, 0x00, 0x00, 0x00, 0x00, 0x00, 0x00, 0x00, 0x00, 0x00, 0x00, 0x00, 0x2b, 0x00, 0x00, 0x00, 0x09,
    0x00, 0x00, 0x00, 0x0d, 0x00, 0x00, 0x00, 0x0d, 0x00, 0x00, 0x00, 0x09, 0x00, 0x00, 0x00, 0x00, 0x00, 0x00, 0x00, 0x00,
    0x00, 0x00, 0x00, 0x2c, 0x00, 0x00, 0x00, 0x04, 0x00, 0x00, 0x00, 0x05, 0x00, 0x00, 0x00, 0x05, 0x00, 0x00, 0x00, 0x02,
    0x00, 0x00, 0x00, 0x00, 0x00, 0x00, 0x00, 0x00, 0x00, 0x00, 0x00, 0x2d, 0x00, 0x00, 0x00, 0x05, 0x00, 0x00, 0x00, 0x06,
    0x00, 0x00, 0x00, 0x06, 0x00, 0x00, 0x00, 0x05, 0x00, 0x00, 0x00, 0x00, 0x00, 0x00, 0x00, 0x00, 0x00, 0x00, 0x00, 0x2e,
    0x00, 0x00, 0x00, 0x02, 0x00, 0x00, 0x00, 0x05, 0x00, 0x00, 0x00, 0x05, 0x00, 0x00, 0x00, 0x02, 0x00, 0x00, 0x00, 0x00,
    0x00, 0x00, 0x00, 0x00, 0x00, 0x00, 0x00, 0x2f, 0x00, 0x00, 0x00, 0x0d, 0x00, 0x00, 0x00, 0x06, 0x00, 0x00, 0x00, 0x05,
    0x00, 0x00, 0x00, 0x0c, 0x00, 0x00, 0x00, 0x00, 0x00, 0x00, 0x00, 0x00, 0x00, 0x00, 0x00, 0x30, 0x00, 0x00, 0x00, 0x0c,
    0x00, 0x00, 0x00, 0x0a, 0x00, 0x00, 0x00, 0x0a, 0x00, 0x00, 0x00, 0x0c, 0x00, 0x00, 0x00, 0x00, 0x00, 0x00, 0x00, 0x00,
    0x00, 0x00, 0x00, 0x31, 0x00, 0x00, 0x00, 0x0c, 0x00, 0x00, 0x00, 0x0a, 0x00, 0x00, 0x00, 0x0a, 0x00, 0x00, 0x00, 0x0c,
    0x00, 0x00, 0x00, 0x00, 0x00, 0x00, 0x00, 0x00, 0x00, 0x00, 0x00, 0x32, 0x00, 0x00, 0x00, 0x0c, 0x00, 0x00, 0x00, 0x0a,
    0x00, 0x00, 0x00, 0x0a, 0x00, 0x00, 0x00, 0x0c, 0x00, 0x00, 0x00, 0x00, 0x00, 0x00, 0x00, 0x00, 0x00, 0x00, 0x00, 0x33,
    0x00, 0x00, 0x00, 0x0c, 0x00, 0x00, 0x00, 0x0a, 0x00, 0x00, 0x00, 0x0a, 0x00, 0x00, 0x00, 0x0c, 0x00, 0x00, 0x00, 0x00,
    0x00, 0x00, 0x00, 0x00, 0x00, 0x00, 0x00, 0x34, 0x00, 0x00, 0x00, 0x0c, 0x00, 0x00, 0x00, 0x0a, 0x00, 0x00, 0x00, 0x0a,
    0x00, 0x00, 0x00, 0x0c, 0x00, 0x00, 0x00, 0x00, 0x00, 0x00, 0x00, 0x00, 0x00, 0x00, 0x00, 0x35, 0x00, 0x00, 0x00, 0x0c,
    0x00, 0x00, 0x00, 0x0a, 0x00, 0x00, 0x00, 0x0a, 0x00, 0x00, 0x00, 0x0c, 0x00, 0x00, 0x00, 0x00, 0x00, 0x00, 0x00, 0x00,
    0x00, 0x00, 0x00, 0x36, 0x00, 0x00, 0x00, 0x0c, 0x00, 0x00, 0x00, 0x0a, 0x00, 0x00, 0x00, 0x0a, 0x00, 0x00, 0x00, 0x0c,
    0x00, 0x00, 0x00, 0x00, 0x00, 0x00, 0x00, 0x00, 0x00, 0x00, 0x00, 0x37, 0x00, 0x00, 0x00, 0x0c, 0x00, 0x00, 0x00, 0x0a,
    0x00, 0x00, 0x00, 0x0a, 0x00, 0x00, 0x00, 0x0c, 0x00, 0x00, 0x00, 0x00, 0x00, 0x00, 0x00, 0x00, 0x00, 0x00, 0x00, 0x38,
    0x00, 0x00, 0x00, 0x0c, 0x00, 0x00, 0x00, 0x0a, 0x00, 0x00, 0x00, 0x0a, 0x00, 0x00, 0x00, 0x0c, 0x00, 0x00, 0x00, 0x00,
    0x00, 0x00, 0x00, 0x00, 0x00, 0x00, 0x00, 0x39, 0x00, 0x00, 0x00, 0x0c, 0x00, 0x00, 0x00, 0x0a, 0x00, 0x00, 0x00, 0x0a,
    0x00, 0x00, 0x00, 0x0c, 0x00, 0x00, 0x00, 0x00, 0x00, 0x00, 0x00, 0x00, 0x00, 0x00, 0x00, 0x3a, 0x00, 0x00, 0x00, 0x08,
    0x00, 0x00, 0x00, 0x05, 0x00, 0x00, 0x00, 0x05, 0x00, 0x00, 0x00, 0x08, 0x00, 0x00, 0x00, 0x00, 0x00, 0x00, 0x00, 0x00,
    0x00, 0x00, 0x00, 0x3b, 0x00, 0x00, 0x00, 0x0a, 0x00, 0x00, 0x00, 0x05, 0x00, 0x00, 0x00, 0x05, 0x00, 0x00, 0x00, 0x08,
    0x00, 0x00, 0x00, 0x00, 0x00, 0x00, 0x00, 0x00, 0x00, 0x00, 0x00, 0x3c, 0x00, 0x00, 0x00, 0x09, 0x00, 0x00, 0x00, 0x0d,
    0x00, 0x00, 0x00, 0x0d, 0x00, 0x00, 0x00, 0x09, 0x00, 0x00, 0x00, 0x00, 0x00, 0x00, 0x00, 0x00, 0x00, 0x00, 0x00, 0x3d,
    0x00, 0x00, 0x00, 0x07, 0x00, 0x00, 0x00, 0x0d, 0x00, 0x00, 0x00, 0x0d, 0x00, 0x00, 0x00, 0x07, 0x00, 0x00, 0x00, 0x00,
    0x00, 0x00, 0x00, 0x00, 0x00, 0x00, 0x00, 0x3e, 0x00, 0x00, 0x00, 0x09, 0x00, 0x00, 0x00, 0x0d, 0x00, 0x00, 0x00, 0x0d,
    0x00, 0x00, 0x00, 0x09, 0x00, 0x00, 0x00, 0x00, 0x00, 0x00, 0x00, 0x00, 0x00, 0x00, 0x00, 0x3f, 0x00, 0x00, 0x00, 0x0c,
    0x00, 0x00, 0x00, 0x09, 0x00, 0x00, 0x00, 0x09, 0x00, 0x00, 0x00, 0x0c, 0x00, 0x00, 0x00, 0x00, 0x00, 0x00, 0x00, 0x00,
    0x00, 0x00, 0x00, 0x40, 0x00, 0x00, 0x00, 0x0e, 0x00, 0x00, 0x00, 0x10, 0x00, 0x00, 0x00, 0x10, 0x00, 0x00, 0x00, 0x0b,
    0x00, 0x00, 0x00, 0x00, 0x00, 0x00, 0x00, 0x00, 0x00, 0x00, 0x00, 0x41, 0x00, 0x00, 0x00, 0x0c, 0x00, 0x00, 0x00, 0x0b,
    0x00, 0x00, 0x00, 0x0b, 0x00, 0x00, 0x00, 0x0c, 0x00, 0x00, 0x00, 0x00, 0x00, 0x00, 0x00, 0x00, 0x00, 0x00, 0x00, 0x42,
    0x00, 0x00, 0x00, 0x0c, 0x00, 0x00, 0x00, 0x0b, 0x00, 0x00, 0x00, 0x0b, 0x00, 0x00, 0x00, 0x0c, 0x00, 0x00, 0x00, 0x00,
    0x00, 0x00, 0x00, 0x00, 0x00, 0x00, 0x00, 0x43, 0x00, 0x00, 0x00, 0x0c, 0x00, 0x00, 0x00, 0x0b, 0x00, 0x00, 0x00, 0x0b,
    0x00, 0x00, 0x00, 0x0c, 0x00, 0x00, 0x00, 0x00, 0x00, 0x00, 0x00, 0x00, 0x00, 0x00, 0x00, 0x44, 0x00, 0x00, 0x00, 0x0c,
    0x00, 0x00, 0x00, 0x0c, 0x00, 0x00, 0x00, 0x0c, 0x00, 0x00, 0x00, 0x0c, 0x00, 0x00, 0x00, 0x00, 0x00, 0x00, 0x00, 0x00,
    0x00, 0x00, 0x00, 0x45, 0x00, 0x00, 0x00, 0x0c, 0x00, 0x00, 0x00, 0x0a, 0x00, 0x00, 0x00, 0x0a, 0x00, 0x00, 0x00, 0x0c,
    0x00, 0x00, 0x00, 0x00, 0x00, 0x00, 0x00, 0x00, 0x00, 0x00, 0x00, 0x46, 0x00, 0x00, 0x00, 0x0c, 0x00, 0x00, 0x00, 0x09,
    0x00, 0x00, 0x00, 0x09, 0x00, 0x00, 0x00, 0x0c, 0x00, 0x00, 0x00, 0x00, 0x00, 0x00, 0x00, 0x00, 0x00, 0x00, 0x00, 0x47,
    0x00, 0x00, 0x00, 0x0c, 0x00, 0x00, 0x00, 0x0c, 0x00, 0x00, 0x00, 0x0c, 0x00, 0x00, 0x00, 0x0c, 0x00, 0x00, 0x00, 0x00,
    0x00, 0x00, 0x00, 0x00, 0x00, 0x00, 0x00, 0x48, 0x00, 0x00, 0x00, 0x0c, 0x00, 0x00, 0x00, 0x0c, 0x00, 0x00, 0x00, 0x0c,
    0x00, 0x00, 0x00, 0x0c, 0x00, 0x00, 0x00, 0x00, 0x00, 0x00, 0x00, 0x00, 0x00, 0x00, 0x00, 0x49, 0x00, 0x00, 0x00, 0x0c,
    0x00, 0x00, 0x00, 0x05, 0x00, 0x00, 0x00, 0x05, 0x00, 0x00, 0x00, 0x0c, 0x00, 0x00, 0x00, 0x00, 0x00, 0x00, 0x00, 0x00,
    0x00, 0x00, 0x00, 0x4a, 0x00, 0x00, 0x00, 0x0f, 0x00, 0x00, 0x00, 0x06, 0x00, 0x00, 0x00, 0x05, 0x00, 0x00, 0x00, 0x0c,
    0xff, 0xff, 0xff, 0xff, 0x00, 0x00, 0x00, 0x00, 0x00, 0x00, 0x00, 0x4b, 0x00, 0x00, 0x00, 0x0c, 0x00, 0x00, 0x00, 0x0b,
    0x00, 0x00, 0x00, 0x0b, 0x00, 0x00, 0x00, 0x0c, 0x00, 0x00, 0x00, 0x00, 0x00, 0x00, 0x00, 0x00, 0x00, 0x00, 0x00, 0x4c,
    0x00, 0x00, 0x00, 0x0c, 0x00, 0x00, 0x00, 0x09, 0x00, 0x00, 0x00, 0x09, 0x00, 0x00, 0x00, 0x0c, 0x00, 0x00, 0x00, 0x00,
    0x00, 0x00, 0x00, 0x00, 0x00, 0x00, 0x00, 0x4d, 0x00, 0x00, 0x00, 0x0c, 0x00, 0x00, 0x00, 0x0e, 0x00, 0x00, 0x00, 0x0e,
    0x00, 0x00, 0x00, 0x0c, 0x00, 0x00, 0x00, 0x00, 0x00, 0x00, 0x00, 0x00, 0x00, 0x00, 0x00, 0x4e, 0x00, 0x00, 0x00, 0x0c,
    0x00, 0x00, 0x00, 0x0c, 0x00, 0x00, 0x00, 0x0c, 0x00, 0x00, 0x00, 0x0c, 0x00, 0x00, 0x00, 0x00, 0x00, 0x00, 0x00, 0x00,
    0x00, 0x00, 0x00, 0x4f, 0x00, 0x00, 0x00, 0x0c, 0x00, 0x00, 0x00, 0x0d, 0x00, 0x00, 0x00, 0x0d, 0x00, 0x00, 0x00, 0x0c,
    0x00, 0x00, 0x00, 0x00, 0x00, 0x00, 0x00, 0x00, 0x00, 0x00, 0x00, 0x50, 0x00, 0x00, 0x00, 0x0c, 0x00, 0x00, 0x00, 0x0a,
    0x00, 0x00, 0x00, 0x0a, 0x00, 0x00, 0x00, 0x0c, 0x00, 0x00, 0x00, 0x00, 0x00, 0x00, 0x00, 0x00, 0x00, 0x00, 0x00, 0x51,
    0x00, 0x00, 0x00, 0x0e, 0x00, 0x00, 0x00, 0x0d, 0x00, 0x00, 0x00, 0x0d, 0x00, 0x00, 0x00, 0x0c, 0x00, 0x00, 0x00, 0x00,
    0x00, 0x00, 0x00, 0x00, 0x00, 0x00, 0x00, 0x52, 0x00, 0x00, 0x00, 0x0c, 0x00, 0x00, 0x00, 0x0b, 0x00, 0x00, 0x00, 0x0b,
    0x00, 0x00, 0x00, 0x0c, 0x00, 0x00, 0x00, 0x00, 0x00, 0x00, 0x00, 0x00, 0x00, 0x00, 0x00, 0x53, 0x00, 0x00, 0x00, 0x0c,
    0x00, 0x00, 0x00, 0x0a, 0x00, 0x00, 0x00, 0x0a, 0x00, 0x00, 0x00, 0x0c, 0x00, 0x00, 0x00, 0x00, 0x00, 0x00, 0x00, 0x00,
    0x00, 0x00, 0x00, 0x54, 0x00, 0x00, 0x00, 0x0c, 0x00, 0x00, 0x00, 0x0b, 0x00, 0x00, 0x00, 0x0a, 0x00, 0x00, 0x00, 0x0c,
    0xff, 0xff, 0xff, 0xff, 0x00, 0x00, 0x00, 0x00, 0x00, 0x00, 0x00, 0x55, 0x00, 0x00, 0x00, 0x0c, 0x00, 0x00, 0x00, 0x0c,
    0x00, 0x00, 0x00, 0x0c, 0x00, 0x00, 0x00, 0x0c, 0x00, 0x00, 0x00, 0x00, 0x00, 0x00, 0x00, 0x00, 0x00, 0x00, 0x00, 0x56,
    0x00, 0x00, 0x00, 0x0c, 0x00, 0x00, 0x00, 0x0b, 0x00, 0x00, 0x00, 0x0b, 0x00, 0x00, 0x00, 0x0c, 0x00, 0x00, 0x00, 0x00,
    0x00, 0x00, 0x00, 0x00, 0x00, 0x00, 0x00, 0x57, 0x00, 0x00, 0x00, 0x0c, 0x00, 0x00, 0x00, 0x10, 0x00, 0x00, 0x00, 0x10,
    0x00, 0x00, 0x00, 0x0c, 0x00, 0x00, 0x00, 0x00, 0x00, 0x00, 0x00, 0x00, 0x00, 0x00, 0x00, 0x58, 0x00, 0x00, 0x00, 0x0c,
    0x00, 0x00, 0x00, 0x0b, 0x00, 0x00, 0x00, 0x0b, 0x00, 0x00, 0x00, 0x0c, 0x00, 0x00, 0x00, 0x00, 0x00, 0x00, 0x00, 0x00,
    0x00, 0x00, 0x00, 0x59, 0x00, 0x00, 0x00, 0x0c, 0x00, 0x00, 0x00, 0x0b, 0x00, 0x00, 0x00, 0x0a, 0x00, 0x00, 0x00, 0x0c,
    0xff, 0xff, 0xff, 0xff, 0x00, 0x00, 0x00, 0x00, 0x00, 0x00, 0x00, 0x5a, 0x00, 0x00, 0x00, 0x0c, 0x00, 0x00, 0x00, 0x0b,
    0x00, 0x00, 0x00, 0x0b, 0x00, 0x00, 0x00, 0x0c, 0x00, 0x00, 0x00, 0x00, 0x00, 0x00, 0x00, 0x00, 0x00, 0x00, 0x00, 0x5b,
    0x00, 0x00, 0x00, 0x0e, 0x00, 0x00, 0x00, 0x06, 0x00, 0x00, 0x00, 0x06, 0x00, 0x00, 0x00, 0x0c, 0x00, 0x00, 0x00, 0x00,
    0x00, 0x00, 0x00, 0x00, 0x00, 0x00, 0x00, 0x5c, 0x00, 0x00, 0x00, 0x0d, 0x00, 0x00, 0x00, 0x06, 0x00, 0x00, 0x00, 0x05,
    0x00, 0x00, 0x00, 0x0c, 0x00, 0x00, 0x00, 0x00, 0x00, 0x00, 0x00, 0x00, 0x00, 0x00, 0x00, 0x5d, 0x00, 0x00, 0x00, 0x0e,
    0x00, 0x00, 0x00, 0x06, 0x00, 0x00, 0x00, 0x06, 0x00, 0x00, 0x00, 0x0c, 0x00, 0x00, 0x00, 0x00, 0x00, 0x00, 0x00, 0x00,
    0x00, 0x00, 0x00, 0x5e, 0x00, 0x00, 0x00, 0x0c, 0x00, 0x00, 0x00, 0x0d, 0x00, 0x00, 0x00, 0x0d, 0x00, 0x00, 0x00, 0x0c,
    0x00, 0x00, 0x00, 0x00, 0x00, 0x00, 0x00, 0x00, 0x00, 0x00, 0x00, 0x5f, 0x00, 0x00, 0x00, 0x04, 0x00, 0x00, 0x00, 0x0a,
    0x00, 0x00, 0x00, 0x08, 0x00, 0x00, 0x00, 0x00, 0xff, 0xff, 0xff, 0xff, 0x00, 0x00, 0x00, 0x00, 0x00, 0x00, 0x00, 0x60,
    0x00, 0x00, 0x00, 0x0d, 0x00, 0x00, 0x00, 0x08, 0x00, 0x00, 0x00, 0x08, 0x00, 0x00, 0x00, 0x0d, 0x00, 0x00, 0x00, 0x00,
    0x00, 0x00, 0x00, 0x00, 0x00, 0x00, 0x00, 0x61, 0x00, 0x00, 0x00, 0x09, 0x00, 0x00, 0x00, 0x0a, 0x00, 0x00, 0x00, 0x0a,
    0x00, 0x00, 0x00, 0x09, 0x00, 0x00, 0x00, 0x00, 0x00, 0x00, 0x00, 0x00, 0x00, 0x00, 0x00, 0x62, 0x00, 0x00, 0x00, 0x0c,
    0x00, 0x00, 0x00, 0x0a, 0x00, 0x00, 0x00, 0x0a, 0x00, 0x00, 0x00, 0x0c, 0x00, 0x00, 0x00, 0x00, 0x00, 0x00, 0x00, 0x00,
    0x00, 0x00, 0x00, 0x63, 0x00, 0x00, 0x00, 0x09, 0x00, 0x00, 0x00, 0x09, 0x00, 0x00, 0x00, 0x09, 0x00, 0x00, 0x00, 0x09,
    0x00, 0x00, 0x00, 0x00, 0x00, 0x00, 0x00, 0x00, 0x00, 0x00, 0x00, 0x64, 0x00, 0x00, 0x00, 0x0c, 0x00, 0x00, 0x00, 0x0a,
    0x00, 0x00, 0x00, 0x0a, 0x00, 0x00, 0x00, 0x0c, 0x00, 0x00, 0x00, 0x00, 0x00, 0x00, 0x00, 0x00, 0x00, 0x00, 0x00, 0x65,
    0x00, 0x00, 0x00, 0x09, 0x00, 0x00, 0x00, 0x0a, 0x00, 0x00, 0x00, 0x0a, 0x00, 0x00, 0x00, 0x09, 0x00, 0x00, 0x00, 0x00,
    0x00, 0x00, 0x00, 0x00, 0x00, 0x00, 0x00, 0x66, 0x00, 0x00, 0x00, 0x0c, 0x00, 0x00, 0x00, 0x06, 0x00, 0x00, 0x00, 0x06,
    0x00, 0x00, 0x00, 0x0c, 0x00, 0x00, 0x00, 0x00, 0x00, 0x00, 0x00, 0x00, 0x00, 0x00, 0x00, 0x67, 0x00, 0x00, 0x00, 0x0c,
    0x00, 0x00, 0x00, 0x0a, 0x00, 0x00, 0x00, 0x0a, 0x00, 0x00, 0x00, 0x09, 0x00, 0x00, 0x00, 0x00, 0x00, 0x00, 0x00, 0x00,
    0x00, 0x00, 0x00, 0x68, 0x00, 0x00, 0x00, 0x0c, 0x00, 0x00, 0x00, 0x0a, 0x00, 0x00, 0x00, 0x0a, 0x00, 0x00, 0x00, 0x0c,
    0x00, 0x00, 0x00, 0x00, 0x00, 0x00, 0x00, 0x00, 0x00, 0x00, 0x00, 0x69, 0x00, 0x00, 0x00, 0x0c, 0x00, 0x00, 0x00, 0x04,
    0x00, 0x00, 0x00, 0x04, 0x00, 0x00, 0x00, 0x0c, 0x00, 0x00, 0x00, 0x00, 0x00, 0x00, 0x00, 0x00, 0x00, 0x00, 0x00, 0x6a,
    0x00, 0x00, 0x00, 0x0f, 0x00, 0x00, 0x00, 0x05, 0x00, 0x00, 0x00, 0x04, 0x00, 0x00, 0x00, 0x0c, 0xff, 0xff, 0xff, 0xff,
    0x00, 0x00, 0x00, 0x00, 0x00, 0x00, 0x00, 0x6b, 0x00, 0x00, 0x00, 0x0c, 0x00, 0x00, 0x00, 0x0a, 0x00, 0x00, 0x00, 0x09,
    0x00, 0x00, 0x00, 0x0c, 0x00, 0x00, 0x00, 0x00, 0x00, 0x00, 0x00, 0x00, 0x00, 0x00, 0x00, 0x6c, 0x00, 0x00, 0x00, 0x0c,
    0x00, 0x00, 0x00, 0x04, 0x00, 0x00, 0x00, 0x04, 0x00, 0x00, 0x00, 0x0c, 0x00, 0x00, 0x00, 0x00, 0x00, 0x00, 0x00, 0x00,
    0x00, 0x00, 0x00, 0x6d, 0x00, 0x00, 0x00, 0x09, 0x00, 0x00, 0x00, 0x10, 0x00, 0x00, 0x00, 0x10, 0x00, 0x00, 0x00, 0x09,
    0x00, 0x00, 0x00, 0x00, 0x00, 0x00, 0x00, 0x00, 0x00, 0x00, 0x00, 0x6e, 0x00, 0x00, 0x00, 0x09, 0x00, 0x00, 0x00, 0x0a,
    0x00, 0x00, 0x00, 0x0a, 0x00, 0x00, 0x00, 0x09, 0x00, 0x00, 0x00, 0x00, 0x00, 0x00, 0x00, 0x00, 0x00, 0x00, 0x00, 0x6f,
    0x00, 0x00, 0x00, 0x09, 0x00, 0x00, 0x00, 0x0a, 0x00, 0x00, 0x00, 0x0a, 0x00, 0x00, 0x00, 0x09, 0x00, 0x00, 0x00, 0x00,
    0x00, 0x00, 0x00, 0x00, 0x00, 0x00, 0x00, 0x70, 0x00, 0x00, 0x00, 0x0c, 0x00, 0x00, 0x00, 0x0a, 0x00, 0x00, 0x00, 0x0a,
    0x00, 0x00, 0x00, 0x09, 0x00, 0x00, 0x00, 0x00, 0x00, 0x00, 0x00, 0x00, 0x00, 0x00, 0x00, 0x71, 0x00, 0x00, 0x00, 0x0c,
    0x00, 0x00, 0x00, 0x0a, 0x00, 0x00, 0x00, 0x0a, 0x00, 0x00, 0x00, 0x09, 0x00, 0x00, 0x00, 0x00, 0x00, 0x00, 0x00, 0x00,
    0x00, 0x00, 0x00, 0x72, 0x00, 0x00, 0x00, 0x09, 0x00, 0x00, 0x00, 0x07, 0x00, 0x00, 0x00, 0x07, 0x00, 0x00, 0x00, 0x09,
    0x00, 0x00, 0x00, 0x00, 0x00, 0x00, 0x00, 0x00, 0x00, 0x00, 0x00, 0x73, 0x00, 0x00, 0x00, 0x09, 0x00, 0x00, 0x00, 0x08,
    0x00, 0x00, 0x00, 0x08, 0x00, 0x00, 0x00, 0x09, 0x00, 0x00, 0x00, 0x00, 0x00, 0x00, 0x00, 0x00, 0x00, 0x00, 0x00, 0x74,
    0x00, 0x00, 0x00, 0x0b, 0x00, 0x00, 0x00, 0x06, 0x00, 0x00, 0x00, 0x06, 0x00, 0x00, 0x00, 0x0b, 0x00, 0x00, 0x00, 0x00,
    0x00, 0x00, 0x00, 0x00, 0x00, 0x00, 0x00, 0x75, 0x00, 0x00, 0x00, 0x09, 0x00, 0x00, 0x00, 0x0a, 0x00, 0x00, 0x00, 0x0a,
    0x00, 0x00, 0x00, 0x09, 0x00, 0x00, 0x00, 0x00, 0x00, 0x00, 0x00, 0x00, 0x00, 0x00, 0x00, 0x76, 0x00, 0x00, 0x00, 0x09,
    0x00, 0x00, 0x00, 0x09, 0x00, 0x00, 0x00, 0x09, 0x00, 0x00, 0x00, 0x09, 0x00, 0x00, 0x00, 0x00, 0x00, 0x00, 0x00, 0x00,
    0x00, 0x00, 0x00, 0x77, 0x00, 0x00, 0x00, 0x09, 0x00, 0x00, 0x00, 0x0d, 0x00, 0x00, 0x00, 0x0d, 0x00, 0x00, 0x00, 0x09,
    0x00, 0x00, 0x00, 0x00, 0x00, 0x00, 0x00, 0x00, 0x00, 0x00, 0x00, 0x78, 0x00, 0x00, 0x00, 0x09, 0x00, 0x00, 0x00, 0x09,
    0x00, 0x00, 0x00, 0x09, 0x00, 0x00, 0x00, 0x09, 0x00, 0x00, 0x00, 0x00, 0x00, 0x00, 0x00, 0x00, 0x00, 0x00, 0x00, 0x79,
    0x00, 0x00, 0x00, 0x0c, 0x00, 0x00, 0x00, 0x09, 0x00, 0x00, 0x00, 0x09, 0x00, 0x00, 0x00, 0x09, 0x00, 0x00, 0x00, 0x00,
    0x00, 0x00, 0x00, 0x00, 0x00, 0x00, 0x00, 0x7a, 0x00, 0x00, 0x00, 0x09, 0x00, 0x00, 0x00, 0x08, 0x00, 0x00, 0x00, 0x08,
    0x00, 0x00, 0x00, 0x09, 0x00, 0x00, 0x00, 0x00, 0x00, 0x00, 0x00, 0x00, 0x00, 0x00, 0x00, 0x7b, 0x00, 0x00, 0x00, 0x0f,
    0x00, 0x00, 0x00, 0x0a, 0x00, 0x00, 0x00, 0x0a, 0x00, 0x00, 0x00, 0x0c, 0x00, 0x00, 0x00, 0x00, 0x00, 0x00, 0x00, 0x00,
    0x00, 0x00, 0x00, 0x7c, 0x00, 0x00, 0x00, 0x10, 0x00, 0x00, 0x00, 0x05, 0x00, 0x00, 0x00, 0x05, 0x00, 0x00, 0x00, 0x0c,
    0x00, 0x00, 0x00, 0x00, 0x00, 0x00, 0x00, 0x00, 0x00, 0x00, 0x00, 0x7d, 0x00, 0x00, 0x00, 0x0f, 0x00, 0x00, 0x00, 0x0a,
    0x00, 0x00, 0x00, 0x0a, 0x00, 0x00, 0x00, 0x0c, 0x00, 0x00, 0x00, 0x00, 0x00, 0x00, 0x00, 0x00, 0x00, 0x00, 0x00, 0x7e,
    0x00, 0x00, 0x00, 0x07, 0x00, 0x00, 0x00, 0x0d, 0x00, 0x00, 0x00, 0x0d, 0x00, 0x00, 0x00, 0x07, 0x00, 0x00, 0x00, 0x00,
    0x00, 0x00, 0x00, 0x00, 0x00, 0x00, 0x00, 0xa0, 0x00, 0x00, 0x00, 0x00, 0x00, 0x00, 0x00, 0x00, 0x00, 0x00, 0x00, 0x05,
    0x00, 0x00, 0x00, 0x00, 0x00, 0x00, 0x00, 0x00, 0x00, 0x00, 0x00, 0x00, 0x00, 0x00, 0x00, 0xa1, 0x00, 0x00, 0x00, 0x0c,
    0x00, 0x00, 0x00, 0x06, 0x00, 0x00, 0x00, 0x06, 0x00, 0x00, 0x00, 0x09, 0x00, 0x00, 0x00, 0x00, 0x00, 0x00, 0x00, 0x00,
    0x00, 0x00, 0x00, 0xa2, 0x00, 0x00, 0x00, 0x0d, 0x00, 0x00, 0x00, 0x0a, 0x00, 0x00, 0x00, 0x0a, 0x00, 0x00, 0x00, 0x0b,
    0x00, 0x00, 0x00, 0x00, 0x00, 0x00, 0x00, 0x00, 0x00, 0x00, 0x00, 0xa3, 0x00, 0x00, 0x00, 0x0c, 0x00, 0x00, 0x00, 0x0a,
    0x00, 0x00, 0x00, 0x0a, 0x00, 0x00, 0x00, 0x0c, 0x00, 0x00, 0x00, 0x00, 0x00, 0x00, 0x00, 0x00, 0x00, 0x00, 0x00, 0xa4,
    0x00, 0x00, 0x00, 0x0a, 0x00, 0x00, 0x00, 0x0a, 0x00, 0x00, 0x00, 0x0a, 0x00, 0x00, 0x00, 0x0a, 0x00, 0x00, 0x00, 0x00,
    0x00, 0x00, 0x00, 0x00, 0x00, 0x00, 0x00, 0xa5, 0x00, 0x00, 0x00, 0x0c, 0x00, 0x00, 0x00, 0x0a, 0x00, 0x00, 0x00, 0x0a,
    0x00, 0x00, 0x00, 0x0c, 0x00, 0x00, 0x00, 0x00, 0x00, 0x00, 0x00, 0x00, 0x00, 0x00, 0x00, 0xa6, 0x00, 0x00, 0x00, 0x0e,
    0x00, 0x00, 0x00, 0x05, 0x00, 0x00, 0x00, 0x05, 0x00, 0x00, 0x00, 0x0b, 0x00, 0x00, 0x00, 0x00, 0x00, 0x00, 0x00, 0x00,
    0x00, 0x00, 0x00, 0xa7, 0x00, 0x00, 0x00, 0x0e, 0x00, 0x00, 0x00, 0x08, 0x00, 0x00, 0x00, 0x08, 0x00, 0x00, 0x00, 0x0c,
    0x00, 0x00, 0x00, 0x00, 0x00, 0x00, 0x00, 0x00, 0x00, 0x00, 0x00, 0xa8, 0x00, 0x00, 0x00, 0x0c, 0x00, 0x00, 0x00, 0x08,
    0x00, 0x00, 0x00, 0x08, 0x00, 0x00, 0x00, 0x0c, 0x00, 0x00, 0x00, 0x00, 0x00, 0x00, 0x00, 0x00, 0x00, 0x00, 0x00, 0xa9,
    0x00, 0x00, 0x00, 0x0c, 0x00, 0x00, 0x00, 0x10, 0x00, 0x00, 0x00, 0x10, 0x00, 0x00, 0x00, 0x0c, 0x00, 0x00, 0x00, 0x00,
    0x00, 0x00, 0x00, 0x00, 0x00, 0x00, 0x00, 0xaa, 0x00, 0x00, 0x00, 0x0c, 0x00, 0x00, 0x00, 0x08, 0x00, 0x00, 0x00, 0x08,
    0x00, 0x00, 0x00, 0x0c, 0x00, 0x00, 0x00, 0x00, 0x00, 0x00, 0x00, 0x00, 0x00, 0x00, 0x00, 0xab, 0x00, 0x00, 0x00, 0x08,
    0x00, 0x00, 0x00, 0x0a, 0x00, 0x00, 0x00, 0x0a, 0x00, 0x00, 0x00, 0x08, 0x00, 0x00, 0x00, 0x00, 0x00, 0x00, 0x00, 0x00,
    0x00, 0x00, 0x00, 0xac, 0x00, 0x00, 0x00, 0x07, 0x00, 0x00, 0x00, 0x0d, 0x00, 0x00, 0x00, 0x0d, 0x00, 0x00, 0x00, 0x07,
    0x00, 0x00, 0x00, 0x00, 0x00, 0x00, 0x00, 0x00, 0x00, 0x00, 0x00, 0xad, 0x00, 0x00, 0x00, 0x05, 0x00, 0x00, 0x00, 0x06,
    0x00, 0x00, 0x00, 0x06, 0x00, 0x00, 0x00, 0x05, 0x00, 0x00, 0x00, 0x00, 0x00, 0x00, 0x00, 0x00, 0x00, 0x00, 0x00, 0xae,
    0x00, 0x00, 0x00, 0x0c, 0x00, 0x00, 0x00, 0x10, 0x00, 0x00, 0x00, 0x10, 0x00, 0x00, 0x00, 0x0c, 0x00, 0x00, 0x00, 0x00,
    0x00, 0x00, 0x00, 0x00, 0x00, 0x00, 0x00, 0xaf, 0x00, 0x00, 0x00, 0x0c, 0x00, 0x00, 0x00, 0x08, 0x00, 0x00, 0x00, 0x08,
    0x00, 0x00, 0x00, 0x0c, 0x00, 0x00, 0x00, 0x00, 0x00, 0x00, 0x00, 0x00, 0x00, 0x00, 0x00, 0xb0, 0x00, 0x00, 0x00, 0x0c,
    0x00, 0x00, 0x00, 0x08, 0x00, 0x00, 0x00, 0x08, 0x00, 0x00, 0x00, 0x0c, 0x00, 0x00, 0x00, 0x00, 0x00, 0x00, 0x00, 0x00,
    0x00, 0x00, 0x00, 0xb1, 0x00, 0x00, 0x00, 0x0a, 0x00, 0x00, 0x00, 0x0d, 0x00, 0x00, 0x00, 0x0d, 0x00, 0x00, 0x00, 0x0a,
    0x00, 0x00, 0x00, 0x00, 0x00, 0x00, 0x00, 0x00, 0x00, 0x00, 0x00, 0xb2, 0x00, 0x00, 0x00, 0x0c, 0x00, 0x00, 0x00, 0x06,
    0x00, 0x00, 0x00, 0x06, 0x00, 0x00, 0x00, 0x0c, 0x00, 0x00, 0x00, 0x00, 0x00, 0x00, 0x00, 0x00, 0x00, 0x00, 0x00, 0xb3,
    0x00, 0x00, 0x00, 0x0c, 0x00, 0x00, 0x00, 0x06, 0x00, 0x00, 0x00, 0x06, 0x00, 0x00, 0x00, 0x0c, 0x00, 0x00, 0x00, 0x00,
    0x00, 0x00, 0x00, 0x00, 0x00, 0x00, 0x00, 0xb4, 0x00, 0x00, 0x00, 0x0d, 0x00, 0x00, 0x00, 0x08, 0x00, 0x00, 0x00, 0x08,
    0x00, 0x00, 0x00, 0x0d, 0x00, 0x00, 0x00, 0x00, 0x00, 0x00, 0x00, 0x00, 0x00, 0x00, 0x00, 0xb5, 0x00, 0x00, 0x00, 0x0c,
    0x00, 0x00, 0x00, 0x0a, 0x00, 0x00, 0x00, 0x0a, 0x00, 0x00, 0x00, 0x09, 0x00, 0x00, 0x00, 0x00, 0x00, 0x00, 0x00, 0x00,
    0x00, 0x00, 0x00, 0xb6, 0x00, 0x00, 0x00, 0x0e, 0x00, 0x00, 0x00, 0x0a, 0x00, 0x00, 0x00, 0x0a, 0x00, 0x00, 0x00, 0x0c,
    0x00, 0x00, 0x00, 0x00, 0x00, 0x00, 0x00, 0x00, 0x00, 0x00, 0x00, 0xb7, 0x00, 0x00, 0x00, 0x07, 0x00, 0x00, 0x00, 0x05,
    0x00, 0x00, 0x00, 0x05, 0x00, 0x00, 0x00, 0x07, 0x00, 0x00, 0x00, 0x00, 0x00, 0x00, 0x00, 0x00, 0x00, 0x00, 0x00, 0xb8,
    0x00, 0x00, 0x00, 0x03, 0x00, 0x00, 0x00, 0x08, 0x00, 0x00, 0x00, 0x08, 0x00, 0x00, 0x00, 0x00, 0x00, 0x00, 0x00, 0x00,
    0x00, 0x00, 0x00, 0x00, 0x00, 0x00, 0x00, 0xb9, 0x00, 0x00, 0x00, 0x0c, 0x00, 0x00, 0x00, 0x06, 0x00, 0x00, 0x00, 0x06,
    0x00, 0x00, 0x00, 0x0c, 0x00, 0x00, 0x00, 0x00, 0x00, 0x00, 0x00, 0x00, 0x00, 0x00, 0x00, 0xba, 0x00, 0x00, 0x00, 0x0c,
    0x00, 0x00, 0x00, 0x08, 0x00, 0x00, 0x00, 0x08, 0x00, 0x00, 0x00, 0x0c, 0x00, 0x00, 0x00, 0x00, 0x00, 0x00, 0x00, 0x00,
    0x00, 0x00, 0x00, 0xbb, 0x00, 0x00, 0x00, 0x08, 0x00, 0x00, 0x00, 0x0a, 0x00, 0x00, 0x00, 0x0a, 0x00, 0x00, 0x00, 0x08,
    0x00, 0x00, 0x00, 0x00, 0x00, 0x00, 0x00, 0x00, 0x00, 0x00, 0x00, 0xbc, 0x00, 0x00, 0x00, 0x0c, 0x00, 0x00, 0x00, 0x10,
    0x00, 0x00, 0x00, 0x10, 0x00, 0x00, 0x00, 0x0c, 0x00, 0x00, 0x00, 0x00, 0x00, 0x00, 0x00, 0x00, 0x00, 0x00, 0x00, 0xbd,
    0x00, 0x00, 0x00, 0x0c, 0x00, 0x00, 0x00, 0x10, 0x00, 0x00, 0x00, 0x10, 0x00, 0x00, 0x00, 0x0c, 0x00, 0x00, 0x00, 0x00,
    0x00, 0x00, 0x00, 0x00, 0x00, 0x00, 0x00, 0xbe, 0x00, 0x00, 0x00, 0x0c, 0x00, 0x00, 0x00, 0x10, 0x00, 0x00, 0x00, 0x10,
    0x00, 0x00, 0x00, 0x0c, 0x00, 0x00, 0x00, 0x00, 0x00, 0x00, 0x00, 0x00, 0x00, 0x00, 0x00, 0xbf, 0x00, 0x00, 0x00, 0x0c,
    0x00, 0x00, 0x00, 0x09, 0x00, 0x00, 0x00, 0x09, 0x00, 0x00, 0x00, 0x09, 0x00, 0x00, 0x00, 0x00, 0x00, 0x00, 0x00, 0x00,
    0x00, 0x00, 0x00, 0xc0, 0x00, 0x00, 0x00, 0x0f, 0x00, 0x00, 0x00, 0x0b, 0x00, 0x00, 0x00, 0x0b, 0x00, 0x00, 0x00, 0x0f,
    0x00, 0x00, 0x00, 0x00, 0x00, 0x00, 0x00, 0x00, 0x00, 0x00, 0x00, 0xc1, 0x00, 0x00, 0x00, 0x0f, 0x00, 0x00, 0x00, 0x0b,
    0x00, 0x00, 0x00, 0x0b, 0x00, 0x00, 0x00, 0x0f, 0x00, 0x00, 0x00, 0x00, 0x00, 0x00, 0x00, 0x00, 0x00, 0x00, 0x00, 0xc2,
    0x00, 0x00, 0x00, 0x0f, 0x00, 0x00, 0x00, 0x0b, 0x00, 0x00, 0x00, 0x0b, 0x00, 0x00, 0x00, 0x0f, 0x00, 0x00, 0x00, 0x00,
    0x00, 0x00, 0x00, 0x00, 0x00, 0x00, 0x00, 0xc3, 0x00, 0x00, 0x00, 0x0f, 0x00, 0x00, 0x00, 0x0b, 0x00, 0x00, 0x00, 0x0b,
    0x00, 0x00, 0x00, 0x0f, 0x00, 0x00, 0x00, 0x00, 0x00, 0x00, 0x00, 0x00, 0x00, 0x00, 0x00, 0xc4, 0x00, 0x00, 0x00, 0x0f,
    0x00, 0x00, 0x00, 0x0b, 0x00, 0x00, 0x00, 0x0b, 0x00, 0x00, 0x00, 0x0f, 0x00, 0x00, 0x00, 0x00, 0x00, 0x00, 0x00, 0x00,
    0x00, 0x00, 0x00, 0xc5, 0x00, 0x00, 0x00, 0x0f, 0x00, 0x00, 0x00, 0x0b, 0x00, 0x00, 0x00, 0x0b, 0x00, 0x00, 0x00, 0x0f,
    0x00, 0x00, 0x00, 0x00, 0x00, 0x00, 0x00, 0x00, 0x00, 0x00, 0x00, 0xc6, 0x00, 0x00, 0x00, 0x0c, 0x00, 0x00, 0x00, 0x10,
    0x00, 0x00, 0x00, 0x10, 0x00, 0x00, 0x00, 0x0c, 0x00, 0x00, 0x00, 0x00, 0x00, 0x00, 0x00, 0x00, 0x00, 0x00, 0x00, 0xc7,
    0x00, 0x00, 0x00, 0x0f, 0x00, 0x00, 0x00, 0x0b, 0x00, 0x00, 0x00, 0x0b, 0x00, 0x00, 0x00, 0x0c, 0x00, 0x00, 0x00, 0x00,
    0x00, 0x00, 0x00, 0x00, 0x00, 0x00, 0x00, 0xc8, 0x00, 0x00, 0x00, 0x0f, 0x00, 0x00, 0x00, 0x0a, 0x00, 0x00, 0x00, 0x0a,
    0x00, 0x00, 0x00, 0x0f, 0x00, 0x00, 0x00, 0x00, 0x00, 0x00, 0x00, 0x00, 0x00, 0x00, 0x00, 0xc9, 0x00, 0x00, 0x00, 0x0f,
    0x00, 0x00, 0x00, 0x0a, 0x00, 0x00, 0x00, 0x0a, 0x00, 0x00, 0x00, 0x0f, 0x00, 0x00, 0x00, 0x00, 0x00, 0x00, 0x00, 0x00,
    0x00, 0x00, 0x00, 0xca, 0x00, 0x00, 0x00, 0x0f, 0x00, 0x00, 0x00, 0x0a, 0x00, 0x00, 0x00, 0x0a, 0x00, 0x00, 0x00, 0x0f,
    0x00, 0x00, 0x00, 0x00, 0x00, 0x00, 0x00, 0x00, 0x00, 0x00, 0x00, 0xcb, 0x00, 0x00, 0x00, 0x0f, 0x00, 0x00, 0x00, 0x0a,
    0x00, 0x00, 0x00, 0x0a, 0x00, 0x00, 0x00, 0x0f, 0x00, 0x00, 0x00, 0x00, 0x00, 0x00, 0x00, 0x00, 0x00, 0x00, 0x00, 0xcc,
    0x00, 0x00, 0x00, 0x0f, 0x00, 0x00, 0x00, 0x05, 0x00, 0x00, 0x00, 0x05, 0x00, 0x00, 0x00, 0x0f, 0x00, 0x00, 0x00, 0x00,
    0x00, 0x00, 0x00, 0x00, 0x00, 0x00, 0x00, 0xcd, 0x00, 0x00, 0x00, 0x0f, 0x00, 0x00, 0x00, 0x05, 0x00, 0x00, 0x00, 0x05,
    0x00, 0x00, 0x00, 0x0f, 0x00, 0x00, 0x00, 0x00, 0x00, 0x00, 0x00, 0x00, 0x00, 0x00, 0x00, 0xce, 0x00, 0x00, 0x00, 0x0f,
    0x00, 0x00, 0x00, 0x06, 0x00, 0x00, 0x00, 0x05, 0x00, 0x00, 0x00, 0x0f, 0xff, 0xff, 0xff, 0xff, 0x00, 0x00, 0x00, 0x00,
    0x00, 0x00, 0x00, 0xcf, 0x00, 0x00, 0x00, 0x0f, 0x00, 0x00, 0x00, 0x05, 0x00, 0x00, 0x00, 0x05, 0x00, 0x00, 0x00, 0x0f,
    0x00, 0x00, 0x00, 0x00, 0x00, 0x00, 0x00, 0x00, 0x00, 0x00, 0x00, 0xd0, 0x00, 0x00, 0x00, 0x0c, 0x00, 0x00, 0x00, 0x0c,
    0x00, 0x00, 0x00, 0x0c, 0x00, 0x00, 0x00, 0x0c, 0x00, 0x00, 0x00, 0x00, 0x00, 0x00, 0x00, 0x00, 0x00, 0x00, 0x00, 0xd1,
    0x00, 0x00, 0x00, 0x0f, 0x00, 0x00, 0x00, 0x0c, 0x00, 0x00, 0x00, 0x0c, 0x00, 0x00, 0x00, 0x0f, 0x00, 0x00, 0x00, 0x00,
    0x00, 0x00, 0x00, 0x00, 0x00, 0x00, 0x00, 0xd2, 0x00, 0x00, 0x00, 0x0f, 0x00, 0x00, 0x00, 0x0d, 0x00, 0x00, 0x00, 0x0d,
    0x00, 0x00, 0x00, 0x0f, 0x00, 0x00, 0x00, 0x00, 0x00, 0x00, 0x00, 0x00, 0x00, 0x00, 0x00, 0xd3, 0x00, 0x00, 0x00, 0x0f,
    0x00, 0x00, 0x00, 0x0d, 0x00, 0x00, 0x00, 0x0d, 0x00, 0x00, 0x00, 0x0f, 0x00, 0x00, 0x00, 0x00, 0x00, 0x00, 0x00, 0x00,
    0x00, 0x00, 0x00, 0xd4, 0x00, 0x00, 0x00, 0x0f, 0x00, 0x00, 0x00, 0x0d, 0x00, 0x00, 0x00, 0x0d, 0x00, 0x00, 0x00, 0x0f,
    0x00, 0x00, 0x00, 0x00, 0x00, 0x00, 0x00, 0x00, 0x00, 0x00, 0x00, 0xd5, 0x00, 0x00, 0x00, 0x0f, 0x00, 0x00, 0x00, 0x0d,
    0x00, 0x00, 0x00, 0x0d, 0x00, 0x00, 0x00, 0x0f, 0x00, 0x00, 0x00, 0x00, 0x00, 0x00, 0x00, 0x00, 0x00, 0x00, 0x00, 0xd6,
    0x00, 0x00, 0x00, 0x0f, 0x00, 0x00, 0x00, 0x0d, 0x00, 0x00, 0x00, 0x0d, 0x00, 0x00, 0x00, 0x0f, 0x00, 0x00, 0x00, 0x00,
    0x00, 0x00, 0x00, 0x00, 0x00, 0x00, 0x00, 0xd7, 0x00, 0x00, 0x00, 0x0a, 0x00, 0x00, 0x00, 0x0d, 0x00, 0x00, 0x00, 0x0d,
    0x00, 0x00, 0x00, 0x0a, 0x00, 0x00, 0x00, 0x00, 0x00, 0x00, 0x00, 0x00, 0x00, 0x00, 0x00, 0xd8, 0x00, 0x00, 0x00, 0x0e,
    0x00, 0x00, 0x00, 0x0d, 0x00, 0x00, 0x00, 0x0d, 0x00, 0x00, 0x00, 0x0d, 0x00, 0x00, 0x00, 0x00, 0x00, 0x00, 0x00, 0x00,
    0x00, 0x00, 0x00, 0xd9, 0x00, 0x00, 0x00, 0x0f, 0x00, 0x00, 0x00, 0x0c, 0x00, 0x00, 0x00, 0x0c, 0x00, 0x00, 0x00, 0x0f,
    0x00, 0x00, 0x00, 0x00, 0x00, 0x00, 0x00, 0x00, 0x00, 0x00, 0x00, 0xda, 0x00, 0x00, 0x00, 0x0f, 0x00, 0x00, 0x00, 0x0c,
    0x00, 0x00, 0x00, 0x0c, 0x00, 0x00, 0x00, 0x0f, 0x00, 0x00, 0x00, 0x00, 0x00, 0x00, 0x00, 0x00, 0x00, 0x00, 0x00, 0xdb,
    0x00, 0x00, 0x00, 0x0f, 0x00, 0x00, 0x00, 0x0c, 0x00, 0x00, 0x00, 0x0c, 0x00, 0x00, 0x00, 0x0f, 0x00, 0x00, 0x00, 0x00,
    0x00, 0x00, 0x00, 0x00, 0x00, 0x00, 0x00, 0xdc, 0x00, 0x00, 0x00, 0x0f, 0x00, 0x00, 0x00, 0x0c, 0x00, 0x00, 0x00, 0x0c,
    0x00, 0x00, 0x00, 0x0f, 0x00, 0x00, 0x00, 0x00, 0x00, 0x00, 0x00, 0x00, 0x00, 0x00, 0x00, 0xdd, 0x00, 0x00, 0x00, 0x0f,
    0x00, 0x00, 0x00, 0x0b, 0x00, 0x00, 0x00, 0x0a, 0x00, 0x00, 0x00, 0x0f, 0xff, 0xff, 0xff, 0xff, 0x00, 0x00, 0x00, 0x00,
    0x00, 0x00, 0x00, 0xde, 0x00, 0x00, 0x00, 0x0c, 0x00, 0x00, 0x00, 0x0a, 0x00, 0x00, 0x00, 0x0a, 0x00, 0x00, 0x00, 0x0c,
    0x00, 0x00, 0x00, 0x00, 0x00, 0x00, 0x00, 0x00, 0x00, 0x00, 0x00, 0xdf, 0x00, 0x00, 0x00, 0x0c, 0x00, 0x00, 0x00, 0x0a,
    0x00, 0x00, 0x00, 0x0a, 0x00, 0x00, 0x00, 0x0c, 0x00, 0x00, 0x00, 0x00, 0x00, 0x00, 0x00, 0x00, 0x00, 0x00, 0x00, 0xe0,
    0x00, 0x00, 0x00, 0x0d, 0x00, 0x00, 0x00, 0x0a, 0x00, 0x00, 0x00, 0x0a, 0x00, 0x00, 0x00, 0x0d, 0x00, 0x00, 0x00, 0x00,
    0x00, 0x00, 0x00, 0x00, 0x00, 0x00, 0x00, 0xe1, 0x00, 0x00, 0x00, 0x0d, 0x00, 0x00, 0x00, 0x0a, 0x00, 0x00, 0x00, 0x0a,
    0x00, 0x00, 0x00, 0x0d, 0x00, 0x00, 0x00, 0x00, 0x00, 0x00, 0x00, 0x00, 0x00, 0x00, 0x00, 0xe2, 0x00, 0x00, 0x00, 0x0d,
    0x00, 0x00, 0x00, 0x0a, 0x00, 0x00, 0x00, 0x0a, 0x00, 0x00, 0x00, 0x0d, 0x00, 0x00, 0x00, 0x00, 0x00, 0x00, 0x00, 0x00,
    0x00, 0x00, 0x00, 0xe3, 0x00, 0x00, 0x00, 0x0c, 0x00, 0x00, 0x00, 0x0a, 0x00, 0x00, 0x00, 0x0a, 0x00, 0x00, 0x00, 0x0c,
    0x00, 0x00, 0x00, 0x00, 0x00, 0x00, 0x00, 0x00, 0x00, 0x00, 0x00, 0xe4, 0x00, 0x00, 0x00, 0x0c, 0x00, 0x00, 0x00, 0x0a,
    0x00, 0x00, 0x00, 0x0a, 0x00, 0x00, 0x00, 0x0c, 0x00, 0x00, 0x00, 0x00, 0x00, 0x00, 0x00, 0x00, 0x00, 0x00, 0x00, 0xe5,
    0x00, 0x00, 0x00, 0x0e, 0x00, 0x00, 0x00, 0x0a, 0x00, 0x00, 0x00, 0x0a, 0x00, 0x00, 0x00, 0x0e, 0x00, 0x00, 0x00, 0x00,
    0x00, 0x00, 0x00, 0x00, 0x00, 0x00, 0x00, 0xe6, 0x00, 0x00, 0x00, 0x09, 0x00, 0x00, 0x00, 0x10, 0x00, 0x00, 0x00, 0x10,
    0x00, 0x00, 0x00, 0x09, 0x00, 0x00, 0x00, 0x00, 0x00, 0x00, 0x00, 0x00, 0x00, 0x00, 0x00, 0xe7, 0x00, 0x00, 0x00, 0x0c,
    0x00, 0x00, 0x00, 0x09, 0x00, 0x00, 0x00, 0x09, 0x00, 0x00, 0x00, 0x09, 0x00, 0x00, 0x00, 0x00, 0x00, 0x00, 0x00, 0x00,
    0x00, 0x00, 0x00, 0xe8, 0x00, 0x00, 0x00, 0x0d, 0x00, 0x00, 0x00, 0x0a, 0x00, 0x00, 0x00, 0x0a, 0x00, 0x00, 0x00, 0x0d,
    0x00, 0x00, 0x00, 0x00, 0x00, 0x00, 0x00, 0x00, 0x00, 0x00, 0x00, 0xe9, 0x00, 0x00, 0x00, 0x0d, 0x00, 0x00, 0x00, 0x0a,
    0x00, 0x00, 0x00, 0x0a, 0x00, 0x00, 0x00, 0x0d, 0x00, 0x00, 0x00, 0x00, 0x00, 0x00, 0x00, 0x00, 0x00, 0x00, 0x00, 0xea,
    0x00, 0x00, 0x00, 0x0d, 0x00, 0x00, 0x00, 0x0a, 0x00, 0x00, 0x00, 0x0a, 0x00, 0x00, 0x00, 0x0d, 0x00, 0x00, 0x00, 0x00,
    0x00, 0x00, 0x00, 0x00, 0x00, 0x00, 0x00, 0xeb, 0x00, 0x00, 0x00, 0x0c, 0x00, 0x00, 0x00, 0x0a, 0x00, 0x00, 0x00, 0x0a,
    0x00, 0x00, 0x00, 0x0c, 0x00, 0x00, 0x00, 0x00, 0x00, 0x00, 0x00, 0x00, 0x00, 0x00, 0x00, 0xec, 0x00, 0x00, 0x00, 0x0d,
    0x00, 0x00, 0x00, 0x05, 0x00, 0x00, 0x00, 0x04, 0x00, 0x00, 0x00, 0x0d, 0xff, 0xff, 0xff, 0xff, 0x00, 0x00, 0x00, 0x00,
    0x00, 0x00, 0x00, 0xed, 0x00, 0x00, 0x00, 0x0d, 0x00, 0x00, 0x00, 0x05, 0x00, 0x00, 0x00, 0x04, 0x00, 0x00, 0x00, 0x0d,
    0x00, 0x00, 0x00, 0x00, 0x00, 0x00, 0x00, 0x00, 0x00, 0x00, 0x00, 0xee, 0x00, 0x00, 0x00, 0x0d, 0x00, 0x00, 0x00, 0x06,
    0x00, 0x00, 0x00, 0x04, 0x00, 0x00, 0x00, 0x0d, 0xff, 0xff, 0xff, 0xff, 0x00, 0x00, 0x00, 0x00, 0x00, 0x00, 0x00, 0xef,
    0x00, 0x00, 0x00, 0x0c, 0x00, 0x00, 0x00, 0x06, 0x00, 0x00, 0x00, 0x04, 0x00, 0x00, 0x00, 0x0c, 0xff, 0xff, 0xff, 0xff,
    0x00, 0x00, 0x00, 0x00, 0x00, 0x00, 0x00, 0xf0, 0x00, 0x00, 0x00, 0x0c, 0x00, 0x00, 0x00, 0x0a, 0x00, 0x00, 0x00, 0x0a,
    0x00, 0x00, 0x00, 0x0c, 0x00, 0x00, 0x00, 0x00, 0x00, 0x00, 0x00, 0x00, 0x00, 0x00, 0x00, 0xf1, 0x00, 0x00, 0x00, 0x0c,
    0x00, 0x00, 0x00, 0x0a, 0x00, 0x00, 0x00, 0x0a, 0x00, 0x00, 0x00, 0x0c, 0x00, 0x00, 0x00, 0x00, 0x00, 0x00, 0x00, 0x00,
    0x00, 0x00, 0x00, 0xf2, 0x00, 0x00, 0x00, 0x0d, 0x00, 0x00, 0x00, 0x0a, 0x00, 0x00, 0x00, 0x0a, 0x00, 0x00, 0x00, 0x0d,
    0x00, 0x00, 0x00, 0x00, 0x00, 0x00, 0x00, 0x00, 0x00, 0x00, 0x00, 0xf3, 0x00, 0x00, 0x00, 0x0d, 0x00, 0x00, 0x00, 0x0a,
    0x00, 0x00, 0x00, 0x0a, 0x00, 0x00, 0x00, 0x0d, 0x00, 0x00, 0x00, 0x00, 0x00, 0x00, 0x00, 0x00, 0x00, 0x00, 0x00, 0xf4,
    0x00, 0x00, 0x00, 0x0d, 0x00, 0x00, 0x00, 0x0a, 0x00, 0x00, 0x00, 0x0a, 0x00, 0x00, 0x00, 0x0d, 0x00, 0x00, 0x00, 0x00,
    0x00, 0x00, 0x00, 0x00, 0x00, 0x00, 0x00, 0xf5, 0x00, 0x00, 0x00, 0x0c, 0x00, 0x00, 0x00, 0x0a, 0x00, 0x00, 0x00, 0x0a,
    0x00, 0x00, 0x00, 0x0c, 0x00, 0x00, 0x00, 0x00, 0x00, 0x00, 0x00, 0x00, 0x00, 0x00, 0x00, 0xf6, 0x00, 0x00, 0x00, 0x0c,
    0x00, 0x00, 0x00, 0x0a, 0x00, 0x00, 0x00, 0x0a, 0x00, 0x00, 0x00, 0x0c, 0x00, 0x00, 0x00, 0x00, 0x00, 0x00, 0x00, 0x00,
    0x00, 0x00, 0x00, 0xf7, 0x00, 0x00, 0x00, 0x08, 0x00, 0x00, 0x00, 0x0d, 0x00, 0x00, 0x00, 0x0d, 0x00, 0x00, 0x00, 0x08,
    0x00, 0x00, 0x00, 0x00, 0x00, 0x00, 0x00, 0x00, 0x00, 0x00, 0x00, 0xf8, 0x00, 0x00, 0x00, 0x0b, 0x00, 0x00, 0x00, 0x0a,
    0x00, 0x00, 0x00, 0x0a, 0x00, 0x00, 0x00, 0x0a, 0x00, 0x00, 0x00, 0x00, 0x00, 0x00, 0x00, 0x00, 0x00, 0x00, 0x00, 0xf9,
    0x00, 0x00, 0x00, 0x0d, 0x00, 0x00, 0x00, 0x0a, 0x00, 0x00, 0x00, 0x0a, 0x00, 0x00, 0x00, 0x0d, 0x00, 0x00, 0x00, 0x00,
    0x00, 0x00, 0x00, 0x00, 0x00, 0x00, 0x00, 0xfa, 0x00, 0x00, 0x00, 0x0d, 0x00, 0x00, 0x00, 0x0a, 0x00, 0x00, 0x00, 0x0a,
    0x00, 0x00, 0x00, 0x0d, 0x00, 0x00, 0x00, 0x00, 0x00, 0x00, 0x00, 0x00, 0x00, 0x00, 0x00, 0xfb, 0x00, 0x00, 0x00, 0x0d,
    0x00, 0x00, 0x00, 0x0a, 0x00, 0x00, 0x00, 0x0a, 0x00, 0x00, 0x00, 0x0d, 0x00, 0x00, 0x00, 0x00, 0x00, 0x00, 0x00, 0x00,
    0x00, 0x00, 0x00, 0xfc, 0x00, 0x00, 0x00, 0x0c, 0x00, 0x00, 0x00, 0x0a, 0x00, 0x00, 0x00, 0x0a, 0x00, 0x00, 0x00, 0x0c,
    0x00, 0x00, 0x00, 0x00, 0x00, 0x00, 0x00, 0x00, 0x00, 0x00, 0x00, 0xfd, 0x00, 0x00, 0x00, 0x10, 0x00, 0x00, 0x00, 0x09,
    0x00, 0x00, 0x00, 0x09, 0x00, 0x00, 0x00, 0x0d, 0x00, 0x00, 0x00, 0x00, 0x00, 0x00, 0x00, 0x00, 0x00, 0x00, 0x00, 0xfe,
    0x00, 0x00, 0x00, 0x0f, 0x00, 0x00, 0x00, 0x0a, 0x00, 0x00, 0x00, 0x0a, 0x00, 0x00, 0x00, 0x0c, 0x00, 0x00, 0x00, 0x00,
    0x00, 0x00, 0x00, 0x00, 0x00, 0x00, 0x00, 0xff, 0x00, 0x00, 0x00, 0x0f, 0x00, 0x00, 0x00, 0x09, 0x00, 0x00, 0x00, 0x09,
    0x00, 0x00, 0x00, 0x0c, 0x00, 0x00, 0x00, 0x00, 0x00, 0x00, 0x00, 0x00, 0x00, 0x00, 0x01, 0x04, 0x00, 0x00, 0x00, 0x0f,
    0x00, 0x00, 0x00, 0x0c, 0x00, 0x00, 0x00, 0x0b, 0x00, 0x00, 0x00, 0x0c, 0x00, 0x00, 0x00, 0x00, 0x00, 0x00, 0x00, 0x00,
    0x00, 0x00, 0x01, 0x05, 0x00, 0x00, 0x00, 0x0c, 0x00, 0x00, 0x00, 0x0a, 0x00, 0x00, 0x00, 0x0a, 0x00, 0x00, 0x00, 0x09,
    0x00, 0x00, 0x00, 0x00, 0x00, 0x00, 0x00, 0x00, 0x00, 0x00, 0x01, 0x06, 0x00, 0x00, 0x00, 0x0f, 0x00, 0x00, 0x00, 0x0b,
    0x00, 0x00, 0x00, 0x0b, 0x00, 0x00, 0x00, 0x0f, 0x00, 0x00, 0x00, 0x00, 0x00, 0x00, 0x00, 0x00, 0x00, 0x00, 0x01, 0x07,
    0x00, 0x00, 0x00, 0x0d, 0x00, 0x00, 0x00, 0x09, 0x00, 0x00, 0x00, 0x09, 0x00, 0x00, 0x00, 0x0d, 0x00, 0x00, 0x00, 0x00,
    0x00, 0x00, 0x00, 0x00, 0x00, 0x00, 0x01, 0x0c, 0x00, 0x00, 0x00, 0x0f, 0x00, 0x00, 0x00, 0x0b, 0x00, 0x00, 0x00, 0x0b,
    0x00, 0x00, 0x00, 0x0f, 0x00, 0x00, 0x00, 0x00, 0x00, 0x00, 0x00, 0x00, 0x00, 0x00, 0x01, 0x0d, 0x00, 0x00, 0x00, 0x0d,
    0x00, 0x00, 0x00, 0x09, 0x00, 0x00, 0x00, 0x09, 0x00, 0x00, 0x00, 0x0d, 0x00, 0x00, 0x00, 0x00, 0x00, 0x00, 0x00, 0x00,
    0x00, 0x00, 0x01, 0x18, 0x00, 0x00, 0x00, 0x0f, 0x00, 0x00, 0x00, 0x0a, 0x00, 0x00, 0x00, 0x0a, 0x00, 0x00, 0x00, 0x0c,
    0x00, 0x00, 0x00, 0x00, 0x00, 0x00, 0x00, 0x00, 0x00, 0x00, 0x01, 0x19, 0x00, 0x00, 0x00, 0x0c, 0x00, 0x00, 0x00, 0x0a,
    0x00, 0x00, 0x00, 0x0a, 0x00, 0x00, 0x00, 0x09, 0x00, 0x00, 0x00, 0x00, 0x00, 0x00, 0x00, 0x00, 0x00, 0x00, 0x01, 0x1a,
    0x00, 0x00, 0x00, 0x0f, 0x00, 0x00, 0x00, 0x0a, 0x00, 0x00, 0x00, 0x0a, 0x00, 0x00, 0x00, 0x0f, 0x00, 0x00, 0x00, 0x00,
    0x00, 0x00, 0x00, 0x00, 0x00, 0x00, 0x01, 0x1b, 0x00, 0x00, 0x00, 0x0d, 0x00, 0x00, 0x00, 0x0a, 0x00, 0x00, 0x00, 0x0a,
    0x00, 0x00, 0x00, 0x0d, 0x00, 0x00, 0x00, 0x00, 0x00, 0x00, 0x00, 0x00, 0x00, 0x00, 0x01, 0x31, 0x00, 0x00, 0x00, 0x09,
    0x00, 0x00, 0x00, 0x04, 0x00, 0x00, 0x00, 0x04, 0x00, 0x00, 0x00, 0x09, 0x00, 0x00, 0x00, 0x00, 0x00, 0x00, 0x00, 0x00,
    0x00, 0x00, 0x01, 0x41, 0x00, 0x00, 0x00, 0x0c, 0x00, 0x00, 0x00, 0x0a, 0x00, 0x00, 0x00, 0x09, 0x00, 0x00, 0x00, 0x0c,
    0xff, 0xff, 0xff, 0xff, 0x00, 0x00, 0x00, 0x00, 0x00, 0x00, 0x01, 0x42, 0x00, 0x00, 0x00, 0x0c, 0x00, 0x00, 0x00, 0x05,
    0x00, 0x00, 0x00, 0x05, 0x00, 0x00, 0x00, 0x0c, 0x00, 0x00, 0x00, 0x00, 0x00, 0x00, 0x00, 0x00, 0x00, 0x00, 0x01, 0x43,
    0x00, 0x00, 0x00, 0x0f, 0x00, 0x00, 0x00, 0x0c, 0x00, 0x00, 0x00, 0x0c, 0x00, 0x00, 0x00, 0x0f, 0x00, 0x00, 0x00, 0x00,
    0x00, 0x00, 0x00, 0x00, 0x00, 0x00, 0x01, 0x44, 0x00, 0x00, 0x00, 0x0d, 0x00, 0x00, 0x00, 0x0a, 0x00, 0x00, 0x00, 0x0a,
    0x00, 0x00, 0x00, 0x0d, 0x00, 0x00, 0x00, 0x00, 0x00, 0x00, 0x00, 0x00, 0x00, 0x00, 0x01, 0x47, 0x00, 0x00, 0x00, 0x0f,
    0x00, 0x00, 0x00, 0x0c, 0x00, 0x00, 0x00, 0x0c, 0x00, 0x00, 0x00, 0x0f, 0x00, 0x00, 0x00, 0x00, 0x00, 0x00, 0x00, 0x00,
    0x00, 0x00, 0x01, 0x48, 0x00, 0x00, 0x00, 0x0d, 0x00, 0x00, 0x00, 0x0a, 0x00, 0x00, 0x00, 0x0a, 0x00, 0x00, 0x00, 0x0d,
    0x00, 0x00, 0x00, 0x00, 0x00, 0x00, 0x00, 0x00, 0x00, 0x00, 0x01, 0x50, 0x00, 0x00, 0x00, 0x0f, 0x00, 0x00, 0x00, 0x0d,
    0x00, 0x00, 0x00, 0x0d, 0x00, 0x00, 0x00, 0x0f, 0x00, 0x00, 0x00, 0x00, 0x00, 0x00, 0x00, 0x00, 0x00, 0x00, 0x01, 0x51,
    0x00, 0x00, 0x00, 0x0d, 0x00, 0x00, 0x00, 0x0a, 0x00, 0x00, 0x00, 0x0a, 0x00, 0x00, 0x00, 0x0d, 0x00, 0x00, 0x00, 0x00,
    0x00, 0x00, 0x00, 0x00, 0x00, 0x00, 0x01, 0x52, 0x00, 0x00, 0x00, 0x0c, 0x00, 0x00, 0x00, 0x11, 0x00, 0x00, 0x00, 0x11,
    0x00, 0x00, 0x00, 0x0c, 0x00, 0x00, 0x00, 0x00, 0x00, 0x00, 0x00, 0x00, 0x00, 0x00, 0x01, 0x53, 0x00, 0x00, 0x00, 0x09,
    0x00, 0x00, 0x00, 0x10, 0x00, 0x00, 0x00, 0x10, 0x00, 0x00, 0x00, 0x09, 0x00, 0x00, 0x00, 0x00, 0x00, 0x00, 0x00, 0x00,
    0x00, 0x00, 0x01, 0x58, 0x00, 0x00, 0x00, 0x0f, 0x00, 0x00, 0x00, 0x0b, 0x00, 0x00, 0x00, 0x0b, 0x00, 0x00, 0x00, 0x0f,
    0x00, 0x00, 0x00, 0x00, 0x00, 0x00, 0x00, 0x00, 0x00, 0x00, 0x01, 0x59, 0x00, 0x00, 0x00, 0x0d, 0x00, 0x00, 0x00, 0x07,
    0x00, 0x00, 0x00, 0x07, 0x00, 0x00, 0x00, 0x0d, 0x00, 0x00, 0x00, 0x00, 0x00, 0x00, 0x00, 0x00, 0x00, 0x00, 0x01, 0x5a,
    0x00, 0x00, 0x00, 0x0f, 0x00, 0x00, 0x00, 0x0a, 0x00, 0x00, 0x00, 0x0a, 0x00, 0x00, 0x00, 0x0f, 0x00, 0x00, 0x00, 0x00,
    0x00, 0x00, 0x00, 0x00, 0x00, 0x00, 0x01, 0x5b, 0x00, 0x00, 0x00, 0x0d, 0x00, 0x00, 0x00, 0x08, 0x00, 0x00, 0x00, 0x08,
    0x00, 0x00, 0x00, 0x0d, 0x00, 0x00, 0x00, 0x00, 0x00, 0x00, 0x00, 0x00, 0x00, 0x00, 0x01, 0x60, 0x00, 0x00, 0x00, 0x0f,
    0x00, 0x00, 0x00, 0x0a, 0x00, 0x00, 0x00, 0x0a, 0x00, 0x00, 0x00, 0x0f, 0x00, 0x00, 0x00, 0x00, 0x00, 0x00, 0x00, 0x00,
    0x00, 0x00, 0x01, 0x61, 0x00, 0x00, 0x00, 0x0d, 0x00, 0x00, 0x00, 0x08, 0x00, 0x00, 0x00, 0x08, 0x00, 0x00, 0x00, 0x0d,
    0x00, 0x00, 0x00, 0x00, 0x00, 0x00, 0x00, 0x00, 0x00, 0x00, 0x01, 0x64, 0x00, 0x00, 0x00, 0x0f, 0x00, 0x00, 0x00, 0x0b,
    0x00, 0x00, 0x00, 0x0a, 0x00, 0x00, 0x00, 0x0f, 0xff, 0xff, 0xff, 0xff, 0x00, 0x00, 0x00, 0x00, 0x00, 0x00, 0x01, 0x65,
    0x00, 0x00, 0x00, 0x0d, 0x00, 0x00, 0x00, 0x06, 0x00, 0x00, 0x00, 0x06, 0x00, 0x00, 0x00, 0x0d, 0x00, 0x00, 0x00, 0x00,
    0x00, 0x00, 0x00, 0x00, 0x00, 0x00, 0x01, 0x6e, 0x00, 0x00, 0x00, 0x0f, 0x00, 0x00, 0x00, 0x0c, 0x00, 0x00, 0x00, 0x0c,
    0x00, 0x00, 0x00, 0x0f, 0x00, 0x00, 0x00, 0x00, 0x00, 0x00, 0x00, 0x00, 0x00, 0x00, 0x01, 0x6f, 0x00, 0x00, 0x00, 0x0e,
    0x00, 0x00, 0x00, 0x0a, 0x00, 0x00, 0x00, 0x0a, 0x00, 0x00, 0x00, 0x0e, 0x00, 0x00, 0x00, 0x00, 0x00, 0x00, 0x00, 0x00,
    0x00, 0x00, 0x01, 0x70, 0x00, 0x00, 0x00, 0x0f, 0x00, 0x00, 0x00, 0x0c, 0x00, 0x00, 0x00, 0x0c, 0x00, 0x00, 0x00, 0x0f,
    0x00, 0x00, 0x00, 0x00, 0x00, 0x00, 0x00, 0x00, 0x00, 0x00, 0x01, 0x71, 0x00, 0x00, 0x00, 0x0d, 0x00, 0x00, 0x00, 0x0a,
    0x00, 0x00, 0x00, 0x0a, 0x00, 0x00, 0x00, 0x0d, 0x00, 0x00, 0x00, 0x00, 0x00, 0x00, 0x00, 0x00, 0x00, 0x00, 0x01, 0x78,
    0x00, 0x00, 0x00, 0x0f, 0x00, 0x00, 0x00, 0x0b, 0x00, 0x00, 0x00, 0x0a, 0x00, 0x00, 0x00, 0x0f, 0xff, 0xff, 0xff, 0xff,
    0x00, 0x00, 0x00, 0x00, 0x00, 0x00, 0x01, 0x79, 0x00, 0x00, 0x00, 0x0f, 0x00, 0x00, 0x00, 0x0b, 0x00, 0x00, 0x00, 0x0b,
    0x00, 0x00, 0x00, 0x0f, 0x00, 0x00, 0x00, 0x00, 0x00, 0x00, 0x00, 0x00, 0x00, 0x00, 0x01, 0x7a, 0x00, 0x00, 0x00, 0x0d,
    0x00, 0x00, 0x00, 0x08, 0x00, 0x00, 0x00, 0x08, 0x00, 0x00, 0x00, 0x0d, 0x00, 0x00, 0x00, 0x00, 0x00, 0x00, 0x00, 0x00,
    0x00, 0x00, 0x01, 0x7b, 0x00, 0x00, 0x00, 0x0f, 0x00, 0x00, 0x00, 0x0b, 0x00, 0x00, 0x00, 0x0b, 0x00, 0x00, 0x00, 0x0f,
    0x00, 0x00, 0x00, 0x00, 0x00, 0x00, 0x00, 0x00, 0x00, 0x00, 0x01, 0x7c, 0x00, 0x00, 0x00, 0x0c, 0x00, 0x00, 0x00, 0x08,
    0x00, 0x00, 0x00, 0x08, 0x00, 0x00, 0x00, 0x0c, 0x00, 0x00, 0x00, 0x00, 0x00, 0x00, 0x00, 0x00, 0x00, 0x00, 0x01, 0x7d,
    0x00, 0x00, 0x00, 0x0f, 0x00, 0x00, 0x00, 0x0b, 0x00, 0x00, 0x00, 0x0b, 0x00, 0x00, 0x00, 0x0f, 0x00, 0x00, 0x00, 0x00,
    0x00, 0x00, 0x00, 0x00, 0x00, 0x00, 0x01, 0x7e, 0x00, 0x00, 0x00, 0x0d, 0x00, 0x00, 0x00, 0x08, 0x00, 0x00, 0x00, 0x08,
    0x00, 0x00, 0x00, 0x0d, 0x00, 0x00, 0x00, 0x00, 0x00, 0x00, 0x00, 0x00, 0x00, 0x00, 0x20, 0x10, 0x00, 0x00, 0x00, 0x05,
    0x00, 0x00, 0x00, 0x06, 0x00, 0x00, 0x00, 0x06, 0x00, 0x00, 0x00, 0x05, 0x00, 0x00, 0x00, 0x00, 0x00, 0x00, 0x00, 0x00,
    0x00, 0x00, 0x20, 0x11, 0x00, 0x00, 0x00, 0x05, 0x00, 0x00, 0x00, 0x06, 0x00, 0x00, 0x00, 0x06, 0x00, 0x00, 0x00, 0x05,
    0x00, 0x00, 0x00, 0x00, 0x00, 0x00, 0x00, 0x00, 0x00, 0x00, 0x20, 0x12, 0x00, 0x00, 0x00, 0x05, 0x00, 0x00, 0x00, 0x0a,
    0x00, 0x00, 0x00, 0x0a, 0x00, 0x00, 0x00, 0x05, 0x00, 0x00, 0x00, 0x00, 0x00, 0x00, 0x00, 0x00, 0x00, 0x00, 0x20, 0x13,
    0x00, 0x00, 0x00, 0x05, 0x00, 0x00, 0x00, 0x08, 0x00, 0x00, 0x00, 0x08, 0x00, 0x00, 0x00, 0x05, 0x00, 0x00, 0x00, 0x00,
    0x00, 0x00, 0x00, 0x00, 0x00, 0x00, 0x20, 0x14, 0x00, 0x00, 0x00, 0x05, 0x00, 0x00, 0x00, 0x10, 0x00, 0x00, 0x00, 0x10,
    0x00, 0x00, 0x00, 0x05, 0x00, 0x00, 0x00, 0x00, 0x00, 0x00, 0x00, 0x00, 0x00, 0x00, 0x20, 0x15, 0x00, 0x00, 0x00, 0x05,
    0x00, 0x00, 0x00, 0x10, 0x00, 0x00, 0x00, 0x10, 0x00, 0x00, 0x00, 0x05, 0x00, 0x00, 0x00, 0x00, 0x00, 0x00, 0x00, 0x00,
    0x00, 0x00, 0x20, 0x18, 0x00, 0x00, 0x00, 0x0c, 0x00, 0x00, 0x00, 0x05, 0x00, 0x00, 0x00, 0x05, 0x00, 0x00, 0x00, 0x0c,
    0x00, 0x00, 0x00, 0x00, 0x00, 0x00, 0x00, 0x00, 0x00, 0x00, 0x20, 0x19, 0x00, 0x00, 0x00, 0x0c, 0x00, 0x00, 0x00, 0x05,
    0x00, 0x00, 0x00, 0x05, 0x00, 0x00, 0x00, 0x0c, 0x00, 0x00, 0x00, 0x00, 0x00, 0x00, 0x00, 0x00, 0x00, 0x00, 0x20, 0x1a,
    0x00, 0x00, 0x00, 0x04, 0x00, 0x00, 0x00, 0x05, 0x00, 0x00, 0x00, 0x05, 0x00, 0x00, 0x00, 0x02, 0x00, 0x00, 0x00, 0x00,
    0x00, 0x00, 0x00, 0x00, 0x00, 0x00, 0x20, 0x1b, 0x00, 0x00, 0x00, 0x0c, 0x00, 0x00, 0x00, 0x05, 0x00, 0x00, 0x00, 0x05,
    0x00, 0x00, 0x00, 0x0c, 0x00, 0x00, 0x00, 0x00, 0x00, 0x00, 0x00, 0x00, 0x00, 0x00, 0x20, 0x1c, 0x00, 0x00, 0x00, 0x0c,
    0x00, 0x00, 0x00, 0x08, 0x00, 0x00, 0x00, 0x08, 0x00, 0x00, 0x00, 0x0c, 0x00, 0x00, 0x00, 0x00, 0x00, 0x00, 0x00, 0x00,
    0x00, 0x00, 0x20, 0x1d, 0x00, 0x00, 0x00, 0x0c, 0x00, 0x00, 0x00, 0x08, 0x00, 0x00, 0x00, 0x08, 0x00, 0x00, 0x00, 0x0c,
    0x00, 0x00, 0x00, 0x00, 0x00, 0x00, 0x00, 0x00, 0x00, 0x00, 0x20, 0x1e, 0x00, 0x00, 0x00, 0x04, 0x00, 0x00, 0x00, 0x08,
    0x00, 0x00, 0x00, 0x08, 0x00, 0x00, 0x00, 0x02, 0x00, 0x00, 0x00, 0x00, 0x00, 0x00, 0x00, 0x00, 0x00, 0x00, 0x20, 0x1f,
    0x00, 0x00, 0x00, 0x0c, 0x00, 0x00, 0x00, 0x08, 0x00, 0x00, 0x00, 0x08, 0x00, 0x00, 0x00, 0x0c, 0x00, 0x00, 0x00, 0x00,
    0x00, 0x00, 0x00, 0x00, 0x00, 0x00, 0x20, 0x20, 0x00, 0x00, 0x00, 0x0e, 0x00, 0x00, 0x00, 0x08, 0x00, 0x00, 0x00, 0x08,
    0x00, 0x00, 0x00, 0x0c, 0x00, 0x00, 0x00, 0x00, 0x00, 0x00, 0x00, 0x00, 0x00, 0x00, 0x20, 0x21, 0x00, 0x00, 0x00, 0x0e,
    0x00, 0x00, 0x00, 0x08, 0x00, 0x00, 0x00, 0x08, 0x00, 0x00, 0x00, 0x0c, 0x00, 0x00, 0x00, 0x00, 0x00, 0x00, 0x00, 0x00,
    0x00, 0x00, 0x20, 0x22, 0x00, 0x00, 0x00, 0x08, 0x00, 0x00, 0x00, 0x09, 0x00, 0x00, 0x00, 0x09, 0x00, 0x00, 0x00, 0x08,
    0x00, 0x00, 0x00, 0x00, 0x00, 0x00, 0x00, 0x00, 0x00, 0x00, 0x20, 0x26, 0x00, 0x00, 0x00, 0x02, 0x00, 0x00, 0x00, 0x10,
    0x00, 0x00, 0x00, 0x10, 0x00, 0x00, 0x00, 0x02, 0x00, 0x00, 0x00, 0x00, 0x00, 0x00, 0x00, 0x00, 0x00, 0x00, 0x20, 0x30,
    0x00, 0x00, 0x00, 0x0c, 0x00, 0x00, 0x00, 0x15, 0x00, 0x00, 0x00, 0x15, 0x00, 0x00, 0x00, 0x0c, 0x00, 0x00, 0x00, 0x00,
    0x00, 0x00, 0x00, 0x00, 0x00, 0x00, 0x20, 0x32, 0x00, 0x00, 0x00, 0x0c, 0x00, 0x00, 0x00, 0x04, 0x00, 0x00, 0x00, 0x04,
    0x00, 0x00, 0x00, 0x0c, 0x00, 0x00, 0x00, 0x00, 0x00, 0x00, 0x00, 0x00, 0x00, 0x00, 0x20, 0x33, 0x00, 0x00, 0x00, 0x0c,
    0x00, 0x00, 0x00, 0x06, 0x00, 0x00, 0x00, 0x06, 0x00, 0x00, 0x00, 0x0c, 0x00, 0x00, 0x00, 0x00, 0x00, 0x00, 0x00, 0x00,
    0x00, 0x00, 0x20, 0x39, 0x00, 0x00, 0x00, 0x08, 0x00, 0x00, 0x00, 0x06, 0x00, 0x00, 0x00, 0x06, 0x00, 0x00, 0x00, 0x08,
    0x00, 0x00, 0x00, 0x00, 0x00, 0x00, 0x00, 0x00, 0x00, 0x00, 0x20, 0x3a, 0x00, 0x00, 0x00, 0x08, 0x00, 0x00, 0x00, 0x06,
    0x00, 0x00, 0x00, 0x06, 0x00, 0x00, 0x00, 0x08, 0x00, 0x00, 0x00, 0x00, 0x00, 0x00, 0x00, 0x00, 0x00, 0x00, 0x20, 0xac,
    0x00, 0x00, 0x00, 0x0c, 0x00, 0x00, 0x00, 0x0a, 0x00, 0x00, 0x00, 0x0a, 0x00, 0x00, 0x00, 0x0c, 0x00, 0x00, 0x00, 0x00,
    0x00, 0x00, 0x00, 0x00, 0x00, 0x00, 0x21, 0x22, 0x00, 0x00, 0x00, 0x0c, 0x00, 0x00, 0x00, 0x10, 0x00, 0x00, 0x00, 0x10,
    0x00, 0x00, 0x00, 0x0c, 0x00, 0x00, 0x00, 0x00, 0x00, 0x00, 0x00, 0x00, 0x00, 0x00, 0x94, 0xff, 0x00, 0x00, 0x00, 0x00,
    0x94, 0xff, 0x00, 0x00, 0x00, 0x00, 0x94, 0xff, 0x00, 0x00, 0x00, 0x00, 0x94, 0xff, 0x00, 0x00, 0x00, 0x00, 0x94, 0xff,
    0x00, 0x00, 0x00, 0x00, 0x8f, 0xfb, 0x00, 0x00, 0x00, 0x00, 0x82, 0xed, 0x00, 0x00, 0x00, 0x00, 0x73, 0xdf, 0x00, 0x00,
    0x00, 0x00, 0x00, 0x00, 0x00, 0x00, 0x00, 0x00, 0x00, 0x00, 0x00, 0x00, 0x00, 0x00, 0x94, 0xff, 0x00, 0x00, 0x00, 0x00,
    0x94, 0xff, 0x00, 0x00, 0x00, 0x74, 0xe0, 0x00, 0x80, 0xd4, 0x00, 0x00, 0x74, 0xe0, 0x00, 0x80, 0xd4, 0x00, 0x00, 0x74,
    0xe0, 0x00, 0x80, 0xd4, 0x00, 0x00, 0x74, 0xe0, 0x00, 0x80, 0xd4, 0x00, 0x00, 0x00, 0x00, 0x00, 0x00, 0x00, 0x00, 0x00,
    0x00, 0x00, 0x00, 0x00, 0x00, 0x00, 0x00, 0x00, 0x00, 0x00, 0x00, 0x00, 0x00, 0x00, 0x00, 0x00, 0x00, 0x00, 0x00, 0x00,
    0x00, 0x00, 0x00, 0x00, 0x00, 0x00, 0x00, 0x00, 0x00, 0x00, 0x00, 0x00, 0x00, 0x00, 0x00, 0x00, 0x00, 0x00, 0x00, 0x00,
    0x00, 0x00, 0x00, 0x00, 0x00, 0x00, 0x00, 0x00, 0x00, 0x00, 0x00, 0x00, 0x00, 0x63, 0xe0, 0x00, 0x00, 0xd7, 0x69, 0x00,
    0x00, 0x00, 0x00, 0x00, 0x00, 0x00, 0xa7, 0x9b, 0x00, 0x1c, 0xff, 0x25, 0x00, 0x00, 0x00, 0x00, 0x00, 0x00, 0x01, 0xe9,
    0x56, 0x00, 0x61, 0xe2, 0x00, 0x00, 0x00, 0x00, 0x00, 0xe0, 0xff, 0xff, 0xff, 0xff, 0xff, 0xff, 0xff, 0xff, 0xff, 0x30,
    0x00, 0x00, 0x00, 0x00, 0x79, 0xcb, 0x00, 0x00, 0xeb, 0x54, 0x00, 0x00, 0x00, 0x00, 0x00, 0x00, 0x00, 0xb1, 0x93, 0x00,
    0x22, 0xff, 0x1d, 0x00, 0x00, 0x00, 0x00, 0x00, 0x00, 0x00, 0xe8, 0x5b, 0x00, 0x59, 0xe7, 0x00, 0x00, 0x00, 0x00, 0x00,
    0xc4, 0xff, 0xff, 0xff, 0xff, 0xff, 0xff, 0xff, 0xff, 0xff, 0x48, 0x00, 0x00, 0x00, 0x00, 0x6f, 0xd0, 0x00, 0x00, 0xe5,
    0x5c, 0x00, 0x00, 0x00, 0x00, 0x00, 0x00, 0x00, 0xb4, 0x8b, 0x00, 0x2b, 0xff, 0x18, 0x00, 0x00, 0x00, 0x00, 0x00, 0x00,
    0x05, 0xf3, 0x46, 0x00, 0x6e, 0xd2, 0x00, 0x00, 0x00, 0x00, 0x00, 0x00, 0x00, 0x00, 0x00, 0x60, 0x68, 0x00, 0x00, 0x00,
    0x00, 0x00, 0x00, 0x00, 0x00, 0x60, 0x68, 0x00, 0x00, 0x00, 0x00, 0x00, 0x00, 0x53, 0xc7, 0xf6, 0xf9, 0xc5, 0x56, 0x01,
    0x00, 0x00, 0x4a, 0xfe, 0x6a, 0x6c, 0x71, 0x3c, 0xa9, 0x22, 0x00, 0x00, 0x9b, 0xd1, 0x00, 0x60, 0x68, 0x00, 0x00, 0x00,
    0x00, 0x00, 0x8a, 0xf1, 0x1f, 0x60, 0x68, 0x00, 0x00, 0x00, 0x00, 0x00, 0x18, 0xd8, 0xf6, 0xd8, 0xae, 0x46, 0x05, 0x00,
    0x00, 0x00, 0x00, 0x04, 0x4e, 0xb2, 0xe6, 0xfb, 0xdc, 0x28, 0x00, 0x00, 0x00, 0x00, 0x00, 0x60, 0x68, 0x20, 0xe1, 0xb4,
    0x00, 0x00, 0x00, 0x00, 0x00, 0x60, 0x68, 0x00, 0xa6, 0xca, 0x00, 0x00, 0x90, 0x73, 0x2a, 0x67, 0x71, 0x53, 0xf4, 0x74,
    0x00, 0x00, 0x1a, 0x86, 0xd2, 0xf8, 0xf5, 0xca, 0x66, 0x01, 0x00, 0x00, 0x00, 0x00, 0x00, 0x60, 0x68, 0x00, 0x00, 0x00,
    0x00, 0x00, 0x00, 0x00, 0x00, 0x60, 0x68, 0x00, 0x00, 0x00, 0x00, 0x00, 0x23, 0xbe, 0xf3, 0xce, 0x37, 0x00, 0x00, 0x00,
    0x00, 0xae, 0x91, 0x00, 0x00, 0x00, 0x00, 0xc4, 0x9e, 0x0e, 0x7d, 0xe5, 0x09, 0x00, 0x00, 0x49, 0xe7, 0x0f, 0x00, 0x00,
    0x00, 0x0a, 0xfe, 0x30, 0x00, 0x09, 0xfe, 0x35, 0x00, 0x08, 0xdc, 0x5a, 0x00, 0x00, 0x00, 0x00, 0x0b, 0xff, 0x2f, 0x00,
    0x09, 0xff, 0x34, 0x00, 0x81, 0xbe, 0x00, 0x00, 0x00, 0x00, 0x00, 0x00, 0xc6, 0x9c, 0x0e, 0x7b, 0xe6, 0x09, 0x24, 0xf2,
    0x29, 0x00, 0x00, 0x00, 0x00, 0x00, 0x00, 0x25, 0xc0, 0xf4, 0xcf, 0x3a, 0x00, 0xb8, 0x87, 0x00, 0x00, 0x00, 0x00, 0x00,
    0x00, 0x00, 0x00, 0x00, 0x00, 0x00, 0x00, 0x54, 0xe1, 0x0a, 0x1c, 0xb7, 0xf3, 0xd3, 0x3f, 0x00, 0x00, 0x00, 0x00, 0x00,
    0x00, 0x0c, 0xe3, 0x50, 0x00, 0xb7, 0xac, 0x0f, 0x6f, 0xec, 0x0e, 0x00, 0x00, 0x00, 0x00, 0x00, 0x8c, 0xb4, 0x00, 0x03,
    0xf9, 0x40, 0x00, 0x02, 0xf9, 0x40, 0x00, 0x00, 0x00, 0x00, 0x2b, 0xf2, 0x21, 0x00, 0x03, 0xfa, 0x3f, 0x00, 0x02, 0xf9,
    0x40, 0x00, 0x00, 0x00, 0x00, 0xc1, 0x7d, 0x00, 0x00, 0x00, 0xba, 0xac, 0x0f, 0x6f, 0xed, 0x0e, 0x00, 0x00, 0x00, 0x5e,
    0xda, 0x07, 0x00, 0x00, 0x00, 0x1f, 0xba, 0xf3, 0xd4, 0x41, 0x00, 0x00, 0x00, 0x00, 0x57, 0xd3, 0xf4, 0xcc, 0x58, 0x00,
    0x00, 0x00, 0x00, 0x00, 0x00, 0x3f, 0xfe, 0x70, 0x0b, 0x2b, 0xa8, 0x1b, 0x00, 0x00, 0x00, 0x00, 0x00, 0x92, 0xe3, 0x00,
    0x00, 0x00, 0x00, 0x00, 0x00, 0x00, 0x00, 0x00, 0x00, 0x8f, 0xf8, 0x0c, 0x00, 0x00, 0x00, 0x00, 0x00, 0x00, 0x00, 0x00,
    0x00, 0x32, 0xfe, 0x99, 0x00, 0x00, 0x00, 0x00, 0x00, 0x00, 0x00, 0x00, 0x00, 0x75, 0xfd, 0xff, 0x7a, 0x00, 0x00, 0x00,
    0x00, 0x00, 0x00, 0x00, 0x5c, 0xff, 0x66, 0x95, 0xff, 0x77, 0x00, 0x00, 0x1d, 0xff, 0x59, 0x00, 0xd4, 0xbb, 0x00, 0x00,
    0x90, 0xff, 0x74, 0x00, 0x54, 0xfd, 0x19, 0x00, 0xf4, 0x8e, 0x00, 0x00, 0x00, 0x8b, 0xff, 0x71, 0xc4, 0xa8, 0x00, 0x00,
    0xc9, 0xcc, 0x02, 0x00, 0x00, 0x00, 0x86, 0xff, 0xf5, 0x1d, 0x00, 0x00, 0x40, 0xf9, 0xa8, 0x28, 0x0a, 0x30, 0xa3, 0xfb,
    0xff, 0x76, 0x00, 0x00, 0x00, 0x34, 0xb1, 0xee, 0xfb, 0xe1, 0x9c, 0x27, 0x7d, 0xff, 0x7a, 0x00, 0x74, 0xe0, 0x00, 0x00,
    0x74, 0xe0, 0x00, 0x00, 0x74, 0xe0, 0x00, 0x00, 0x74, 0xe0, 0x00, 0x00, 0x00, 0x00, 0x00, 0x00, 0x00, 0x00, 0x00, 0x00,
    0x00, 0x00, 0x00, 0x00, 0x00, 0x00, 0x00, 0x00, 0x00, 0x00, 0x00, 0x00, 0x00, 0x00, 0x00, 0x00, 0x00, 0x00, 0x00, 0x00,
    0x00, 0x00, 0x00, 0x00, 0x00, 0x00, 0x92, 0xb4, 0x00, 0x00, 0x00, 0x29, 0xfb, 0x31, 0x00, 0x00, 0x00, 0x9d, 0xc6, 0x00,
    0x00, 0x00, 0x0c, 0xf5, 0x6c, 0x00, 0x00, 0x00, 0x4a, 0xff, 0x30, 0x00, 0x00, 0x00, 0x7e, 0xff, 0x05, 0x00, 0x00, 0x00,
    0x95, 0xf1, 0x00, 0x00, 0x00, 0x00, 0x96, 0xf0, 0x00, 0x00, 0x00, 0x00, 0x7e, 0xff, 0x05, 0x00, 0x00, 0x00, 0x4a, 0xff,
    0x32, 0x00, 0x00, 0x00, 0x0d, 0xf6, 0x6f, 0x00, 0x00, 0x00, 0x00, 0x9d, 0xc8, 0x00, 0x00, 0x00, 0x00, 0x29, 0xfb, 0x32,
    0x00, 0x00, 0x00, 0x00, 0x92, 0xb5, 0x00, 0x00, 0x76, 0xce, 0x02, 0x00, 0x00, 0x00, 0x0a, 0xe8, 0x62, 0x00, 0x00, 0x00,
    0x00, 0x8a, 0xd7, 0x00, 0x00, 0x00, 0x00, 0x30, 0xff, 0x3e, 0x00, 0x00, 0x00, 0x02, 0xf1, 0x86, 0x00, 0x00, 0x00, 0x00,
    0xc5, 0xbc, 0x00, 0x00, 0x00, 0x00, 0xb1, 0xd4, 0x00, 0x00, 0x00, 0x00, 0xb2, 0xd4, 0x00, 0x00, 0x00, 0x00, 0xc5, 0xbc,
    0x00, 0x00, 0x00, 0x01, 0xf0, 0x87, 0x00, 0x00, 0x00, 0x2f, 0xff, 0x3f, 0x00, 0x00, 0x00, 0x89, 0xd9, 0x01, 0x00, 0x00,
    0x09, 0xe7, 0x63, 0x00, 0x00, 0x00, 0x75, 0xcf, 0x02, 0x00, 0x00, 0x00, 0x00, 0x00, 0x70, 0x74, 0x00, 0x00, 0x00, 0x00,
    0x00, 0x00, 0x70, 0x74, 0x00, 0x00, 0x00, 0x41, 0xb1, 0x2d, 0x70, 0x74, 0x2c, 0xaf, 0x44, 0x00, 0x29, 0x9f, 0xd8, 0xd8,
    0xa0, 0x2a, 0x00, 0x00, 0x29, 0x9e, 0xd8, 0xd8, 0x9e, 0x2a, 0x00, 0x41, 0xb2, 0x2e, 0x70, 0x74, 0x2c, 0xb0, 0x45, 0x00,
    0x00, 0x00, 0x70, 0x74, 0x00, 0x00, 0x00, 0x00, 0x00, 0x00, 0x70, 0x74, 0x00, 0x00, 0x00, 0x00, 0x00, 0x00, 0x00, 0x00,
    0x00, 0x00, 0x00, 0x00, 0x00, 0x00, 0x00, 0x00, 0x00, 0x00, 0x00, 0x00, 0x00, 0x00, 0x00, 0x00, 0x00, 0x00, 0x00, 0x00,
    0x00, 0x00, 0x00, 0x00, 0x00, 0x00, 0x00, 0x00, 0x00, 0x00, 0x00, 0x00, 0x00, 0xf4, 0x5c, 0x00, 0x00, 0x00, 0x00, 0x00,
    0x00, 0x00, 0x00, 0x00, 0x00, 0x00, 0xf4, 0x5c, 0x00, 0x00, 0x00, 0x00, 0x00, 0x00, 0x00, 0x00, 0x00, 0x00, 0x00, 0xf4,
    0x5c, 0x00, 0x00, 0x00, 0x00, 0x00, 0x00, 0x00, 0x00, 0x00, 0x00, 0x00, 0xf4, 0x5c, 0x00, 0x00, 0x00, 0x00, 0x00, 0x00,
    0x4c, 0xff, 0xff, 0xff, 0xff, 0xff, 0xff, 0xff, 0xff, 0xff, 0xb8, 0x00, 0x00, 0x00, 0x00, 0x00, 0x00, 0x00, 0xf4, 0x5c,
    0x00, 0x00, 0x00, 0x00, 0x00, 0x00, 0x00, 0x00, 0x00, 0x00, 0x00, 0xf4, 0x5c, 0x00, 0x00, 0x00, 0x00, 0x00, 0x00, 0x00,
    0x00, 0x00, 0x00, 0x00, 0xf4, 0x5c, 0x00, 0x00, 0x00, 0x00, 0x00, 0x00, 0x00, 0x00, 0x00, 0x00, 0x00, 0xf4, 0x5c, 0x00,
    0x00, 0x00, 0x00, 0x00, 0x00, 0x20, 0xff, 0x88, 0x00, 0x00, 0x2b, 0xff, 0x70, 0x00, 0x00, 0x66, 0xee, 0x0d, 0x00, 0x00,
    0xa5, 0x7e, 0x00, 0x00, 0x38, 0xff, 0xff, 0xff, 0xff, 0x00, 0x00, 0x00, 0x00, 0x00, 0x00, 0x00, 0x00, 0x00, 0x00, 0x00,
    0x00, 0x00, 0x00, 0x00, 0x00, 0x00, 0x00, 0x00, 0x00, 0x00, 0x00, 0x00, 0x00, 0x00, 0x00, 0x48, 0xff, 0x5c, 0x00, 0x00,
    0x48, 0xff, 0x5c, 0x00, 0x00, 0x00, 0x00, 0x19, 0xfe, 0x3b, 0x00, 0x00, 0x00, 0x69, 0xe9, 0x02, 0x00, 0x00, 0x00, 0xb9,
    0x9b, 0x00, 0x00, 0x00, 0x0e, 0xf9, 0x4b, 0x00, 0x00, 0x00, 0x59, 0xf3, 0x07, 0x00, 0x00, 0x00, 0xa9, 0xab, 0x00, 0x00,
    0x00, 0x06, 0xf1, 0x5b, 0x00, 0x00, 0x00, 0x49, 0xfa, 0x10, 0x00, 0x00, 0x00, 0x99, 0xbb, 0x00, 0x00, 0x00, 0x01, 0xe6,
    0x6b, 0x00, 0x00, 0x00, 0x39, 0xff, 0x1c, 0x00, 0x00, 0x00, 0x89, 0xcb, 0x00, 0x00, 0x00, 0x00, 0xd8, 0x7b, 0x00, 0x00,
    0x00, 0x00, 0x00, 0x00, 0x16, 0xa3, 0xee, 0xf4, 0xb9, 0x2b, 0x00, 0x00, 0x00, 0x05, 0xd0, 0xc7, 0x20, 0x13, 0xa6, 0xeb,
    0x19, 0x00, 0x00, 0x5f, 0xff, 0x29, 0x00, 0x00, 0x0c, 0xf1, 0x8e, 0x00, 0x00, 0xad, 0xdc, 0x00, 0x00, 0x00, 0x00, 0xaf,
    0xdd, 0x00, 0x00, 0xd8, 0xb6, 0x00, 0x00, 0x00, 0x00, 0x88, 0xfe, 0x09, 0x00, 0xea, 0xa7, 0x00, 0x00, 0x00, 0x00, 0x78,
    0xff, 0x19, 0x00, 0xeb, 0xa7, 0x00, 0x00, 0x00, 0x00, 0x79, 0xff, 0x19, 0x00, 0xd9, 0xb6, 0x00, 0x00, 0x00, 0x00, 0x88,
    0xfe, 0x09, 0x00, 0xae, 0xdc, 0x00, 0x00, 0x00, 0x00, 0xaf, 0xdd, 0x00, 0x00, 0x60, 0xff, 0x29, 0x00, 0x00, 0x0c, 0xf1,
    0x8f, 0x00, 0x00, 0x05, 0xd2, 0xc7, 0x20, 0x13, 0xa6, 0xec, 0x1b, 0x00, 0x00, 0x00, 0x17, 0xa4, 0xef, 0xf5, 0xba, 0x2c,
    0x00, 0x00, 0x00, 0x02, 0x43, 0x9f, 0xf2, 0xff, 0x20, 0x00, 0x00, 0x00, 0x00, 0x39, 0xbd, 0x62, 0x7e, 0xff, 0x20, 0x00,
    0x00, 0x00, 0x00, 0x00, 0x00, 0x00, 0x70, 0xff, 0x20, 0x00, 0x00, 0x00, 0x00, 0x00, 0x00, 0x00, 0x70, 0xff, 0x20, 0x00,
    0x00, 0x00, 0x00, 0x00, 0x00, 0x00, 0x70, 0xff, 0x20, 0x00, 0x00, 0x00, 0x00, 0x00, 0x00, 0x00, 0x70, 0xff, 0x20, 0x00,
    0x00, 0x00, 0x00, 0x00, 0x00, 0x00, 0x70, 0xff, 0x20, 0x00, 0x00, 0x00, 0x00, 0x00, 0x00, 0x00, 0x70, 0xff, 0x20, 0x00,
    0x00, 0x00, 0x00, 0x00, 0x00, 0x00, 0x70, 0xff, 0x20, 0x00, 0x00, 0x00, 0x00, 0x00, 0x00, 0x00, 0x70, 0xff, 0x20, 0x00,
    0x00, 0x00, 0x00, 0x00, 0x00, 0x00, 0x70, 0xff, 0x20, 0x00, 0x00, 0x00, 0x00, 0x04, 0xff, 0xff, 0xff, 0xff, 0xff, 0xff,
    0xb4, 0x00, 0x00, 0x1e, 0x86, 0xd3, 0xf5, 0xdc, 0x92, 0x13, 0x00, 0x00, 0x00, 0xc0, 0xd6, 0x47, 0x0b, 0x35, 0xd4, 0xd9,
    0x0a, 0x00, 0x00, 0x7b, 0x0b, 0x00, 0x00, 0x00, 0x3c, 0xff, 0x5e, 0x00, 0x00, 0x00, 0x00, 0x00, 0x00, 0x00, 0x1a, 0xff,
    0x7d, 0x00, 0x00, 0x00, 0x00, 0x00, 0x00, 0x00, 0x62, 0xff, 0x5b, 0x00, 0x00, 0x00, 0x00, 0x00, 0x00, 0x14, 0xe5, 0xe2,
    0x09, 0x00, 0x00, 0x00, 0x00, 0x00, 0x05, 0xbd, 0xfa, 0x40, 0x00, 0x00, 0x00, 0x00, 0x00, 0x01, 0xa6, 0xfe, 0x5a, 0x00,
    0x00, 0x00, 0x00, 0x00, 0x00, 0x8f, 0xff, 0x6b, 0x00, 0x00, 0x00, 0x00, 0x00, 0x00, 0x79, 0xff, 0x7b, 0x00, 0x00, 0x00,
    0x00, 0x00, 0x00, 0x61, 0xff, 0x8c, 0x00, 0x00, 0x00, 0x00, 0x00, 0x00, 0x00, 0xd4, 0xff, 0xff, 0xff, 0xff, 0xff, 0xff,
    0x94, 0x00, 0x00, 0x0a, 0x69, 0xc8, 0xf3, 0xe7, 0xb3, 0x38, 0x00, 0x00, 0x00, 0x60, 0x8a, 0x33, 0x0b, 0x23, 0xac, 0xfa,
    0x35, 0x00, 0x00, 0x00, 0x00, 0x00, 0x00, 0x00, 0x0d, 0xfd, 0x91, 0x00, 0x00, 0x00, 0x00, 0x00, 0x00, 0x00, 0x0a, 0xfc,
    0x87, 0x00, 0x00, 0x00, 0x00, 0x00, 0x01, 0x1e, 0xa3, 0xe7, 0x1f, 0x00, 0x00, 0x00, 0x00, 0xc4, 0xff, 0xff, 0xe7, 0x3a,
    0x00, 0x00, 0x00, 0x00, 0x00, 0x00, 0x03, 0x24, 0xa5, 0xf6, 0x3f, 0x00, 0x00, 0x00, 0x00, 0x00, 0x00, 0x00, 0x04, 0xde,
    0xc0, 0x00, 0x00, 0x00, 0x00, 0x00, 0x00, 0x00, 0x00, 0xb7, 0xe0, 0x00, 0x00, 0x00, 0x00, 0x00, 0x00, 0x00, 0x07, 0xe3,
    0xba, 0x00, 0x00, 0x9e, 0x5a, 0x1e, 0x09, 0x2e, 0xb0, 0xf8, 0x3b, 0x00, 0x00, 0x24, 0x98, 0xdd, 0xf7, 0xdc, 0xa3, 0x29,
    0x00, 0x00, 0x00, 0x00, 0x00, 0x00, 0x00, 0xaf, 0xff, 0xa0, 0x00, 0x00, 0x00, 0x00, 0x00, 0x00, 0x56, 0xee, 0xf9, 0xa0,
    0x00, 0x00, 0x00, 0x00, 0x00, 0x13, 0xe9, 0x68, 0xf4, 0xa0, 0x00, 0x00, 0x00, 0x00, 0x00, 0xa3, 0xca, 0x02, 0xf4, 0xa0,
    0x00, 0x00, 0x00, 0x00, 0x49, 0xfd, 0x34, 0x00, 0xf4, 0xa0, 0x00, 0x00, 0x00, 0x0d, 0xe2, 0x95, 0x00, 0x00, 0xf4, 0xa0,
    0x00, 0x00, 0x00, 0x97, 0xe9, 0x10, 0x00, 0x00, 0xf4, 0xa0, 0x00, 0x00, 0x27, 0xfe, 0x5d, 0x00, 0x00, 0x00, 0xf4, 0xa0,
    0x00, 0x00, 0x38, 0xff, 0xff, 0xff, 0xff, 0xff, 0xff, 0xff, 0xff, 0x48, 0x00, 0x00, 0x00, 0x00, 0x00, 0x00, 0xf4, 0xa0,
    0x00, 0x00, 0x00, 0x00, 0x00, 0x00, 0x00, 0x00, 0xf4, 0xa0, 0x00, 0x00, 0x00, 0x00, 0x00, 0x00, 0x00, 0x00, 0xf4, 0xa0,
    0x00, 0x00, 0x00, 0x44, 0xff, 0xff, 0xff, 0xff, 0xff, 0xec, 0x00, 0x00, 0x00, 0x44, 0xff, 0x2c, 0x00, 0x00, 0x00, 0x00,
    0x00, 0x00, 0x00, 0x44, 0xff, 0x2c, 0x00, 0x00, 0x00, 0x00, 0x00, 0x00, 0x00, 0x44, 0xff, 0x2c, 0x00, 0x00, 0x00, 0x00,
    0x00, 0x00, 0x00, 0x44, 0xff, 0xeb, 0xfb, 0xe7, 0x9f, 0x1b, 0x00, 0x00, 0x00, 0x3d, 0x83, 0x27, 0x0d, 0x45, 0xdb, 0xe3,
    0x15, 0x00, 0x00, 0x00, 0x00, 0x00, 0x00, 0x00, 0x2d, 0xfe, 0x85, 0x00, 0x00, 0x00, 0x00, 0x00, 0x00, 0x00, 0x00, 0xe1,
    0xbc, 0x00, 0x00, 0x00, 0x00, 0x00, 0x00, 0x00, 0x00, 0xe1, 0xbc, 0x00, 0x00, 0x00, 0x00, 0x00, 0x00, 0x00, 0x2c, 0xfe,
    0x86, 0x00, 0x00, 0x9c, 0x5c, 0x1f, 0x0c, 0x43, 0xd9, 0xe4, 0x16, 0x00, 0x00, 0x24, 0x99, 0xde, 0xfa, 0xe3, 0x9b, 0x1a,
    0x00, 0x00, 0x00, 0x00, 0x00, 0x4a, 0xc1, 0xf3, 0xe3, 0x8a, 0x0d, 0x00, 0x00, 0x00, 0x67, 0xf1, 0x5d, 0x0e, 0x12, 0x72,
    0x5e, 0x00, 0x00, 0x20, 0xf7, 0x5b, 0x00, 0x00, 0x00, 0x00, 0x00, 0x00, 0x00, 0x82, 0xf0, 0x04, 0x00, 0x00, 0x00, 0x00,
    0x00, 0x00, 0x00, 0xbe, 0xc4, 0x7a, 0xe0, 0xf9, 0xd8, 0x6a, 0x00, 0x00, 0x00, 0xd8, 0xfc, 0xda, 0x35, 0x10, 0x6f, 0xff,
    0x74, 0x00, 0x00, 0xda, 0xff, 0x47, 0x00, 0x00, 0x00, 0xb3, 0xed, 0x02, 0x00, 0xc7, 0xff, 0x0c, 0x00, 0x00, 0x00, 0x78,
    0xff, 0x21, 0x00, 0x9c, 0xff, 0x0c, 0x00, 0x00, 0x00, 0x79, 0xff, 0x21, 0x00, 0x4b, 0xff, 0x46, 0x00, 0x00, 0x00, 0xb2,
    0xea, 0x02, 0x00, 0x01, 0xbe, 0xd9, 0x33, 0x0f, 0x6d, 0xfe, 0x69, 0x00, 0x00, 0x00, 0x0e, 0x94, 0xe8, 0xf9, 0xd3, 0x5e,
    0x00, 0x00, 0x00, 0xb0, 0xff, 0xff, 0xff, 0xff, 0xff, 0xff, 0xcb, 0x00, 0x00, 0x00, 0x00, 0x00, 0x00, 0x00, 0x43, 0xff,
    0x82, 0x00, 0x00, 0x00, 0x00, 0x00, 0x00, 0x00, 0x9f, 0xff, 0x23, 0x00, 0x00, 0x00, 0x00, 0x00, 0x00, 0x09, 0xf2, 0xc2,
    0x00, 0x00, 0x00, 0x00, 0x00, 0x00, 0x00, 0x59, 0xff, 0x62, 0x00, 0x00, 0x00, 0x00, 0x00, 0x00, 0x00, 0xb5, 0xf5, 0x0d,
    0x00, 0x00, 0x00, 0x00, 0x00, 0x00, 0x16, 0xfb, 0xa2, 0x00, 0x00, 0x00, 0x00, 0x00, 0x00, 0x00, 0x6f, 0xff, 0x43, 0x00,
    0x00, 0x00, 0x00, 0x00, 0x00, 0x00, 0xcc, 0xe1, 0x01, 0x00, 0x00, 0x00, 0x00, 0x00, 0x00, 0x28, 0xff, 0x83, 0x00, 0x00,
    0x00, 0x00, 0x00, 0x00, 0x00, 0x85, 0xff, 0x24, 0x00, 0x00, 0x00, 0x00, 0x00, 0x00, 0x01, 0xe0, 0xc3, 0x00, 0x00, 0x00,
    0x00, 0x00, 0x00, 0x00, 0x42, 0xbe, 0xec, 0xf2, 0xcb, 0x5c, 0x00, 0x00, 0x00, 0x37, 0xfa, 0x9e, 0x18, 0x0f, 0x7a, 0xff,
    0x5e, 0x00, 0x00, 0x8e, 0xfd, 0x0a, 0x00, 0x00, 0x00, 0xd7, 0xb9, 0x00, 0x00, 0x8a, 0xfc, 0x0a, 0x00, 0x00, 0x00, 0xd8,
    0xb5, 0x00, 0x00, 0x21, 0xe8, 0x9e, 0x17, 0x0f, 0x79, 0xf6, 0x3f, 0x00, 0x00, 0x00, 0x37, 0xe5, 0xff, 0xff, 0xf5, 0x57,
    0x00, 0x00, 0x00, 0x39, 0xf3, 0x96, 0x1a, 0x11, 0x72, 0xfc, 0x5f, 0x00, 0x00, 0xbb, 0xdc, 0x02, 0x00, 0x00, 0x00, 0xb1,
    0xeb, 0x00, 0x00, 0xe1, 0xb5, 0x00, 0x00, 0x00, 0x00, 0x86, 0xff, 0x10, 0x00, 0xc4, 0xdc, 0x02, 0x00, 0x00, 0x00, 0xb1,
    0xf1, 0x02, 0x00, 0x55, 0xff, 0x93, 0x18, 0x11, 0x72, 0xff, 0x83, 0x00, 0x00, 0x00, 0x48, 0xc1, 0xec, 0xf1, 0xcd, 0x63,
    0x02, 0x00, 0x00, 0x00, 0x40, 0xc3, 0xf6, 0xef, 0xa9, 0x1d, 0x00, 0x00, 0x00, 0x3d, 0xfb, 0x97, 0x16, 0x22, 0xbe, 0xdd,
    0x0e, 0x00, 0x00, 0xbc, 0xdf, 0x04, 0x00, 0x00, 0x1c, 0xfb, 0x7a, 0x00, 0x00, 0xf1, 0xa8, 0x00, 0x00, 0x00, 0x00, 0xdc,
    0xcb, 0x00, 0x00, 0xf2, 0xa7, 0x00, 0x00, 0x00, 0x00, 0xdd, 0xf6, 0x00, 0x00, 0xc2, 0xde, 0x03, 0x00, 0x00, 0x1b, 0xfb,
    0xff, 0x09, 0x00, 0x49, 0xfe, 0x95, 0x15, 0x21, 0xbb, 0xfb, 0xff, 0x07, 0x00, 0x00, 0x4f, 0xcd, 0xf9, 0xeb, 0x8c, 0x9c,
    0xee, 0x00, 0x00, 0x00, 0x00, 0x00, 0x00, 0x00, 0x00, 0xc7, 0xb2, 0x00, 0x00, 0x00, 0x00, 0x00, 0x00, 0x00, 0x2e, 0xfe,
    0x49, 0x00, 0x00, 0x37, 0x8a, 0x23, 0x08, 0x46, 0xdf, 0x99, 0x00, 0x00, 0x00, 0x04, 0x70, 0xd9, 0xf7, 0xd2, 0x6a, 0x01,
    0x00, 0x00, 0x00, 0x20, 0xff, 0x88, 0x00, 0x00, 0x20, 0xff, 0x88, 0x00, 0x00, 0x00, 0x00, 0x00, 0x00, 0x00, 0x00, 0x00,
    0x00, 0x00, 0x00, 0x00, 0x00, 0x00, 0x00, 0x00, 0x00, 0x00, 0x00, 0x00, 0x00, 0x20, 0xff, 0x88, 0x00, 0x00, 0x20, 0xff,
    0x88, 0x00, 0x00, 0x20, 0xff, 0x88, 0x00, 0x00, 0x20, 0xff, 0x88, 0x00, 0x00, 0x00, 0x00, 0x00, 0x00, 0x00, 0x00, 0x00,
    0x00, 0x00, 0x00, 0x00, 0x00, 0x00, 0x00, 0x00, 0x00, 0x00, 0x00, 0x00, 0x00, 0x20, 0xff, 0x88, 0x00, 0x00, 0x2b, 0xff,
    0x70, 0x00, 0x00, 0x66, 0xee, 0x0d, 0x00, 0x00, 0xa5, 0x7e, 0x00, 0x00, 0x00, 0x00, 0x00, 0x00, 0x00, 0x00, 0x00, 0x00,
    0x00, 0x28, 0x88, 0x9e, 0x00, 0x00, 0x00, 0x00, 0x00, 0x00, 0x00, 0x0e, 0x64, 0xc6, 0xff, 0xed, 0x74, 0x00, 0x00, 0x00,
    0x00, 0x01, 0x40, 0xa1, 0xf5, 0xfc, 0xb5, 0x55, 0x07, 0x00, 0x00, 0x00, 0x12, 0x7d, 0xdd, 0xff, 0xd3, 0x74, 0x18, 0x00,
    0x00, 0x00, 0x00, 0x00, 0x00, 0x4c, 0xff, 0xf4, 0x5f, 0x00, 0x00, 0x00, 0x00, 0x00, 0x00, 0x00, 0x00, 0x00, 0x12, 0x7e,
    0xde, 0xff, 0xcc, 0x6e, 0x14, 0x00, 0x00, 0x00, 0x00, 0x00, 0x00, 0x00, 0x00, 0x01, 0x41, 0xa2, 0xf5, 0xfa, 0xb0, 0x51,
    0x06, 0x00, 0x00, 0x00, 0x00, 0x00, 0x00, 0x00, 0x00, 0x0e, 0x65, 0xc7, 0xff, 0xed, 0x74, 0x00, 0x00, 0x00, 0x00, 0x00,
    0x00, 0x00, 0x00, 0x00, 0x00, 0x28, 0x89, 0x9e, 0x00, 0x00, 0x4c, 0xff, 0xff, 0xff, 0xff, 0xff, 0xff, 0xff, 0xff, 0xff,
    0xb8, 0x00, 0x00, 0x00, 0x00, 0x00, 0x00, 0x00, 0x00, 0x00, 0x00, 0x00, 0x00, 0x00, 0x00, 0x00, 0x00, 0x00, 0x00, 0x00,
    0x00, 0x00, 0x00, 0x00, 0x00, 0x00, 0x00, 0x00, 0x00, 0x4c, 0xff, 0xff, 0xff, 0xff, 0xff, 0xff, 0xff, 0xff, 0xff, 0xb8,
    0x00, 0x00, 0x00, 0x00, 0x00, 0x00, 0x00, 0x00, 0x00, 0x00, 0x00, 0x00, 0x00, 0x00, 0x00, 0x00, 0x00, 0x00, 0x00, 0x00,
    0x00, 0x00, 0x00, 0x00, 0x00, 0x00, 0x00, 0x00, 0x00, 0x00, 0x00, 0x00, 0x00, 0x00, 0x00, 0x00, 0x00, 0x00, 0x00, 0x00,
    0x00, 0x47, 0xb2, 0x50, 0x05, 0x00, 0x00, 0x00, 0x00, 0x00, 0x00, 0x00, 0x00, 0x00, 0x2a, 0xcd, 0xff, 0xe9, 0x8d, 0x2c,
    0x00, 0x00, 0x00, 0x00, 0x00, 0x00, 0x00, 0x00, 0x00, 0x2c, 0x8d, 0xe8, 0xff, 0xca, 0x69, 0x10, 0x00, 0x00, 0x00, 0x00,
    0x00, 0x00, 0x00, 0x00, 0x04, 0x4d, 0xad, 0xf9, 0xf7, 0xa6, 0x3b, 0x00, 0x00, 0x00, 0x00, 0x00, 0x00, 0x00, 0x00, 0x00,
    0x21, 0xca, 0xff, 0xb8, 0x00, 0x00, 0x00, 0x00, 0x00, 0x00, 0x02, 0x46, 0xa5, 0xf6, 0xf7, 0xa7, 0x3c, 0x00, 0x00, 0x00,
    0x00, 0x2a, 0x89, 0xe5, 0xff, 0xcb, 0x6a, 0x10, 0x00, 0x00, 0x00, 0x00, 0x2a, 0xcb, 0xff, 0xea, 0x8e, 0x2c, 0x00, 0x00,
    0x00, 0x00, 0x00, 0x00, 0x00, 0x47, 0xb3, 0x51, 0x05, 0x00, 0x00, 0x00, 0x00, 0x00, 0x00, 0x00, 0x00, 0x00, 0x2d, 0xa7,
    0xe2, 0xf3, 0xc2, 0x37, 0x00, 0x00, 0x00, 0xaa, 0x56, 0x0d, 0x1a, 0xb5, 0xf0, 0x17, 0x00, 0x00, 0x00, 0x00, 0x00, 0x00,
    0x43, 0xff, 0x51, 0x00, 0x00, 0x00, 0x00, 0x00, 0x00, 0x83, 0xff, 0x34, 0x00, 0x00, 0x00, 0x00, 0x00, 0x54, 0xfd, 0x92,
    0x00, 0x00, 0x00, 0x00, 0x00, 0x35, 0xf8, 0xa3, 0x01, 0x00, 0x00, 0x00, 0x00, 0x00, 0xb8, 0xd8, 0x06, 0x00, 0x00, 0x00,
    0x00, 0x00, 0x00, 0xdf, 0x9b, 0x00, 0x00, 0x00, 0x00, 0x00, 0x00, 0x00, 0xe4, 0x98, 0x00, 0x00, 0x00, 0x00, 0x00, 0x00,
    0x00, 0x00, 0x00, 0x00, 0x00, 0x00, 0x00, 0x00, 0x00, 0x00, 0xf0, 0xa4, 0x00, 0x00, 0x00, 0x00, 0x00, 0x00, 0x00, 0xf0,
    0xa4, 0x00, 0x00, 0x00, 0x00, 0x00, 0x00, 0x00, 0x00, 0x0e, 0x77, 0xc6, 0xee, 0xf6, 0xdb, 0x95, 0x2d, 0x00, 0x00, 0x00,
    0x00, 0x00, 0x00, 0x00, 0x47, 0xe9, 0xa1, 0x41, 0x0f, 0x08, 0x2a, 0x7f, 0xee, 0x7d, 0x00, 0x00, 0x00, 0x00, 0x00, 0x48,
    0xed, 0x46, 0x00, 0x00, 0x00, 0x00, 0x00, 0x00, 0x1f, 0xdc, 0x7b, 0x00, 0x00, 0x00, 0x0e, 0xeb, 0x4d, 0x00, 0x10, 0xac,
    0xf7, 0xe6, 0x82, 0xca, 0x54, 0x28, 0xf8, 0x2c, 0x00, 0x00, 0x75, 0xb7, 0x00, 0x00, 0xa4, 0xca, 0x22, 0x1f, 0xc3, 0xff,
    0x54, 0x00, 0xa0, 0x93, 0x00, 0x00, 0xc1, 0x5d, 0x00, 0x15, 0xfd, 0x37, 0x00, 0x00, 0x2c, 0xff, 0x54, 0x00, 0x60, 0xce,
    0x00, 0x00, 0xe4, 0x36, 0x00, 0x3b, 0xfd, 0x04, 0x00, 0x00, 0x00, 0xf6, 0x54, 0x00, 0x44, 0xde, 0x00, 0x00, 0xe5, 0x33,
    0x00, 0x3c, 0xfd, 0x04, 0x00, 0x00, 0x00, 0xf6, 0x54, 0x00, 0x5e, 0xc3, 0x00, 0x00, 0xc4, 0x5a, 0x00, 0x15, 0xfd, 0x34,
    0x00, 0x00, 0x29, 0xff, 0x54, 0x00, 0xb9, 0x73, 0x00, 0x00, 0x7c, 0xb1, 0x00, 0x00, 0xa4, 0xc6, 0x21, 0x1c, 0xbe, 0xff,
    0x69, 0x90, 0xc5, 0x07, 0x00, 0x00, 0x13, 0xf0, 0x43, 0x00, 0x11, 0xad, 0xf6, 0xdd, 0x85, 0xc3, 0xd4, 0x7c, 0x08, 0x00,
    0x00, 0x00, 0x00, 0x51, 0xeb, 0x39, 0x00, 0x00, 0x00, 0x00, 0x00, 0x00, 0x00, 0x00, 0x00, 0x00, 0x00, 0x00, 0x00, 0x00,
    0x52, 0xec, 0x96, 0x39, 0x0d, 0x0c, 0x2c, 0x6b, 0xd3, 0x3c, 0x00, 0x00, 0x00, 0x00, 0x00, 0x00, 0x00, 0x15, 0x83, 0xce,
    0xf2, 0xf5, 0xda, 0xb5, 0x62, 0x0f, 0x00, 0x00, 0x00, 0x00, 0x00, 0x00, 0x00, 0x9c, 0xff, 0x8e, 0x00, 0x00, 0x00, 0x00,
    0x00, 0x00, 0x00, 0x09, 0xf1, 0xf7, 0xe9, 0x04, 0x00, 0x00, 0x00, 0x00, 0x00, 0x00, 0x5a, 0xff, 0x72, 0xff, 0x4c, 0x00,
    0x00, 0x00, 0x00, 0x00, 0x00, 0xb9, 0xda, 0x02, 0xe7, 0xaa, 0x00, 0x00, 0x00, 0x00, 0x00, 0x1a, 0xfd, 0x83, 0x00, 0x92,
    0xf8, 0x11, 0x00, 0x00, 0x00, 0x00, 0x77, 0xff, 0x2c, 0x00, 0x3b, 0xff, 0x68, 0x00, 0x00, 0x00, 0x00, 0xd5, 0xd5, 0x00,
    0x00, 0x01, 0xe2, 0xc6, 0x00, 0x00, 0x00, 0x35, 0xff, 0x7f, 0x00, 0x00, 0x00, 0x8c, 0xff, 0x26, 0x00, 0x00, 0x94, 0xff,
    0xff, 0xff, 0xff, 0xff, 0xff, 0xff, 0x84, 0x00, 0x06, 0xec, 0xae, 0x00, 0x00, 0x00, 0x00, 0x00, 0xb7, 0xe1, 0x01, 0x52,
    0xff, 0x53, 0x00, 0x00, 0x00, 0x00, 0x00, 0x5c, 0xff, 0x41, 0xb1, 0xf1, 0x08, 0x00, 0x00, 0x00, 0x00, 0x00, 0x0c, 0xf5,
    0xa0, 0x00, 0x6c, 0xff, 0xff, 0xff, 0xfd, 0xe4, 0xa7, 0x24, 0x00, 0x00, 0x00, 0x6c, 0xff, 0x28, 0x00, 0x04, 0x2d, 0xcd,
    0xe1, 0x0d, 0x00, 0x00, 0x6c, 0xff, 0x28, 0x00, 0x00, 0x00, 0x4e, 0xff, 0x46, 0x00, 0x00, 0x6c, 0xff, 0x28, 0x00, 0x00,
    0x00, 0x4e, 0xff, 0x48, 0x00, 0x00, 0x6c, 0xff, 0x28, 0x00, 0x03, 0x2b, 0xca, 0xda, 0x08, 0x00, 0x00, 0x6c, 0xff, 0xff,
    0xff, 0xff, 0xff, 0xde, 0x2e, 0x00, 0x00, 0x00, 0x6c, 0xff, 0x28, 0x00, 0x01, 0x1e, 0xa1, 0xee, 0x2b, 0x00, 0x00, 0x6c,
    0xff, 0x28, 0x00, 0x00, 0x00, 0x08, 0xf3, 0xa6, 0x00, 0x00, 0x6c, 0xff, 0x28, 0x00, 0x00, 0x00, 0x00, 0xd9, 0xcf, 0x00,
    0x00, 0x6c, 0xff, 0x28, 0x00, 0x00, 0x00, 0x08, 0xf3, 0xb8, 0x00, 0x00, 0x6c, 0xff, 0x28, 0x00, 0x01, 0x1e, 0xa1, 0xfe,
    0x4b, 0x00, 0x00, 0x6c, 0xff, 0xff, 0xff, 0xff, 0xe8, 0xba, 0x3f, 0x00, 0x00, 0x00, 0x00, 0x00, 0x37, 0xa9, 0xe5, 0xf9,
    0xe2, 0xbb, 0x59, 0x05, 0x00, 0x00, 0x6c, 0xfd, 0x93, 0x29, 0x07, 0x1e, 0x7b, 0xf7, 0x50, 0x00, 0x39, 0xfd, 0x82, 0x00,
    0x00, 0x00, 0x00, 0x00, 0x37, 0x42, 0x00, 0xaf, 0xef, 0x08, 0x00, 0x00, 0x00, 0x00, 0x00, 0x00, 0x00, 0x00, 0xf1, 0xb3,
    0x00, 0x00, 0x00, 0x00, 0x00, 0x00, 0x00, 0x00, 0x0f, 0xff, 0x97, 0x00, 0x00, 0x00, 0x00, 0x00, 0x00, 0x00, 0x00, 0x0f,
    0xff, 0x96, 0x00, 0x00, 0x00, 0x00, 0x00, 0x00, 0x00, 0x00, 0x00, 0xf1, 0xb3, 0x00, 0x00, 0x00, 0x00, 0x00, 0x00, 0x00,
    0x00, 0x00, 0xaf, 0xef, 0x08, 0x00, 0x00, 0x00, 0x00, 0x00, 0x00, 0x00, 0x00, 0x39, 0xfd, 0x7f, 0x00, 0x00, 0x00, 0x00,
    0x00, 0x36, 0x42, 0x00, 0x00, 0x6d, 0xfd, 0x91, 0x28, 0x06, 0x1d, 0x7a, 0xf7, 0x50, 0x00, 0x00, 0x00, 0x38, 0xaa, 0xe6,
    0xfa, 0xe3, 0xbb, 0x5a, 0x05, 0x00, 0x6c, 0xff, 0xff, 0xff, 0xf5, 0xdf, 0xae, 0x54, 0x01, 0x00, 0x00, 0x00, 0x6c, 0xff,
    0x28, 0x00, 0x08, 0x27, 0x77, 0xf3, 0xb9, 0x08, 0x00, 0x00, 0x6c, 0xff, 0x28, 0x00, 0x00, 0x00, 0x00, 0x39, 0xfb, 0x91,
    0x00, 0x00, 0x6c, 0xff, 0x28, 0x00, 0x00, 0x00, 0x00, 0x00, 0xac, 0xf7, 0x0a, 0x00, 0x6c, 0xff, 0x28, 0x00, 0x00, 0x00,
    0x00, 0x00, 0x69, 0xff, 0x3e, 0x00, 0x6c, 0xff, 0x28, 0x00, 0x00, 0x00, 0x00, 0x00, 0x4f, 0xff, 0x57, 0x00, 0x6c, 0xff,
    0x28, 0x00, 0x00, 0x00, 0x00, 0x00, 0x50, 0xff, 0x56, 0x00, 0x6c, 0xff, 0x28, 0x00, 0x00, 0x00, 0x00, 0x00, 0x6a, 0xff,
    0x3d, 0x00, 0x6c, 0xff, 0x28, 0x00, 0x00, 0x00, 0x00, 0x00, 0xac, 0xf7, 0x0a, 0x00, 0x6c, 0xff, 0x28, 0x00, 0x00, 0x00,
    0x00, 0x38, 0xfb, 0x91, 0x00, 0x00, 0x6c, 0xff, 0x28, 0x00, 0x07, 0x26, 0x76, 0xf3, 0xb9, 0x08, 0x00, 0x00, 0x6c, 0xff,
    0xff, 0xff, 0xf6, 0xe0, 0xae, 0x54, 0x01, 0x00, 0x00, 0x00, 0x6c, 0xff, 0xff, 0xff, 0xff, 0xff, 0xff, 0xf4, 0x00, 0x00,
    0x6c, 0xff, 0x28, 0x00, 0x00, 0x00, 0x00, 0x00, 0x00, 0x00, 0x6c, 0xff, 0x28, 0x00, 0x00, 0x00, 0x00, 0x00, 0x00, 0x00,
    0x6c, 0xff, 0x28, 0x00, 0x00, 0x00, 0x00, 0x00, 0x00, 0x00, 0x6c, 0xff, 0x28, 0x00, 0x00, 0x00, 0x00, 0x00, 0x00, 0x00,
    0x6c, 0xff, 0xff, 0xff, 0xff, 0xff, 0xff, 0xb4, 0x00, 0x00, 0x6c, 0xff, 0x28, 0x00, 0x00, 0x00, 0x00, 0x00, 0x00, 0x00,
    0x6c, 0xff, 0x28, 0x00, 0x00, 0x00, 0x00, 0x00, 0x00, 0x00, 0x6c, 0xff, 0x28, 0x00, 0x00, 0x00, 0x00, 0x00, 0x00, 0x00,
    0x6c, 0xff, 0x28, 0x00, 0x00, 0x00, 0x00, 0x00, 0x00, 0x00, 0x6c, 0xff, 0x28, 0x00, 0x00, 0x00, 0x00, 0x00, 0x00, 0x00,
    0x6c, 0xff, 0xff, 0xff, 0xff, 0xff, 0xff, 0xff, 0x18, 0x00, 0x6c, 0xff, 0xff, 0xff, 0xff, 0xff, 0xff, 0x48, 0x00, 0x6c,
    0xff, 0x28, 0x00, 0x00, 0x00, 0x00, 0x00, 0x00, 0x6c, 0xff, 0x28, 0x00, 0x00, 0x00, 0x00, 0x00, 0x00, 0x6c, 0xff, 0x28,
    0x00, 0x00, 0x00, 0x00, 0x00, 0x00, 0x6c, 0xff, 0x28, 0x00, 0x00, 0x00, 0x00, 0x00, 0x00, 0x6c, 0xff, 0xff, 0xff, 0xff,
    0xff, 0xc8, 0x00, 0x00, 0x6c, 0xff, 0x28, 0x00, 0x00, 0x00, 0x00, 0x00, 0x00, 0x6c, 0xff, 0x28, 0x00, 0x00, 0x00, 0x00,
    0x00, 0x00, 0x6c, 0xff, 0x28, 0x00, 0x00, 0x00, 0x00, 0x00, 0x00, 0x6c, 0xff, 0x28, 0x00, 0x00, 0x00, 0x00, 0x00, 0x00,
    0x6c, 0xff, 0x28, 0x00, 0x00, 0x00, 0x00, 0x00, 0x00, 0x6c, 0xff, 0x28, 0x00, 0x00, 0x00, 0x00, 0x00, 0x00, 0x00, 0x00,
    0x34, 0xa5, 0xe2, 0xf9, 0xe8, 0xca, 0x81, 0x1e, 0x00, 0x00, 0x00, 0x6c, 0xfc, 0x96, 0x2e, 0x08, 0x14, 0x58, 0xd9, 0xc8,
    0x00, 0x00, 0x3a, 0xfd, 0x7f, 0x00, 0x00, 0x00, 0x00, 0x00, 0x08, 0x7c, 0x00, 0x00, 0xb0, 0xee, 0x07, 0x00, 0x00, 0x00,
    0x00, 0x00, 0x00, 0x00, 0x00, 0x01, 0xf2, 0xb2, 0x00, 0x00, 0x00, 0x00, 0x00, 0x00, 0x00, 0x00, 0x00, 0x0f, 0xff, 0x97,
    0x00, 0x00, 0x00, 0x00, 0x00, 0x00, 0x00, 0x00, 0x00, 0x10, 0xff, 0x96, 0x00, 0x00, 0x00, 0x0c, 0xff, 0xff, 0xff, 0xff,
    0x18, 0x01, 0xf2, 0xb2, 0x00, 0x00, 0x00, 0x00, 0x00, 0x00, 0x78, 0xff, 0x18, 0x00, 0xb0, 0xee, 0x07, 0x00, 0x00, 0x00,
    0x00, 0x00, 0x78, 0xff, 0x18, 0x00, 0x3a, 0xfd, 0x7c, 0x00, 0x00, 0x00, 0x00, 0x00, 0x78, 0xff, 0x18, 0x00, 0x00, 0x6c,
    0xfc, 0x94, 0x2c, 0x07, 0x10, 0x3c, 0xc0, 0xff, 0x17, 0x00, 0x00, 0x00, 0x35, 0xa6, 0xe3, 0xf9, 0xeb, 0xd0, 0x97, 0x36,
    0x00, 0x00, 0x6c, 0xff, 0x28, 0x00, 0x00, 0x00, 0x00, 0x1c, 0xff, 0x78, 0x00, 0x00, 0x6c, 0xff, 0x28, 0x00, 0x00, 0x00,
    0x00, 0x1c, 0xff, 0x78, 0x00, 0x00, 0x6c, 0xff, 0x28, 0x00, 0x00, 0x00, 0x00, 0x1c, 0xff, 0x78, 0x00, 0x00, 0x6c, 0xff,
    0x28, 0x00, 0x00, 0x00, 0x00, 0x1c, 0xff, 0x78, 0x00, 0x00, 0x6c, 0xff, 0x28, 0x00, 0x00, 0x00, 0x00, 0x1c, 0xff, 0x78,
    0x00, 0x00, 0x6c, 0xff, 0xff, 0xff, 0xff, 0xff, 0xff, 0xff, 0xff, 0x78, 0x00, 0x00, 0x6c, 0xff, 0x28, 0x00, 0x00, 0x00,
    0x00, 0x1c, 0xff, 0x78, 0x00, 0x00, 0x6c, 0xff, 0x28, 0x00, 0x00, 0x00, 0x00, 0x1c, 0xff, 0x78, 0x00, 0x00, 0x6c, 0xff,
    0x28, 0x00, 0x00, 0x00, 0x00, 0x1c, 0xff, 0x78, 0x00, 0x00, 0x6c, 0xff, 0x28, 0x00, 0x00, 0x00, 0x00, 0x1c, 0xff, 0x78,
    0x00, 0x00, 0x6c, 0xff, 0x28, 0x00, 0x00, 0x00, 0x00, 0x1c, 0xff, 0x78, 0x00, 0x00, 0x6c, 0xff, 0x28, 0x00, 0x00, 0x00,
    0x00, 0x1c, 0xff, 0x78, 0x00, 0x00, 0x6c, 0xff, 0x28, 0x00, 0x00, 0x6c, 0xff, 0x28, 0x00, 0x00, 0x6c, 0xff, 0x28, 0x00,
    0x00, 0x6c, 0xff, 0x28, 0x00, 0x00, 0x6c, 0xff, 0x28, 0x00, 0x00, 0x6c, 0xff, 0x28, 0x00, 0x00, 0x6c, 0xff, 0x28, 0x00,
    0x00, 0x6c, 0xff, 0x28, 0x00, 0x00, 0x6c, 0xff, 0x28, 0x00, 0x00, 0x6c, 0xff, 0x28, 0x00, 0x00, 0x6c, 0xff, 0x28, 0x00,
    0x00, 0x6c, 0xff, 0x28, 0x00, 0x00, 0x00, 0x6c, 0xff, 0x28, 0x00, 0x00, 0x00, 0x6c, 0xff, 0x28, 0x00, 0x00, 0x00, 0x6c,
    0xff, 0x28, 0x00, 0x00, 0x00, 0x6c, 0xff, 0x28, 0x00, 0x00, 0x00, 0x6c, 0xff, 0x28, 0x00, 0x00, 0x00, 0x6c, 0xff, 0x28,
    0x00, 0x00, 0x00, 0x6c, 0xff, 0x28, 0x00, 0x00, 0x00, 0x6c, 0xff, 0x28, 0x00, 0x00, 0x00, 0x6c, 0xff, 0x28, 0x00, 0x00,
    0x00, 0x6c, 0xff, 0x28, 0x00, 0x00, 0x00, 0x6c, 0xff, 0x28, 0x00, 0x00, 0x00, 0x72, 0xff, 0x23, 0x00, 0x00, 0x00, 0x8f,
    0xfd, 0x0b, 0x00, 0x02, 0x33, 0xe8, 0xb5, 0x00, 0x00, 0xd3, 0xe5, 0xa0, 0x14, 0x00, 0x00, 0x00, 0x6c, 0xff, 0x28, 0x00,
    0x00, 0x00, 0x32, 0xed, 0xd1, 0x15, 0x00, 0x6c, 0xff, 0x28, 0x00, 0x00, 0x37, 0xef, 0xcb, 0x12, 0x00, 0x00, 0x6c, 0xff,
    0x28, 0x00, 0x3d, 0xf2, 0xc5, 0x0f, 0x00, 0x00, 0x00, 0x6c, 0xff, 0x28, 0x42, 0xf4, 0xbf, 0x0c, 0x00, 0x00, 0x00, 0x00,
    0x6c, 0xff, 0x70, 0xf7, 0xb8, 0x09, 0x00, 0x00, 0x00, 0x00, 0x00, 0x6c, 0xff, 0xff, 0xdc, 0x07, 0x00, 0x00, 0x00, 0x00,
    0x00, 0x00, 0x6c, 0xff, 0xb4, 0xff, 0x80, 0x00, 0x00, 0x00, 0x00, 0x00, 0x00, 0x6c, 0xff, 0x29, 0x9a, 0xff, 0x78, 0x00,
    0x00, 0x00, 0x00, 0x00, 0x6c, 0xff, 0x28, 0x01, 0xa1, 0xff, 0x70, 0x00, 0x00, 0x00, 0x00, 0x6c, 0xff, 0x28, 0x00, 0x03,
    0xa8, 0xff, 0x68, 0x00, 0x00, 0x00, 0x6c, 0xff, 0x28, 0x00, 0x00, 0x04, 0xaf, 0xfe, 0x61, 0x00, 0x00, 0x6c, 0xff, 0x28,
    0x00, 0x00, 0x00, 0x06, 0xb5, 0xfd, 0x5a, 0x00, 0x6c, 0xff, 0x28, 0x00, 0x00, 0x00, 0x00, 0x00, 0x00, 0x6c, 0xff, 0x28,
    0x00, 0x00, 0x00, 0x00, 0x00, 0x00, 0x6c, 0xff, 0x28, 0x00, 0x00, 0x00, 0x00, 0x00, 0x00, 0x6c, 0xff, 0x28, 0x00, 0x00,
    0x00, 0x00, 0x00, 0x00, 0x6c, 0xff, 0x28, 0x00, 0x00, 0x00, 0x00, 0x00, 0x00, 0x6c, 0xff, 0x28, 0x00, 0x00, 0x00, 0x00,
    0x00, 0x00, 0x6c, 0xff, 0x28, 0x00, 0x00, 0x00, 0x00, 0x00, 0x00, 0x6c, 0xff, 0x28, 0x00, 0x00, 0x00, 0x00, 0x00, 0x00,
    0x6c, 0xff, 0x28, 0x00, 0x00, 0x00, 0x00, 0x00, 0x00, 0x6c, 0xff, 0x28, 0x00, 0x00, 0x00, 0x00, 0x00, 0x00, 0x6c, 0xff,
    0x28, 0x00, 0x00, 0x00, 0x00, 0x00, 0x00, 0x6c, 0xff, 0xff, 0xff, 0xff, 0xff, 0xff, 0xd4, 0x00, 0x6c, 0xff, 0xfd, 0x1b,
    0x00, 0x00, 0x00, 0x00, 0x4a, 0xff, 0xff, 0x40, 0x00, 0x00, 0x6c, 0xff, 0xf5, 0x73, 0x00, 0x00, 0x00, 0x00, 0xa4, 0xf5,
    0xff, 0x40, 0x00, 0x00, 0x6c, 0xff, 0xa7, 0xce, 0x00, 0x00, 0x00, 0x0a, 0xf4, 0xa6, 0xff, 0x40, 0x00, 0x00, 0x6c, 0xff,
    0x4d, 0xff, 0x29, 0x00, 0x00, 0x5a, 0xf4, 0x57, 0xff, 0x40, 0x00, 0x00, 0x6c, 0xff, 0x1c, 0xd6, 0x83, 0x00, 0x00, 0xb4,
    0xa5, 0x4c, 0xff, 0x40, 0x00, 0x00, 0x6c, 0xff, 0x1c, 0x7c, 0xdd, 0x00, 0x14, 0xfa, 0x4b, 0x4c, 0xff, 0x40, 0x00, 0x00,
    0x6c, 0xff, 0x1c, 0x22, 0xff, 0x39, 0x6a, 0xeb, 0x05, 0x4c, 0xff, 0x40, 0x00, 0x00, 0x6c, 0xff, 0x1c, 0x00, 0xc7, 0x94,
    0xc5, 0x96, 0x00, 0x4c, 0xff, 0x40, 0x00, 0x00, 0x6c, 0xff, 0x1c, 0x00, 0x6c, 0xf0, 0xfe, 0x3b, 0x00, 0x4c, 0xff, 0x40,
    0x00, 0x00, 0x6c, 0xff, 0x1c, 0x00, 0x15, 0xfb, 0xe0, 0x01, 0x00, 0x4c, 0xff, 0x40, 0x00, 0x00, 0x6c, 0xff, 0x1c, 0x00,
    0x00, 0x00, 0x00, 0x00, 0x00, 0x4c, 0xff, 0x40, 0x00, 0x00, 0x6c, 0xff, 0x1c, 0x00, 0x00, 0x00, 0x00, 0x00, 0x00, 0x4c,
    0xff, 0x40, 0x00, 0x00, 0x6c, 0xff, 0xe9, 0x0b, 0x00, 0x00, 0x00, 0x20, 0xff, 0x68, 0x00, 0x00, 0x6c, 0xff, 0xff, 0x79,
    0x00, 0x00, 0x00, 0x20, 0xff, 0x68, 0x00, 0x00, 0x6c, 0xff, 0xba, 0xee, 0x0f, 0x00, 0x00, 0x20, 0xff, 0x68, 0x00, 0x00,
    0x6c, 0xff, 0x3c, 0xf9, 0x81, 0x00, 0x00, 0x20, 0xff, 0x68, 0x00, 0x00, 0x6c, 0xff, 0x1c, 0x96, 0xf2, 0x13, 0x00, 0x20,
    0xff, 0x68, 0x00, 0x00, 0x6c, 0xff, 0x1c, 0x1a, 0xf7, 0x89, 0x00, 0x20, 0xff, 0x68, 0x00, 0x00, 0x6c, 0xff, 0x1c, 0x00,
    0x8e, 0xf5, 0x17, 0x20, 0xff, 0x68, 0x00, 0x00, 0x6c, 0xff, 0x1c, 0x00, 0x15, 0xf4, 0x91, 0x20, 0xff, 0x68, 0x00, 0x00,
    0x6c, 0xff, 0x1c, 0x00, 0x00, 0x86, 0xf8, 0x3c, 0xff, 0x68, 0x00, 0x00, 0x6c, 0xff, 0x1c, 0x00, 0x00, 0x11, 0xf0, 0xb9,
    0xff, 0x68, 0x00, 0x00, 0x6c, 0xff, 0x1c, 0x00, 0x00, 0x00, 0x7e, 0xff, 0xff, 0x68, 0x00, 0x00, 0x6c, 0xff, 0x1c, 0x00,
    0x00, 0x00, 0x0d, 0xec, 0xff, 0x68, 0x00, 0x00, 0x00, 0x00, 0x40, 0xb4, 0xec, 0xf9, 0xdd, 0x90, 0x16, 0x00, 0x00, 0x00,
    0x00, 0x00, 0x72, 0xfd, 0x86, 0x1d, 0x07, 0x38, 0xc7, 0xe5, 0x27, 0x00, 0x00, 0x00, 0x3a, 0xfd, 0x80, 0x00, 0x00, 0x00,
    0x00, 0x0b, 0xe0, 0xd1, 0x02, 0x00, 0x00, 0xaf, 0xf0, 0x09, 0x00, 0x00, 0x00, 0x00, 0x00, 0x6c, 0xff, 0x4b, 0x00, 0x01,
    0xf1, 0xb4, 0x00, 0x00, 0x00, 0x00, 0x00, 0x00, 0x26, 0xff, 0x8d, 0x00, 0x0f, 0xff, 0x97, 0x00, 0x00, 0x00, 0x00, 0x00,
    0x00, 0x08, 0xfe, 0xaa, 0x00, 0x10, 0xff, 0x96, 0x00, 0x00, 0x00, 0x00, 0x00, 0x00, 0x08, 0xff, 0xaa, 0x00, 0x01, 0xf2,
    0xb4, 0x00, 0x00, 0x00, 0x00, 0x00, 0x00, 0x26, 0xff, 0x8d, 0x00, 0x00, 0xb0, 0xf0, 0x08, 0x00, 0x00, 0x00, 0x00, 0x00,
    0x6c, 0xff, 0x4b, 0x00, 0x00, 0x3c, 0xfe, 0x80, 0x00, 0x00, 0x00, 0x00, 0x0b, 0xe0, 0xd2, 0x02, 0x00, 0x00, 0x00, 0x76,
    0xfd, 0x85, 0x1c, 0x07, 0x37, 0xc6, 0xe7, 0x29, 0x00, 0x00, 0x00, 0x00, 0x00, 0x43, 0xb5, 0xed, 0xf9, 0xde, 0x91, 0x18,
    0x00, 0x00, 0x00, 0x00, 0x6c, 0xff, 0xff, 0xff, 0xf3, 0xd1, 0x6f, 0x04, 0x00, 0x00, 0x6c, 0xff, 0x28, 0x00, 0x10, 0x73,
    0xff, 0x86, 0x00, 0x00, 0x6c, 0xff, 0x28, 0x00, 0x00, 0x00, 0xbf, 0xf0, 0x00, 0x00, 0x6c, 0xff, 0x28, 0x00, 0x00, 0x00,
    0x99, 0xff, 0x11, 0x00, 0x6c, 0xff, 0x28, 0x00, 0x00, 0x00, 0xbf, 0xf1, 0x00, 0x00, 0x6c, 0xff, 0x28, 0x00, 0x0f, 0x70,
    0xff, 0x88, 0x00, 0x00, 0x6c, 0xff, 0xff, 0xff, 0xf4, 0xd3, 0x73, 0x05, 0x00, 0x00, 0x6c, 0xff, 0x28, 0x00, 0x00, 0x00,
    0x00, 0x00, 0x00, 0x00, 0x6c, 0xff, 0x28, 0x00, 0x00, 0x00, 0x00, 0x00, 0x00, 0x00, 0x6c, 0xff, 0x28, 0x00, 0x00, 0x00,
    0x00, 0x00, 0x00, 0x00, 0x6c, 0xff, 0x28, 0x00, 0x00, 0x00, 0x00, 0x00, 0x00, 0x00, 0x6c, 0xff, 0x28, 0x00, 0x00, 0x00,
    0x00, 0x00, 0x00, 0x00, 0x00, 0x00, 0x40, 0xb4, 0xec, 0xf9, 0xdd, 0x90, 0x16, 0x00, 0x00, 0x00, 0x00, 0x00, 0x72, 0xfd,
    0x86, 0x1d, 0x07, 0x38, 0xc7, 0xe5, 0x27, 0x00, 0x00, 0x00, 0x3a, 0xfd, 0x80, 0x00, 0x00, 0x00, 0x00, 0x0b, 0xe0, 0xd0,
    0x01, 0x00, 0x00, 0xaf, 0xf0, 0x09, 0x00, 0x00, 0x00, 0x00, 0x00, 0x6c, 0xff, 0x49, 0x00, 0x01, 0xf1, 0xb4, 0x00, 0x00,
    0x00, 0x00, 0x00, 0x00, 0x26, 0xff, 0x8c, 0x00, 0x0f, 0xff, 0x97, 0x00, 0x00, 0x00, 0x00, 0x00, 0x00, 0x08, 0xfe, 0xa9,
    0x00, 0x10, 0xff, 0x96, 0x00, 0x00, 0x00, 0x00, 0x00, 0x00, 0x08, 0xff, 0xa7, 0x00, 0x01, 0xf2, 0xb4, 0x00, 0x00, 0x00,
    0x00, 0x00, 0x00, 0x26, 0xff, 0x8a, 0x00, 0x00, 0xb0, 0xf0, 0x08, 0x00, 0x00, 0x00, 0x00, 0x00, 0x6c, 0xff, 0x46, 0x00,
    0x00, 0x3c, 0xfe, 0x80, 0x00, 0x00, 0x00, 0x00, 0x0b, 0xe0, 0xd5, 0x02, 0x00, 0x00, 0x00, 0x75, 0xfd, 0x85, 0x1c, 0x07,
    0x37, 0xc6, 0xed, 0x28, 0x00, 0x00, 0x00, 0x00, 0x00, 0x43, 0xb5, 0xed, 0xff, 0xff, 0xcf, 0x17, 0x00, 0x00, 0x00, 0x00,
    0x00, 0x00, 0x00, 0x00, 0x00, 0x00, 0x9a, 0xfb, 0x48, 0x00, 0x00, 0x00, 0x00, 0x00, 0x00, 0x00, 0x00, 0x00, 0x00, 0x04,
    0xb9, 0xf3, 0x32, 0x00, 0x00, 0x00, 0x6c, 0xff, 0xff, 0xff, 0xf9, 0xda, 0x7f, 0x05, 0x00, 0x00, 0x00, 0x6c, 0xff, 0x28,
    0x00, 0x0f, 0x68, 0xfe, 0x87, 0x00, 0x00, 0x00, 0x6c, 0xff, 0x28, 0x00, 0x00, 0x00, 0xba, 0xf0, 0x00, 0x00, 0x00, 0x6c,
    0xff, 0x28, 0x00, 0x00, 0x00, 0x98, 0xff, 0x12, 0x00, 0x00, 0x6c, 0xff, 0x28, 0x00, 0x00, 0x00, 0xbc, 0xf6, 0x03, 0x00,
    0x00, 0x6c, 0xff, 0x28, 0x00, 0x0f, 0x6a, 0xff, 0x8a, 0x00, 0x00, 0x00, 0x6c, 0xff, 0xff, 0xff, 0xff, 0xff, 0x97, 0x02,
    0x00, 0x00, 0x00, 0x6c, 0xff, 0x28, 0x00, 0x16, 0x96, 0xf9, 0x42, 0x00, 0x00, 0x00, 0x6c, 0xff, 0x28, 0x00, 0x00, 0x01,
    0xcb, 0xdf, 0x07, 0x00, 0x00, 0x6c, 0xff, 0x28, 0x00, 0x00, 0x00, 0x45, 0xff, 0x6c, 0x00, 0x00, 0x6c, 0xff, 0x28, 0x00,
    0x00, 0x00, 0x00, 0xc6, 0xe3, 0x06, 0x00, 0x6c, 0xff, 0x28, 0x00, 0x00, 0x00, 0x00, 0x47, 0xff, 0x68, 0x00, 0x00, 0x49,
    0xbf, 0xe9, 0xf1, 0xca, 0x74, 0x11, 0x00, 0x00, 0x62, 0xff, 0x8b, 0x1c, 0x0b, 0x53, 0xe4, 0x90, 0x00, 0x00, 0xd4, 0xca,
    0x00, 0x00, 0x00, 0x00, 0x17, 0x66, 0x00, 0x00, 0xe4, 0xb1, 0x00, 0x00, 0x00, 0x00, 0x00, 0x00, 0x00, 0x00, 0xac, 0xf5,
    0x3e, 0x00, 0x00, 0x00, 0x00, 0x00, 0x00, 0x00, 0x1c, 0xc5, 0xff, 0xd8, 0xa0, 0x61, 0x13, 0x00, 0x00, 0x00, 0x00, 0x00,
    0x31, 0x75, 0xa9, 0xf2, 0xef, 0x4e, 0x00, 0x00, 0x00, 0x00, 0x00, 0x00, 0x00, 0x15, 0xd1, 0xf0, 0x0d, 0x00, 0x00, 0x00,
    0x00, 0x00, 0x00, 0x00, 0x6e, 0xff, 0x37, 0x00, 0x86, 0x05, 0x00, 0x00, 0x00, 0x00, 0x88, 0xff, 0x28, 0x00, 0xe4, 0xcf,
    0x4b, 0x0b, 0x14, 0x61, 0xf6, 0xba, 0x00, 0x00, 0x27, 0x8b, 0xd1, 0xf4, 0xf6, 0xd3, 0x80, 0x0a, 0x00, 0x0c, 0xff, 0xff,
    0xff, 0xff, 0xff, 0xff, 0xff, 0xff, 0xff, 0xd4, 0x00, 0x00, 0x00, 0x00, 0x00, 0xe8, 0xb0, 0x00, 0x00, 0x00, 0x00, 0x00,
    0x00, 0x00, 0x00, 0x00, 0xe8, 0xb0, 0x00, 0x00, 0x00, 0x00, 0x00, 0x00, 0x00, 0x00, 0x00, 0xe8, 0xb0, 0x00, 0x00, 0x00,
    0x00, 0x00, 0x00, 0x00, 0x00, 0x00, 0xe8, 0xb0, 0x00, 0x00, 0x00, 0x00, 0x00, 0x00, 0x00, 0x00, 0x00, 0xe8, 0xb0, 0x00,
    0x00, 0x00, 0x00, 0x00, 0x00, 0x00, 0x00, 0x00, 0xe8, 0xb0, 0x00, 0x00, 0x00, 0x00, 0x00, 0x00, 0x00, 0x00, 0x00, 0xe8,
    0xb0, 0x00, 0x00, 0x00, 0x00, 0x00, 0x00, 0x00, 0x00, 0x00, 0xe8, 0xb0, 0x00, 0x00, 0x00, 0x00, 0x00, 0x00, 0x00, 0x00,
    0x00, 0xe8, 0xb0, 0x00, 0x00, 0x00, 0x00, 0x00, 0x00, 0x00, 0x00, 0x00, 0xe8, 0xb0, 0x00, 0x00, 0x00, 0x00, 0x00, 0x00,
    0x00, 0x00, 0x00, 0xe8, 0xb0, 0x00, 0x00, 0x00, 0x00, 0x00, 0x9c, 0xfc, 0x00, 0x00, 0x00, 0x00, 0x00, 0x44, 0xff, 0x54,
    0x00, 0x00, 0x9c, 0xfc, 0x00, 0x00, 0x00, 0x00, 0x00, 0x44, 0xff, 0x54, 0x00, 0x00, 0x9c, 0xfc, 0x00, 0x00, 0x00, 0x00,
    0x00, 0x44, 0xff, 0x54, 0x00, 0x00, 0x9c, 0xfc, 0x00, 0x00, 0x00, 0x00, 0x00, 0x44, 0xff, 0x54, 0x00, 0x00, 0x9c, 0xfc,
    0x00, 0x00, 0x00, 0x00, 0x00, 0x44, 0xff, 0x54, 0x00, 0x00, 0x9c, 0xfc, 0x00, 0x00, 0x00, 0x00, 0x00, 0x44, 0xff, 0x54,
    0x00, 0x00, 0x9c, 0xfc, 0x00, 0x00, 0x00, 0x00, 0x00, 0x44, 0xff, 0x54, 0x00, 0x00, 0x9a, 0xfd, 0x00, 0x00, 0x00, 0x00,
    0x00, 0x46, 0xff, 0x51, 0x00, 0x00, 0x87, 0xff, 0x11, 0x00, 0x00, 0x00, 0x00, 0x5a, 0xff, 0x3e, 0x00, 0x00, 0x4b, 0xff,
    0x52, 0x00, 0x00, 0x00, 0x00, 0x9d, 0xf4, 0x0c, 0x00, 0x00, 0x02, 0xc1, 0xe5, 0x4c, 0x0f, 0x1a, 0x75, 0xfc, 0x78, 0x00,
    0x00, 0x00, 0x00, 0x0a, 0x85, 0xda, 0xf9, 0xf4, 0xc8, 0x5c, 0x00, 0x00, 0x00, 0xb1, 0xee, 0x07, 0x00, 0x00, 0x00, 0x00,
    0x00, 0x0d, 0xf5, 0xa0, 0x52, 0xff, 0x53, 0x00, 0x00, 0x00, 0x00, 0x00, 0x61, 0xff, 0x41, 0x06, 0xec, 0xb1, 0x00, 0x00,
    0x00, 0x00, 0x00, 0xbf, 0xe1, 0x01, 0x00, 0x94, 0xfa, 0x14, 0x00, 0x00, 0x00, 0x1e, 0xfe, 0x84, 0x00, 0x00, 0x35, 0xff,
    0x6b, 0x00, 0x00, 0x00, 0x7a, 0xff, 0x26, 0x00, 0x00, 0x00, 0xd5, 0xc9, 0x00, 0x00, 0x00, 0xd7, 0xc6, 0x00, 0x00, 0x00,
    0x00, 0x77, 0xff, 0x26, 0x00, 0x36, 0xff, 0x68, 0x00, 0x00, 0x00, 0x00, 0x1b, 0xfd, 0x84, 0x00, 0x94, 0xf8, 0x11, 0x00,
    0x00, 0x00, 0x00, 0x00, 0xb9, 0xe0, 0x06, 0xeb, 0xaa, 0x00, 0x00, 0x00, 0x00, 0x00, 0x00, 0x5a, 0xff, 0x8d, 0xff, 0x4c,
    0x00, 0x00, 0x00, 0x00, 0x00, 0x00, 0x09, 0xf1, 0xfe, 0xe9, 0x04, 0x00, 0x00, 0x00, 0x00, 0x00, 0x00, 0x00, 0x9c, 0xff,
    0x8f, 0x00, 0x00, 0x00, 0x00, 0x59, 0xff, 0x3e, 0x00, 0x00, 0x00, 0x17, 0xff, 0xe9, 0x00, 0x00, 0x00, 0x00, 0x6b, 0xff,
    0x2c, 0x1a, 0xff, 0x7c, 0x00, 0x00, 0x00, 0x55, 0xf5, 0xff, 0x28, 0x00, 0x00, 0x00, 0xa9, 0xec, 0x01, 0x00, 0xdd, 0xba,
    0x00, 0x00, 0x00, 0x93, 0xb3, 0xdc, 0x66, 0x00, 0x00, 0x00, 0xe6, 0xaf, 0x00, 0x00, 0x9e, 0xf3, 0x04, 0x00, 0x00, 0xd1,
    0x76, 0xa0, 0xa4, 0x00, 0x00, 0x25, 0xff, 0x71, 0x00, 0x00, 0x60, 0xff, 0x36, 0x00, 0x10, 0xfd, 0x39, 0x63, 0xe2, 0x00,
    0x00, 0x63, 0xff, 0x33, 0x00, 0x00, 0x22, 0xff, 0x74, 0x00, 0x4d, 0xf6, 0x06, 0x26, 0xff, 0x20, 0x00, 0xa1, 0xf1, 0x03,
    0x00, 0x00, 0x00, 0xe3, 0xb2, 0x00, 0x8b, 0xbf, 0x00, 0x00, 0xe9, 0x5e, 0x00, 0xdf, 0xb6, 0x00, 0x00, 0x00, 0x00, 0xa5,
    0xee, 0x01, 0xc9, 0x82, 0x00, 0x00, 0xad, 0x9c, 0x1c, 0xff, 0x78, 0x00, 0x00, 0x00, 0x00, 0x67, 0xff, 0x39, 0xfb, 0x45,
    0x00, 0x00, 0x70, 0xda, 0x5b, 0xff, 0x39, 0x00, 0x00, 0x00, 0x00, 0x28, 0xff, 0xb1, 0xfc, 0x0c, 0x00, 0x00, 0x34, 0xff,
    0xb1, 0xf5, 0x05, 0x00, 0x00, 0x00, 0x00, 0x00, 0xe9, 0xfe, 0xcb, 0x00, 0x00, 0x00, 0x03, 0xf3, 0xfe, 0xbd, 0x00, 0x00,
    0x00, 0x00, 0x00, 0x00, 0xab, 0xff, 0x8e, 0x00, 0x00, 0x00, 0x00, 0xba, 0xff, 0x7f, 0x00, 0x00, 0x00, 0x00, 0xaa, 0xf0,
    0x1a, 0x00, 0x00, 0x00, 0x03, 0xca, 0xd9, 0x09, 0x00, 0x16, 0xed, 0xaf, 0x00, 0x00, 0x00, 0x78, 0xfd, 0x39, 0x00, 0x00,
    0x00, 0x5e, 0xff, 0x55, 0x00, 0x2a, 0xf8, 0x8b, 0x00, 0x00, 0x00, 0x00, 0x00, 0xb8, 0xe8, 0x16, 0xca, 0xd8, 0x08, 0x00,
    0x00, 0x00, 0x00, 0x00, 0x1f, 0xf3, 0xe2, 0xfd, 0x38, 0x00, 0x00, 0x00, 0x00, 0x00, 0x00, 0x00, 0x7c, 0xff, 0x99, 0x00,
    0x00, 0x00, 0x00, 0x00, 0x00, 0x00, 0x05, 0xcf, 0xff, 0xdf, 0x0b, 0x00, 0x00, 0x00, 0x00, 0x00, 0x00, 0x80, 0xfc, 0x5e,
    0xf8, 0x90, 0x00, 0x00, 0x00, 0x00, 0x00, 0x31, 0xfa, 0x87, 0x00, 0x7a, 0xfd, 0x38, 0x00, 0x00, 0x00, 0x05, 0xd1, 0xd5,
    0x07, 0x00, 0x04, 0xd0, 0xd4, 0x06, 0x00, 0x00, 0x83, 0xfc, 0x34, 0x00, 0x00, 0x00, 0x33, 0xfc, 0x7f, 0x00, 0x32, 0xfb,
    0x85, 0x00, 0x00, 0x00, 0x00, 0x00, 0x8b, 0xf9, 0x2b, 0x00, 0xb4, 0xea, 0x14, 0x00, 0x00, 0x00, 0x00, 0x36, 0xfc, 0x7b,
    0x00, 0x1b, 0xf0, 0xa7, 0x00, 0x00, 0x00, 0x06, 0xd4, 0xce, 0x04, 0x00, 0x00, 0x64, 0xff, 0x4e, 0x00, 0x00, 0x81, 0xfb,
    0x30, 0x00, 0x00, 0x00, 0x00, 0xbb, 0xe6, 0x10, 0x2d, 0xfa, 0x83, 0x00, 0x00, 0x00, 0x00, 0x00, 0x20, 0xf3, 0xa1, 0xcb,
    0xd4, 0x06, 0x00, 0x00, 0x00, 0x00, 0x00, 0x00, 0x6c, 0xff, 0xfc, 0x36, 0x00, 0x00, 0x00, 0x00, 0x00, 0x00, 0x00, 0x01,
    0xed, 0xb6, 0x00, 0x00, 0x00, 0x00, 0x00, 0x00, 0x00, 0x00, 0x00, 0xe8, 0xb0, 0x00, 0x00, 0x00, 0x00, 0x00, 0x00, 0x00,
    0x00, 0x00, 0xe8, 0xb0, 0x00, 0x00, 0x00, 0x00, 0x00, 0x00, 0x00, 0x00, 0x00, 0xe8, 0xb0, 0x00, 0x00, 0x00, 0x00, 0x00,
    0x00, 0x00, 0x00, 0x00, 0xe8, 0xb0, 0x00, 0x00, 0x00, 0x00, 0x00, 0x00, 0x00, 0x00, 0x00, 0xe8, 0xb0, 0x00, 0x00, 0x00,
    0x00, 0x18, 0xff, 0xff, 0xff, 0xff, 0xff, 0xff, 0xff, 0xff, 0xff, 0x10, 0x00, 0x00, 0x00, 0x00, 0x00, 0x00, 0x00, 0x4a,
    0xfe, 0xd8, 0x05, 0x00, 0x00, 0x00, 0x00, 0x00, 0x00, 0x1e, 0xed, 0xf6, 0x2d, 0x00, 0x00, 0x00, 0x00, 0x00, 0x00, 0x05,
    0xc8, 0xff, 0x61, 0x00, 0x00, 0x00, 0x00, 0x00, 0x00, 0x00, 0x90, 0xff, 0x9e, 0x00, 0x00, 0x00, 0x00, 0x00, 0x00, 0x00,
    0x52, 0xff, 0xd2, 0x09, 0x00, 0x00, 0x00, 0x00, 0x00, 0x00, 0x23, 0xf0, 0xf3, 0x27, 0x00, 0x00, 0x00, 0x00, 0x00, 0x00,
    0x07, 0xce, 0xff, 0x58, 0x00, 0x00, 0x00, 0x00, 0x00, 0x00, 0x00, 0x99, 0xff, 0x95, 0x00, 0x00, 0x00, 0x00, 0x00, 0x00,
    0x00, 0x5b, 0xff, 0xcc, 0x07, 0x00, 0x00, 0x00, 0x00, 0x00, 0x00, 0x21, 0xf4, 0xef, 0x21, 0x00, 0x00, 0x00, 0x00, 0x00,
    0x00, 0x00, 0x48, 0xff, 0xff, 0xff, 0xff, 0xff, 0xff, 0xff, 0xff, 0xff, 0x40, 0x00, 0xa0, 0xff, 0xff, 0xb0, 0x00, 0x00,
    0xa0, 0xd0, 0x00, 0x00, 0x00, 0x00, 0xa0, 0xd0, 0x00, 0x00, 0x00, 0x00, 0xa0, 0xd0, 0x00, 0x00, 0x00, 0x00, 0xa0, 0xd0,
    0x00, 0x00, 0x00, 0x00, 0xa0, 0xd0, 0x00, 0x00, 0x00, 0x00, 0xa0, 0xd0, 0x00, 0x00, 0x00, 0x00, 0xa0, 0xd0, 0x00, 0x00,
    0x00, 0x00, 0xa0, 0xd0, 0x00, 0x00, 0x00, 0x00, 0xa0, 0xd0, 0x00, 0x00, 0x00, 0x00, 0xa0, 0xd0, 0x00, 0x00, 0x00, 0x00,
    0xa0, 0xd0, 0x00, 0x00, 0x00, 0x00, 0xa0, 0xd0, 0x00, 0x00, 0x00, 0x00, 0xa0, 0xff, 0xff, 0xb0, 0x00, 0xd8, 0x7b, 0x00,
    0x00, 0x00, 0x00, 0x89, 0xcb, 0x00, 0x00, 0x00, 0x00, 0x39, 0xff, 0x1c, 0x00, 0x00, 0x00, 0x01, 0xe6, 0x6b, 0x00, 0x00,
    0x00, 0x00, 0x99, 0xbb, 0x00, 0x00, 0x00, 0x00, 0x49, 0xfa, 0x10, 0x00, 0x00, 0x00, 0x06, 0xf1, 0x5b, 0x00, 0x00, 0x00,
    0x00, 0xa9, 0xab, 0x00, 0x00, 0x00, 0x00, 0x59, 0xf3, 0x07, 0x00, 0x00, 0x00, 0x0e, 0xf9, 0x4b, 0x00, 0x00, 0x00, 0x00,
    0xb9, 0x9b, 0x00, 0x00, 0x00, 0x00, 0x69, 0xe9, 0x02, 0x00, 0x00, 0x00, 0x1a, 0xfe, 0x3b, 0x00, 0x70, 0xff, 0xff, 0xe0,
    0x00, 0x00, 0x00, 0x00, 0x94, 0xe0, 0x00, 0x00, 0x00, 0x00, 0x94, 0xe0, 0x00, 0x00, 0x00, 0x00, 0x94, 0xe0, 0x00, 0x00,
    0x00, 0x00, 0x94, 0xe0, 0x00, 0x00, 0x00, 0x00, 0x94, 0xe0, 0x00, 0x00, 0x00, 0x00, 0x94, 0xe0, 0x00, 0x00, 0x00, 0x00,
    0x94, 0xe0, 0x00, 0x00, 0x00, 0x00, 0x94, 0xe0, 0x00, 0x00, 0x00, 0x00, 0x94, 0xe0, 0x00, 0x00, 0x00, 0x00, 0x94, 0xe0,
    0x00, 0x00, 0x00, 0x00, 0x94, 0xe0, 0x00, 0x00, 0x00, 0x00, 0x94, 0xe0, 0x00, 0x00, 0x70, 0xff, 0xff, 0xe0, 0x00, 0x00,
    0x00, 0x00, 0x00, 0x01, 0x92, 0xff, 0xdf, 0x23, 0x00, 0x00, 0x00, 0x00, 0x00, 0x00, 0x00, 0x03, 0xa0, 0xf5, 0x65, 0xc8,
    0xe6, 0x2b, 0x00, 0x00, 0x00, 0x00, 0x00, 0x06, 0xad, 0xe2, 0x31, 0x00, 0x08, 0xa4, 0xec, 0x34, 0x00, 0x00, 0x00, 0x0a,
    0xb9, 0xc7, 0x17, 0x00, 0x00, 0x00, 0x00, 0x79, 0xef, 0x3e, 0x00, 0x00, 0x00, 0x00, 0x00, 0x00, 0x00, 0x00, 0x00, 0x00,
    0x00, 0x00, 0x00, 0x00, 0x00, 0x00, 0x00, 0x00, 0x00, 0x00, 0x00, 0x00, 0x00, 0x00, 0x00, 0x00, 0x00, 0x00, 0x00, 0x00,
    0x00, 0x00, 0x00, 0x00, 0x00, 0x00, 0x00, 0x00, 0x00, 0x00, 0x00, 0x00, 0x00, 0x00, 0x00, 0x00, 0x00, 0x00, 0x00, 0x00,
    0x00, 0x00, 0x00, 0x00, 0x00, 0x00, 0x00, 0x00, 0x00, 0x00, 0x00, 0x00, 0x00, 0x00, 0x00, 0x00, 0x00, 0x00, 0x00, 0x00,
    0x00, 0x00, 0x00, 0x00, 0x00, 0x00, 0x00, 0x00, 0x00, 0x00, 0x00, 0x00, 0x00, 0x00, 0x00, 0x00, 0x00, 0x00, 0x00, 0x00,
    0x00, 0x00, 0x00, 0x00, 0x00, 0x00, 0x00, 0x00, 0x00, 0x00, 0x00, 0x00, 0x00, 0x00, 0x00, 0x00, 0x00, 0x00, 0x00, 0x00,
    0x00, 0x00, 0x00, 0x00, 0x00, 0x00, 0x00, 0x00, 0x00, 0x00, 0x00, 0x00, 0x00, 0x00, 0x00, 0x00, 0x00, 0x00, 0x00, 0x00,
    0x00, 0x00, 0x00, 0x00, 0x00, 0x28, 0xff, 0xff, 0xff, 0xff, 0xff, 0xff, 0xff, 0xff, 0x28, 0x00, 0x44, 0xf8, 0x40, 0x00,
    0x00, 0x00, 0x00, 0x00, 0x00, 0x66, 0xe4, 0x14, 0x00, 0x00, 0x00, 0x00, 0x00, 0x00, 0x8d, 0xb4, 0x01, 0x00, 0x00, 0x00,
    0x00, 0x00, 0x00, 0x00, 0x00, 0x00, 0x00, 0x00, 0x00, 0x00, 0x00, 0x00, 0x00, 0x00, 0x00, 0x00, 0x00, 0x00, 0x00, 0x00,
    0x00, 0x00, 0x00, 0x00, 0x00, 0x00, 0x00, 0x00, 0x00, 0x00, 0x00, 0x00, 0x00, 0x00, 0x00, 0x00, 0x00, 0x00, 0x00, 0x00,
    0x00, 0x00, 0x00, 0x00, 0x00, 0x00, 0x00, 0x00, 0x00, 0x00, 0x00, 0x00, 0x00, 0x00, 0x00, 0x00, 0x00, 0x00, 0x00, 0x00,
    0x00, 0x00, 0x00, 0x00, 0x00, 0x00, 0x00, 0x00, 0x00, 0x00, 0x00, 0x00, 0x00, 0x00, 0x00, 0x00, 0x00, 0x00, 0x00, 0x00,
    0x64, 0xff, 0xff, 0xfd, 0xe1, 0xa2, 0x1d, 0x00, 0x00, 0x00, 0x00, 0x00, 0x00, 0x04, 0x2b, 0xbb, 0xd1, 0x04, 0x00, 0x00,
    0x00, 0x00, 0x00, 0x00, 0x00, 0x26, 0xff, 0x35, 0x00, 0x00, 0x07, 0x79, 0xd5, 0xf3, 0xff, 0xff, 0xff, 0x57, 0x00, 0x00,
    0x93, 0xec, 0x4a, 0x0f, 0x01, 0x1b, 0xff, 0x5c, 0x00, 0x00, 0xeb, 0x81, 0x00, 0x00, 0x00, 0x39, 0xff, 0x5c, 0x00, 0x01,
    0xf5, 0x7a, 0x00, 0x00, 0x00, 0x92, 0xff, 0x5c, 0x00, 0x00, 0xad, 0xe1, 0x30, 0x10, 0x6a, 0xab, 0xff, 0x5c, 0x00, 0x00,
    0x15, 0xa8, 0xef, 0xed, 0x96, 0x1b, 0xff, 0x5c, 0x00, 0x00, 0x8c, 0xe8, 0x00, 0x00, 0x00, 0x00, 0x00, 0x00, 0x00, 0x00,
    0x8c, 0xe8, 0x00, 0x00, 0x00, 0x00, 0x00, 0x00, 0x00, 0x00, 0x8c, 0xe8, 0x00, 0x00, 0x00, 0x00, 0x00, 0x00, 0x00, 0x00,
    0x8c, 0xe8, 0x1a, 0xb7, 0xf5, 0xe1, 0x71, 0x00, 0x00, 0x00, 0x8c, 0xe9, 0xad, 0x3c, 0x10, 0x65, 0xfb, 0x65, 0x00, 0x00,
    0x8c, 0xff, 0x4f, 0x00, 0x00, 0x00, 0x9c, 0xe5, 0x04, 0x00, 0x8c, 0xfe, 0x06, 0x00, 0x00, 0x00, 0x51, 0xff, 0x24, 0x00,
    0x8c, 0xef, 0x00, 0x00, 0x00, 0x00, 0x3b, 0xff, 0x3f, 0x00, 0x8c, 0xfe, 0x06, 0x00, 0x00, 0x00, 0x51, 0xff, 0x24, 0x00,
    0x8c, 0xff, 0x4e, 0x00, 0x00, 0x00, 0x9b, 0xe6, 0x04, 0x00, 0x8c, 0xea, 0xac, 0x3b, 0x0f, 0x63, 0xfa, 0x67, 0x00, 0x00,
    0x8c, 0xe8, 0x1c, 0xb9, 0xf6, 0xe3, 0x73, 0x00, 0x00, 0x00, 0x00, 0x2d, 0xae, 0xec, 0xf2, 0xba, 0x33, 0x00, 0x00, 0x32,
    0xf5, 0xae, 0x29, 0x0d, 0x44, 0x9c, 0x00, 0x00, 0xbd, 0xda, 0x04, 0x00, 0x00, 0x00, 0x00, 0x00, 0x07, 0xfb, 0x88, 0x00,
    0x00, 0x00, 0x00, 0x00, 0x00, 0x17, 0xff, 0x70, 0x00, 0x00, 0x00, 0x00, 0x00, 0x00, 0x07, 0xfb, 0x88, 0x00, 0x00, 0x00,
    0x00, 0x00, 0x00, 0x00, 0xbd, 0xda, 0x04, 0x00, 0x00, 0x00, 0x00, 0x00, 0x00, 0x32, 0xf5, 0xae, 0x28, 0x0d, 0x43, 0x9b,
    0x00, 0x00, 0x00, 0x2f, 0xb2, 0xf0, 0xf0, 0xb8, 0x32, 0x00, 0x00, 0x00, 0x00, 0x00, 0x00, 0x00, 0x00, 0xbc, 0xb4, 0x00,
    0x00, 0x00, 0x00, 0x00, 0x00, 0x00, 0x00, 0xbc, 0xb4, 0x00, 0x00, 0x00, 0x00, 0x00, 0x00, 0x00, 0x00, 0xbc, 0xb4, 0x00,
    0x00, 0x00, 0x54, 0xd7, 0xf7, 0xc8, 0x31, 0xbc, 0xb4, 0x00, 0x00, 0x3f, 0xfe, 0x83, 0x14, 0x2b, 0xb4, 0xcb, 0xb4, 0x00,
    0x00, 0xc0, 0xc5, 0x00, 0x00, 0x00, 0x25, 0xfe, 0xb4, 0x00, 0x01, 0xf8, 0x7c, 0x00, 0x00, 0x00, 0x00, 0xd9, 0xb4, 0x00,
    0x13, 0xff, 0x66, 0x00, 0x00, 0x00, 0x00, 0xc3, 0xb4, 0x00, 0x01, 0xf8, 0x7b, 0x00, 0x00, 0x00, 0x00, 0xd9, 0xb4, 0x00,
    0x00, 0xc1, 0xc3, 0x00, 0x00, 0x00, 0x25, 0xfd, 0xb4, 0x00, 0x00, 0x41, 0xfe, 0x81, 0x14, 0x29, 0xb2, 0xcb, 0xb4, 0x00,
    0x00, 0x00, 0x56, 0xd8, 0xf8, 0xcb, 0x33, 0xbc, 0xb4, 0x00, 0x00, 0x00, 0x2d, 0xb1, 0xef, 0xf7, 0xc6, 0x3e, 0x00, 0x00,
    0x00, 0x2f, 0xf4, 0xa6, 0x22, 0x12, 0x7e, 0xf9, 0x33, 0x00, 0x00, 0xb9, 0xd6, 0x04, 0x00, 0x00, 0x00, 0xc1, 0xb0, 0x00,
    0x06, 0xfa, 0x8a, 0x00, 0x00, 0x00, 0x00, 0x82, 0xec, 0x00, 0x17, 0xff, 0xff, 0xff, 0xff, 0xff, 0xff, 0xff, 0xfe, 0x00,
    0x08, 0xfc, 0x7e, 0x00, 0x00, 0x00, 0x00, 0x00, 0x00, 0x00, 0x00, 0xbc, 0xcd, 0x03, 0x00, 0x00, 0x00, 0x00, 0x00, 0x00,
    0x00, 0x2f, 0xf3, 0xa8, 0x29, 0x09, 0x27, 0x70, 0x8d, 0x00, 0x00, 0x00, 0x28, 0xa8, 0xea, 0xf7, 0xd7, 0x8c, 0x1a, 0x00,
    0x00, 0x00, 0x5f, 0xda, 0xfa, 0xf0, 0x00, 0x17, 0xfb, 0x71, 0x04, 0x00, 0x00, 0x3c, 0xff, 0x31, 0x00, 0x00, 0xa0, 0xff,
    0xff, 0xff, 0xff, 0x90, 0x00, 0x40, 0xff, 0x30, 0x00, 0x00, 0x00, 0x40, 0xff, 0x30, 0x00, 0x00, 0x00, 0x40, 0xff, 0x30,
    0x00, 0x00, 0x00, 0x40, 0xff, 0x30, 0x00, 0x00, 0x00, 0x40, 0xff, 0x30, 0x00, 0x00, 0x00, 0x40, 0xff, 0x30, 0x00, 0x00,
    0x00, 0x40, 0xff, 0x30, 0x00, 0x00, 0x00, 0x40, 0xff, 0x30, 0x00, 0x00, 0x00, 0x00, 0x56, 0xd7, 0xf7, 0xc8, 0x31, 0xbc,
    0xb4, 0x00, 0x00, 0x41, 0xfe, 0x80, 0x14, 0x29, 0xb0, 0xcb, 0xb4, 0x00, 0x00, 0xc1, 0xc3, 0x00, 0x00, 0x00, 0x22, 0xfd,
    0xb4, 0x00, 0x01, 0xf8, 0x7b, 0x00, 0x00, 0x00, 0x00, 0xd7, 0xb4, 0x00, 0x13, 0xff, 0x66, 0x00, 0x00, 0x00, 0x00, 0xc3,
    0xb4, 0x00, 0x01, 0xf8, 0x7b, 0x00, 0x00, 0x00, 0x00, 0xd7, 0xb4, 0x00, 0x00, 0xc1, 0xc1, 0x00, 0x00, 0x00, 0x21, 0xfd,
    0xb4, 0x00, 0x00, 0x41, 0xfe, 0x7e, 0x13, 0x28, 0xae, 0xcb, 0xb4, 0x00, 0x00, 0x00, 0x57, 0xd8, 0xf8, 0xc9, 0x31, 0xc5,
    0xac, 0x00, 0x00, 0x00, 0x00, 0x00, 0x00, 0x00, 0x0b, 0xee, 0x86, 0x00, 0x00, 0x0f, 0x9e, 0x2e, 0x09, 0x2a, 0xb0, 0xf5,
    0x23, 0x00, 0x00, 0x00, 0x5f, 0xcc, 0xf5, 0xf0, 0xb8, 0x37, 0x00, 0x00, 0x00, 0x8c, 0xe8, 0x00, 0x00, 0x00, 0x00, 0x00,
    0x00, 0x00, 0x00, 0x8c, 0xe8, 0x00, 0x00, 0x00, 0x00, 0x00, 0x00, 0x00, 0x00, 0x8c, 0xe8, 0x00, 0x00, 0x00, 0x00, 0x00,
    0x00, 0x00, 0x00, 0x8c, 0xe8, 0x14, 0xaf, 0xf4, 0xe4, 0x6e, 0x00, 0x00, 0x00, 0x8c, 0xe9, 0xa4, 0x3d, 0x0f, 0x76, 0xff,
    0x39, 0x00, 0x00, 0x8c, 0xff, 0x49, 0x00, 0x00, 0x00, 0xde, 0x99, 0x00, 0x00, 0x8c, 0xfc, 0x04, 0x00, 0x00, 0x00, 0xb5,
    0xb9, 0x00, 0x00, 0x8c, 0xe9, 0x00, 0x00, 0x00, 0x00, 0xa8, 0xc8, 0x00, 0x00, 0x8c, 0xe8, 0x00, 0x00, 0x00, 0x00, 0xa8,
    0xc8, 0x00, 0x00, 0x8c, 0xe8, 0x00, 0x00, 0x00, 0x00, 0xa8, 0xc8, 0x00, 0x00, 0x8c, 0xe8, 0x00, 0x00, 0x00, 0x00, 0xa8,
    0xc8, 0x00, 0x00, 0x8c, 0xe8, 0x00, 0x00, 0x00, 0x00, 0xa8, 0xc8, 0x00, 0x00, 0x7c, 0xf4, 0x00, 0x00, 0x7c, 0xf4, 0x00,
    0x00, 0x00, 0x00, 0x00, 0x00, 0x7c, 0xf4, 0x00, 0x00, 0x7c, 0xf4, 0x00, 0x00, 0x7c, 0xf4, 0x00, 0x00, 0x7c, 0xf4, 0x00,
    0x00, 0x7c, 0xf4, 0x00, 0x00, 0x7c, 0xf4, 0x00, 0x00, 0x7c, 0xf4, 0x00, 0x00, 0x7c, 0xf4, 0x00, 0x00, 0x7c, 0xf4, 0x00,
    0x00, 0x00, 0x7c, 0xf4, 0x00, 0x00, 0x00, 0x7c, 0xf4, 0x00, 0x00, 0x00, 0x00, 0x00, 0x00, 0x00, 0x00, 0x7c, 0xf4, 0x00,
    0x00, 0x00, 0x7c, 0xf4, 0x00, 0x00, 0x00, 0x7c, 0xf4, 0x00, 0x00, 0x00, 0x7c, 0xf4, 0x00, 0x00, 0x00, 0x7c, 0xf4, 0x00,
    0x00, 0x00, 0x7c, 0xf4, 0x00, 0x00, 0x00, 0x7c, 0xf4, 0x00, 0x00, 0x00, 0x7c, 0xf4, 0x00, 0x00, 0x00, 0x7c, 0xf4, 0x00,
    0x00, 0x00, 0x85, 0xe5, 0x00, 0x00, 0x11, 0xc6, 0xb2, 0x00, 0x4c, 0xf6, 0xc2, 0x25, 0x00, 0x00, 0x8c, 0xe8, 0x00, 0x00,
    0x00, 0x00, 0x00, 0x00, 0x00, 0x00, 0x8c, 0xe8, 0x00, 0x00, 0x00, 0x00, 0x00, 0x00, 0x00, 0x00, 0x8c, 0xe8, 0x00, 0x00,
    0x00, 0x00, 0x00, 0x00, 0x00, 0x00, 0x8c, 0xe8, 0x00, 0x00, 0x00, 0x5e, 0xfa, 0x7c, 0x00, 0x00, 0x8c, 0xe8, 0x00, 0x00,
    0x76, 0xfb, 0x63, 0x00, 0x00, 0x00, 0x8c, 0xe8, 0x01, 0x8f, 0xf6, 0x4e, 0x00, 0x00, 0x00, 0x00, 0x8c, 0xeb, 0xa7, 0xee,
    0x3c, 0x00, 0x00, 0x00, 0x00, 0x00, 0x8c, 0xf7, 0xf4, 0xb6, 0x04, 0x00, 0x00, 0x00, 0x00, 0x00, 0x8c, 0xe8, 0x3e, 0xf3,
    0xac, 0x04, 0x00, 0x00, 0x00, 0x00, 0x8c, 0xe8, 0x00, 0x3c, 0xf3, 0xad, 0x05, 0x00, 0x00, 0x00, 0x8c, 0xe8, 0x00, 0x00,
    0x3a, 0xf2, 0xaf, 0x05, 0x00, 0x00, 0x8c, 0xe8, 0x00, 0x00, 0x00, 0x38, 0xf1, 0xb0, 0x06, 0x00, 0x7c, 0xf4, 0x00, 0x00,
    0x7c, 0xf4, 0x00, 0x00, 0x7c, 0xf4, 0x00, 0x00, 0x7c, 0xf4, 0x00, 0x00, 0x7c, 0xf4, 0x00, 0x00, 0x7c, 0xf4, 0x00, 0x00,
    0x7c, 0xf4, 0x00, 0x00, 0x7c, 0xf4, 0x00, 0x00, 0x7c, 0xf4, 0x00, 0x00, 0x7c, 0xf4, 0x00, 0x00, 0x7c, 0xf4, 0x00, 0x00,
    0x7c, 0xf4, 0x00, 0x00, 0x8c, 0xe8, 0x17, 0xb4, 0xf4, 0xd5, 0x3d, 0x00, 0x4b, 0xd4, 0xf7, 0xbe, 0x1b, 0x00, 0x00, 0x00,
    0x8c, 0xe9, 0xa3, 0x36, 0x11, 0x99, 0xee, 0x43, 0x9d, 0x1b, 0x24, 0xda, 0xaf, 0x00, 0x00, 0x00, 0x8c, 0xff, 0x44, 0x00,
    0x00, 0x14, 0xfe, 0xdb, 0x06, 0x00, 0x00, 0x6a, 0xfd, 0x0f, 0x00, 0x00, 0x8c, 0xfc, 0x03, 0x00, 0x00, 0x00, 0xec, 0xa8,
    0x00, 0x00, 0x00, 0x44, 0xff, 0x2d, 0x00, 0x00, 0x8c, 0xe9, 0x00, 0x00, 0x00, 0x00, 0xe0, 0x91, 0x00, 0x00, 0x00, 0x38,
    0xff, 0x3c, 0x00, 0x00, 0x8c, 0xe8, 0x00, 0x00, 0x00, 0x00, 0xe0, 0x90, 0x00, 0x00, 0x00, 0x38, 0xff, 0x3c, 0x00, 0x00,
    0x8c, 0xe8, 0x00, 0x00, 0x00, 0x00, 0xe0, 0x90, 0x00, 0x00, 0x00, 0x38, 0xff, 0x3c, 0x00, 0x00, 0x8c, 0xe8, 0x00, 0x00,
    0x00, 0x00, 0xe0, 0x90, 0x00, 0x00, 0x00, 0x38, 0xff, 0x3c, 0x00, 0x00, 0x8c, 0xe8, 0x00, 0x00, 0x00, 0x00, 0xe0, 0x90,
    0x00, 0x00, 0x00, 0x38, 0xff, 0x3c, 0x00, 0x00, 0x8c, 0xe8, 0x14, 0xaf, 0xf4, 0xe4, 0x6e, 0x00, 0x00, 0x00, 0x8c, 0xe9,
    0xa4, 0x3d, 0x0f, 0x76, 0xff, 0x39, 0x00, 0x00, 0x8c, 0xff, 0x49, 0x00, 0x00, 0x00, 0xde, 0x99, 0x00, 0x00, 0x8c, 0xfc,
    0x04, 0x00, 0x00, 0x00, 0xb5, 0xb9, 0x00, 0x00, 0x8c, 0xe9, 0x00, 0x00, 0x00, 0x00, 0xa8, 0xc8, 0x00, 0x00, 0x8c, 0xe8,
    0x00, 0x00, 0x00, 0x00, 0xa8, 0xc8, 0x00, 0x00, 0x8c, 0xe8, 0x00, 0x00, 0x00, 0x00, 0xa8, 0xc8, 0x00, 0x00, 0x8c, 0xe8,
    0x00, 0x00, 0x00, 0x00, 0xa8, 0xc8, 0x00, 0x00, 0x8c, 0xe8, 0x00, 0x00, 0x00, 0x00, 0xa8, 0xc8, 0x00, 0x00, 0x00, 0x43,
    0xc4, 0xf6, 0xf1, 0xb2, 0x28, 0x00, 0x00, 0x00, 0x43, 0xfc, 0x91, 0x18, 0x24, 0xbb, 0xed, 0x1e, 0x00, 0x00, 0xc7, 0xd1,
    0x00, 0x00, 0x00, 0x13, 0xf5, 0x94, 0x00, 0x08, 0xfd, 0x85, 0x00, 0x00, 0x00, 0x00, 0xba, 0xd4, 0x00, 0x18, 0xff, 0x6f,
    0x00, 0x00, 0x00, 0x00, 0xa3, 0xe7, 0x00, 0x08, 0xfd, 0x84, 0x00, 0x00, 0x00, 0x00, 0xb9, 0xd4, 0x00, 0x00, 0xc7, 0xcf,
    0x00, 0x00, 0x00, 0x12, 0xf4, 0x95, 0x00, 0x00, 0x45, 0xfc, 0x8f, 0x17, 0x22, 0xb9, 0xef, 0x1f, 0x00, 0x00, 0x00, 0x45,
    0xc5, 0xf7, 0xf2, 0xb3, 0x2a, 0x00, 0x00, 0x00, 0x8c, 0xe8, 0x1a, 0xb7, 0xf5, 0xe1, 0x71, 0x00, 0x00, 0x00, 0x8c, 0xe9,
    0xad, 0x3c, 0x10, 0x65, 0xfb, 0x65, 0x00, 0x00, 0x8c, 0xff, 0x4f, 0x00, 0x00, 0x00, 0x9c, 0xe5, 0x04, 0x00, 0x8c, 0xfe,
    0x06, 0x00, 0x00, 0x00, 0x51, 0xff, 0x24, 0x00, 0x8c, 0xef, 0x00, 0x00, 0x00, 0x00, 0x3b, 0xff, 0x3f, 0x00, 0x8c, 0xfe,
    0x06, 0x00, 0x00, 0x00, 0x51, 0xff, 0x24, 0x00, 0x8c, 0xff, 0x4e, 0x00, 0x00, 0x00, 0x9b, 0xe6, 0x04, 0x00, 0x8c, 0xea,
    0xac, 0x3b, 0x0f, 0x63, 0xfa, 0x67, 0x00, 0x00, 0x8c, 0xe8, 0x1c, 0xb9, 0xf6, 0xe3, 0x73, 0x00, 0x00, 0x00, 0x8c, 0xe8,
    0x00, 0x00, 0x00, 0x00, 0x00, 0x00, 0x00, 0x00, 0x8c, 0xe8, 0x00, 0x00, 0x00, 0x00, 0x00, 0x00, 0x00, 0x00, 0x8c, 0xe8,
    0x00, 0x00, 0x00, 0x00, 0x00, 0x00, 0x00, 0x00, 0x00, 0x54, 0xd7, 0xf7, 0xc8, 0x31, 0xbc, 0xb4, 0x00, 0x00, 0x3f, 0xfe,
    0x83, 0x14, 0x2b, 0xb4, 0xcb, 0xb4, 0x00, 0x00, 0xc0, 0xc5, 0x00, 0x00, 0x00, 0x25, 0xfe, 0xb4, 0x00, 0x01, 0xf8, 0x7c,
    0x00, 0x00, 0x00, 0x00, 0xd9, 0xb4, 0x00, 0x13, 0xff, 0x66, 0x00, 0x00, 0x00, 0x00, 0xc3, 0xb4, 0x00, 0x01, 0xf8, 0x7b,
    0x00, 0x00, 0x00, 0x00, 0xd9, 0xb4, 0x00, 0x00, 0xc1, 0xc3, 0x00, 0x00, 0x00, 0x25, 0xfd, 0xb4, 0x00, 0x00, 0x41, 0xfe,
    0x81, 0x14, 0x29, 0xb2, 0xcb, 0xb4, 0x00, 0x00, 0x00, 0x56, 0xd8, 0xf8, 0xcb, 0x33, 0xbc, 0xb4, 0x00, 0x00, 0x00, 0x00,
    0x00, 0x00, 0x00, 0x00, 0xbc, 0xb4, 0x00, 0x00, 0x00, 0x00, 0x00, 0x00, 0x00, 0x00, 0xbc, 0xb4, 0x00, 0x00, 0x00, 0x00,
    0x00, 0x00, 0x00, 0x00, 0xbc, 0xb4, 0x00, 0x00, 0x8c, 0xe8, 0x18, 0xb1, 0xf3, 0x94, 0x00, 0x8c, 0xe9, 0xab, 0x3d, 0x05,
    0x00, 0x00, 0x8c, 0xff, 0x4f, 0x00, 0x00, 0x00, 0x00, 0x8c, 0xfe, 0x07, 0x00, 0x00, 0x00, 0x00, 0x8c, 0xed, 0x00, 0x00,
    0x00, 0x00, 0x00, 0x8c, 0xe8, 0x00, 0x00, 0x00, 0x00, 0x00, 0x8c, 0xe8, 0x00, 0x00, 0x00, 0x00, 0x00, 0x8c, 0xe8, 0x00,
    0x00, 0x00, 0x00, 0x00, 0x8c, 0xe8, 0x00, 0x00, 0x00, 0x00, 0x00, 0x1d, 0xa6, 0xe7, 0xf3, 0xca, 0x57, 0x00, 0x00, 0xc7,
    0xbc, 0x23, 0x09, 0x32, 0xa6, 0x17, 0x05, 0xfe, 0x61, 0x00, 0x00, 0x00, 0x00, 0x00, 0x00, 0xd7, 0xda, 0x57, 0x10, 0x00,
    0x00, 0x00, 0x00, 0x27, 0xb4, 0xf9, 0xfd, 0xc7, 0x58, 0x00, 0x00, 0x00, 0x00, 0x0a, 0x46, 0xac, 0xff, 0x4b, 0x00, 0x00,
    0x00, 0x00, 0x00, 0x02, 0xf8, 0x82, 0x1e, 0xb2, 0x44, 0x13, 0x0d, 0x68, 0xfe, 0x41, 0x00, 0x4b, 0xb8, 0xec, 0xf1, 0xc7,
    0x52, 0x00, 0x00, 0x84, 0xf0, 0x00, 0x00, 0x00, 0x00, 0x84, 0xf0, 0x00, 0x00, 0x00, 0x90, 0xff, 0xff, 0xff, 0xff, 0xe4,
    0x00, 0x84, 0xf0, 0x00, 0x00, 0x00, 0x00, 0x84, 0xf0, 0x00, 0x00, 0x00, 0x00, 0x84, 0xf0, 0x00, 0x00, 0x00, 0x00, 0x84,
    0xf0, 0x00, 0x00, 0x00, 0x00, 0x84, 0xf0, 0x00, 0x00, 0x00, 0x00, 0x7a, 0xf6, 0x00, 0x00, 0x00, 0x00, 0x51, 0xff, 0x41,
    0x02, 0x00, 0x00, 0x02, 0x9d, 0xee, 0xff, 0xe4, 0x00, 0xa4, 0xcc, 0x00, 0x00, 0x00, 0x00, 0xc0, 0xb0, 0x00, 0x00, 0xa4,
    0xcc, 0x00, 0x00, 0x00, 0x00, 0xc0, 0xb0, 0x00, 0x00, 0xa4, 0xcc, 0x00, 0x00, 0x00, 0x00, 0xc0, 0xb0, 0x00, 0x00, 0xa4,
    0xcc, 0x00, 0x00, 0x00, 0x00, 0xc0, 0xb0, 0x00, 0x00, 0xa4, 0xcc, 0x00, 0x00, 0x00, 0x00, 0xc1, 0xb0, 0x00, 0x00, 0x96,
    0xd8, 0x00, 0x00, 0x00, 0x00, 0xda, 0xb0, 0x00, 0x00, 0x75, 0xf6, 0x0b, 0x00, 0x00, 0x24, 0xfc, 0xb0, 0x00, 0x00, 0x1c,
    0xfa, 0x92, 0x10, 0x2d, 0xac, 0xcc, 0xb0, 0x00, 0x00, 0x00, 0x53, 0xdb, 0xf8, 0xc2, 0x27, 0xc0, 0xb0, 0x00, 0x56, 0xff,
    0x2e, 0x00, 0x00, 0x00, 0x00, 0xb7, 0xd0, 0x08, 0xf0, 0x8a, 0x00, 0x00, 0x00, 0x17, 0xfb, 0x73, 0x00, 0x9b, 0xe4, 0x02,
    0x00, 0x00, 0x70, 0xfc, 0x19, 0x00, 0x3e, 0xff, 0x44, 0x00, 0x00, 0xcd, 0xb8, 0x00, 0x00, 0x01, 0xdf, 0xa1, 0x00, 0x29,
    0xff, 0x5b, 0x00, 0x00, 0x00, 0x83, 0xf3, 0x0a, 0x86, 0xf3, 0x0a, 0x00, 0x00, 0x00, 0x26, 0xff, 0x5c, 0xe1, 0xa0, 0x00,
    0x00, 0x00, 0x00, 0x00, 0xc8, 0xe4, 0xff, 0x43, 0x00, 0x00, 0x00, 0x00, 0x00, 0x6b, 0xff, 0xe4, 0x02, 0x00, 0x00, 0x34,
    0xff, 0x3c, 0x00, 0x00, 0x6d, 0xff, 0x84, 0x00, 0x00, 0x25, 0xff, 0x4a, 0x02, 0xef, 0x7e, 0x00, 0x00, 0xaf, 0xf6, 0xc6,
    0x00, 0x00, 0x67, 0xfc, 0x0d, 0x00, 0xb1, 0xbf, 0x00, 0x02, 0xee, 0x8d, 0xfb, 0x0c, 0x00, 0xa8, 0xc8, 0x00, 0x00, 0x70,
    0xf8, 0x08, 0x32, 0xfe, 0x17, 0xf4, 0x49, 0x00, 0xe8, 0x86, 0x00, 0x00, 0x2e, 0xff, 0x42, 0x73, 0xcf, 0x00, 0xb8, 0x8a,
    0x2b, 0xff, 0x45, 0x00, 0x00, 0x01, 0xeb, 0x84, 0xb5, 0x8d, 0x00, 0x76, 0xcc, 0x6d, 0xf9, 0x0a, 0x00, 0x00, 0x00, 0xac,
    0xc9, 0xf2, 0x4b, 0x00, 0x34, 0xfd, 0xbe, 0xc2, 0x00, 0x00, 0x00, 0x00, 0x6a, 0xff, 0xfc, 0x0e, 0x00, 0x02, 0xef, 0xff,
    0x81, 0x00, 0x00, 0x00, 0x00, 0x29, 0xff, 0xc8, 0x00, 0x00, 0x00, 0xb1, 0xff, 0x40, 0x00, 0x00, 0x0b, 0xd8, 0xca, 0x05,
    0x00, 0x00, 0x46, 0xfe, 0x6b, 0x00, 0x31, 0xf9, 0x88, 0x00, 0x16, 0xe8, 0xb2, 0x00, 0x00, 0x00, 0x71, 0xfe, 0x44, 0xb8,
    0xe5, 0x14, 0x00, 0x00, 0x00, 0x01, 0xb6, 0xf8, 0xfe, 0x43, 0x00, 0x00, 0x00, 0x00, 0x00, 0x59, 0xff, 0xcf, 0x00, 0x00,
    0x00, 0x00, 0x00, 0x18, 0xe9, 0xcd, 0xfe, 0x6f, 0x00, 0x00, 0x00, 0x01, 0xb9, 0xe3, 0x12, 0x8e, 0xf8, 0x2e, 0x00, 0x00,
    0x73, 0xfd, 0x3f, 0x00, 0x06, 0xce, 0xd5, 0x09, 0x31, 0xf9, 0x84, 0x00, 0x00, 0x00, 0x27, 0xf5, 0x97, 0x51, 0xff, 0x31,
    0x00, 0x00, 0x00, 0x00, 0xba, 0xcc, 0x04, 0xe6, 0x94, 0x00, 0x00, 0x00, 0x1f, 0xfd, 0x67, 0x00, 0x84, 0xef, 0x08, 0x00,
    0x00, 0x81, 0xf3, 0x0d, 0x00, 0x1f, 0xfd, 0x5b, 0x00, 0x02, 0xe1, 0x9b, 0x00, 0x00, 0x00, 0xb7, 0xbe, 0x00, 0x47, 0xff,
    0x36, 0x00, 0x00, 0x00, 0x50, 0xfe, 0x23, 0xab, 0xd0, 0x00, 0x00, 0x00, 0x00, 0x04, 0xe5, 0x99, 0xf9, 0x6a, 0x00, 0x00,
    0x00, 0x00, 0x00, 0x83, 0xff, 0xf5, 0x0f, 0x00, 0x00, 0x00, 0x00, 0x00, 0x20, 0xff, 0x9f, 0x00, 0x00, 0x00, 0x00, 0x00,
    0x00, 0x41, 0xff, 0x38, 0x00, 0x00, 0x00, 0x00, 0x00, 0x13, 0xc7, 0xc1, 0x00, 0x00, 0x00, 0x00, 0x00, 0xbc, 0xfa, 0xc6,
    0x22, 0x00, 0x00, 0x00, 0x00, 0x1c, 0xff, 0xff, 0xff, 0xff, 0xff, 0xff, 0xb8, 0x00, 0x00, 0x00, 0x00, 0x00, 0x51, 0xfe,
    0x8f, 0x00, 0x00, 0x00, 0x00, 0x2d, 0xf3, 0xc6, 0x06, 0x00, 0x00, 0x00, 0x13, 0xde, 0xe3, 0x18, 0x00, 0x00, 0x00, 0x04,
    0xbe, 0xf6, 0x33, 0x00, 0x00, 0x00, 0x00, 0x94, 0xff, 0x5a, 0x00, 0x00, 0x00, 0x00, 0x64, 0xff, 0x88, 0x00, 0x00, 0x00,
    0x00, 0x2d, 0xf9, 0xb6, 0x02, 0x00, 0x00, 0x00, 0x00, 0x50, 0xff, 0xff, 0xff, 0xff, 0xff, 0xff, 0xb8, 0x00, 0x00, 0x00,
    0x00, 0x09, 0xa1, 0xe9, 0xfd, 0x30, 0x00, 0x00, 0x00, 0x00, 0x00, 0x64, 0xfe, 0x42, 0x05, 0x00, 0x00, 0x00, 0x00, 0x00,
    0x00, 0x8b, 0xe8, 0x00, 0x00, 0x00, 0x00, 0x00, 0x00, 0x00, 0x00, 0x90, 0xe0, 0x00, 0x00, 0x00, 0x00, 0x00, 0x00, 0x00,
    0x00, 0x90, 0xdf, 0x00, 0x00, 0x00, 0x00, 0x00, 0x00, 0x00, 0x00, 0xa2, 0xd3, 0x00, 0x00, 0x00, 0x00, 0x00, 0x00, 0x04,
    0x33, 0xec, 0x93, 0x00, 0x00, 0x00, 0x00, 0x00, 0x00, 0xff, 0xff, 0xce, 0x0e, 0x00, 0x00, 0x00, 0x00, 0x00, 0x00, 0x04,
    0x31, 0xe8, 0x91, 0x00, 0x00, 0x00, 0x00, 0x00, 0x00, 0x00, 0x00, 0x9d, 0xd3, 0x00, 0x00, 0x00, 0x00, 0x00, 0x00, 0x00,
    0x00, 0x90, 0xdf, 0x00, 0x00, 0x00, 0x00, 0x00, 0x00, 0x00, 0x00, 0x90, 0xe0, 0x00, 0x00, 0x00, 0x00, 0x00, 0x00, 0x00,
    0x00, 0x8b, 0xe8, 0x00, 0x00, 0x00, 0x00, 0x00, 0x00, 0x00, 0x00, 0x65, 0xfe, 0x42, 0x05, 0x00, 0x00, 0x00, 0x00, 0x00,
    0x00, 0x0a, 0xa4, 0xea, 0xfd, 0x30, 0x00, 0x00, 0x00, 0xf8, 0x5c, 0x00, 0x00, 0x00, 0xf8, 0x5c, 0x00, 0x00, 0x00, 0xf8,
    0x5c, 0x00, 0x00, 0x00, 0xf8, 0x5c, 0x00, 0x00, 0x00, 0xf8, 0x5c, 0x00, 0x00, 0x00, 0xf8, 0x5c, 0x00, 0x00, 0x00, 0xf8,
    0x5c, 0x00, 0x00, 0x00, 0xf8, 0x5c, 0x00, 0x00, 0x00, 0xf8, 0x5c, 0x00, 0x00, 0x00, 0xf8, 0x5c, 0x00, 0x00, 0x00, 0xf8,
    0x5c, 0x00, 0x00, 0x00, 0xf8, 0x5c, 0x00, 0x00, 0x00, 0xf8, 0x5c, 0x00, 0x00, 0x00, 0xf8, 0x5c, 0x00, 0x00, 0x00, 0xf8,
    0x5c, 0x00, 0x00, 0x00, 0xf8, 0x5c, 0x00, 0x00, 0x00, 0xfe, 0xef, 0xb7, 0x1c, 0x00, 0x00, 0x00, 0x00, 0x00, 0x00, 0x02,
    0x28, 0xed, 0x93, 0x00, 0x00, 0x00, 0x00, 0x00, 0x00, 0x00, 0x00, 0xb9, 0xba, 0x00, 0x00, 0x00, 0x00, 0x00, 0x00, 0x00,
    0x00, 0xb0, 0xc0, 0x00, 0x00, 0x00, 0x00, 0x00, 0x00, 0x00, 0x00, 0xaf, 0xc0, 0x00, 0x00, 0x00, 0x00, 0x00, 0x00, 0x00,
    0x00, 0xa4, 0xd2, 0x00, 0x00, 0x00, 0x00, 0x00, 0x00, 0x00, 0x00, 0x67, 0xfe, 0x4f, 0x07, 0x00, 0x00, 0x00, 0x00, 0x00,
    0x00, 0x01, 0xad, 0xff, 0xff, 0x30, 0x00, 0x00, 0x00, 0x00, 0x00, 0x65, 0xfc, 0x49, 0x07, 0x00, 0x00, 0x00, 0x00, 0x00,
    0x00, 0xa4, 0xcd, 0x00, 0x00, 0x00, 0x00, 0x00, 0x00, 0x00, 0x00, 0xaf, 0xc0, 0x00, 0x00, 0x00, 0x00, 0x00, 0x00, 0x00,
    0x00, 0xb0, 0xc0, 0x00, 0x00, 0x00, 0x00, 0x00, 0x00, 0x00, 0x00, 0xb8, 0xba, 0x00, 0x00, 0x00, 0x00, 0x00, 0x00, 0x02,
    0x27, 0xec, 0x94, 0x00, 0x00, 0x00, 0x00, 0x00, 0x00, 0xfe, 0xf1, 0xba, 0x1e, 0x00, 0x00, 0x00, 0x00, 0x00, 0x00, 0x00,
    0x00, 0x00, 0x00, 0x00, 0x00, 0x00, 0x00, 0x00, 0x06, 0x00, 0x00, 0x06, 0x70, 0xcd, 0xf4, 0xe3, 0x9d, 0x4a, 0x0e, 0x14,
    0x6b, 0xa5, 0x00, 0x00, 0x4c, 0xaf, 0x31, 0x08, 0x2b, 0x79, 0xca, 0xf6, 0xe1, 0xa2, 0x26, 0x00, 0x00, 0x0a, 0x00, 0x00,
    0x00, 0x00, 0x00, 0x00, 0x00, 0x00, 0x00, 0x00, 0x00, 0x00, 0x00, 0x00, 0x00, 0x00, 0x00, 0x00, 0x00, 0x00, 0x00, 0x00,
    0x00, 0x00, 0x00, 0x00, 0x00, 0x00, 0x00, 0x00, 0x00, 0x00, 0x00, 0x00, 0x00, 0x00, 0x00, 0x00, 0x00, 0x00, 0x00, 0x00,
    0x00, 0x00, 0x00, 0x00, 0x00, 0x00, 0x00, 0x00, 0x00, 0x00, 0x94, 0xff, 0x00, 0x00, 0x00, 0x00, 0x94, 0xff, 0x00, 0x00,
    0x00, 0x00, 0x00, 0x00, 0x00, 0x00, 0x00, 0x00, 0x00, 0x00, 0x00, 0x00, 0x00, 0x00, 0x74, 0xde, 0x00, 0x00, 0x00, 0x00,
    0x82, 0xed, 0x00, 0x00, 0x00, 0x00, 0x8f, 0xfb, 0x00, 0x00, 0x00, 0x00, 0x94, 0xff, 0x00, 0x00, 0x00, 0x00, 0x94, 0xff,
    0x00, 0x00, 0x00, 0x00, 0x94, 0xff, 0x00, 0x00, 0x00, 0x00, 0x94, 0xff, 0x00, 0x00, 0x00, 0x00, 0x94, 0xff, 0x00, 0x00,
    0x00, 0x00, 0x00, 0x00, 0x00, 0xb4, 0x18, 0x00, 0x00, 0x00, 0x00, 0x00, 0x00, 0x00, 0x00, 0xb4, 0x1a, 0x00, 0x00, 0x00,
    0x00, 0x00, 0x02, 0x73, 0xcc, 0xfd, 0xe2, 0x7d, 0x06, 0x00, 0x00, 0x01, 0xb1, 0xef, 0x56, 0xbb, 0x36, 0x80, 0x41, 0x00,
    0x00, 0x4c, 0xff, 0x56, 0x00, 0xb4, 0x1a, 0x00, 0x00, 0x00, 0x00, 0x90, 0xfb, 0x04, 0x00, 0xb4, 0x1a, 0x00, 0x00, 0x00,
    0x00, 0xa4, 0xe7, 0x00, 0x00, 0xb4, 0x19, 0x00, 0x00, 0x00, 0x00, 0x90, 0xfb, 0x03, 0x00, 0xb4, 0x19, 0x00, 0x00, 0x00,
    0x00, 0x4c, 0xff, 0x55, 0x00, 0xb4, 0x18, 0x00, 0x00, 0x00, 0x00, 0x01, 0xb8, 0xee, 0x54, 0xbb, 0x34, 0x80, 0x41, 0x00,
    0x00, 0x00, 0x08, 0x7f, 0xdb, 0xfe, 0xe7, 0x81, 0x06, 0x00, 0x00, 0x00, 0x00, 0x00, 0x00, 0xb4, 0x18, 0x00, 0x00, 0x00,
    0x00, 0x00, 0x00, 0x00, 0x00, 0xb4, 0x18, 0x00, 0x00, 0x00, 0x00, 0x00, 0x00, 0x09, 0x8d, 0xde, 0xf5, 0xa7, 0x1c, 0x00,
    0x00, 0x00, 0x00, 0x9d, 0xef, 0x43, 0x0e, 0x4f, 0x7c, 0x00, 0x00, 0x00, 0x03, 0xf5, 0x97, 0x00, 0x00, 0x00, 0x00, 0x00,
    0x00, 0x00, 0x1c, 0xff, 0x74, 0x00, 0x00, 0x00, 0x00, 0x00, 0x00, 0x00, 0x23, 0xff, 0x6c, 0x00, 0x00, 0x00, 0x00, 0x00,
    0x00, 0x00, 0x24, 0xff, 0x6c, 0x00, 0x00, 0x00, 0x00, 0x00, 0x00, 0xb4, 0xff, 0xff, 0xff, 0xff, 0xff, 0x78, 0x00, 0x00,
    0x00, 0x00, 0x24, 0xff, 0x6c, 0x00, 0x00, 0x00, 0x00, 0x00, 0x00, 0x00, 0x24, 0xff, 0x6c, 0x00, 0x00, 0x00, 0x00, 0x00,
    0x00, 0x00, 0x24, 0xff, 0x6c, 0x00, 0x00, 0x00, 0x00, 0x00, 0x00, 0x00, 0x24, 0xff, 0x6c, 0x00, 0x00, 0x00, 0x00, 0x00,
    0x00, 0xfc, 0xff, 0xff, 0xff, 0xff, 0xff, 0xff, 0xc4, 0x00, 0x00, 0x00, 0x00, 0x00, 0x00, 0x00, 0x00, 0x00, 0x00, 0x00,
    0x0d, 0xbc, 0x40, 0x00, 0x00, 0x00, 0x00, 0x21, 0xc9, 0x2a, 0x01, 0x89, 0xf7, 0xa7, 0xea, 0xf1, 0xb4, 0xe5, 0xb0, 0x09,
    0x00, 0x00, 0xc7, 0xce, 0x29, 0x17, 0xab, 0xf7, 0x0a, 0x00, 0x00, 0x15, 0xfe, 0x35, 0x00, 0x00, 0x0d, 0xf4, 0x4a, 0x00,
    0x00, 0x30, 0xff, 0x09, 0x00, 0x00, 0x00, 0xd6, 0x67, 0x00, 0x00, 0x13, 0xfd, 0x36, 0x00, 0x00, 0x0e, 0xf5, 0x47, 0x00,
    0x00, 0x00, 0xc9, 0xce, 0x28, 0x17, 0xad, 0xf3, 0x08, 0x00, 0x01, 0x87, 0xf6, 0xaa, 0xec, 0xf2, 0xaf, 0xe2, 0xb3, 0x0a,
    0x0f, 0xbf, 0x3c, 0x00, 0x00, 0x00, 0x00, 0x1d, 0xbb, 0x25, 0x21, 0xfb, 0x5f, 0x00, 0x00, 0x00, 0x00, 0x37, 0xff, 0x47,
    0x00, 0x9d, 0xdc, 0x04, 0x00, 0x00, 0x00, 0xb6, 0xc8, 0x00, 0x00, 0x22, 0xfb, 0x60, 0x00, 0x00, 0x35, 0xff, 0x49, 0x00,
    0x00, 0x00, 0x9f, 0xdc, 0x04, 0x00, 0xb4, 0xca, 0x00, 0x00, 0x00, 0x00, 0x24, 0xfc, 0x61, 0x33, 0xff, 0x4b, 0x00, 0x00,
    0x00, 0xf0, 0xff, 0xff, 0xdc, 0xb6, 0xff, 0xff, 0xff, 0x1c, 0x00, 0x00, 0x00, 0x23, 0xfd, 0xff, 0x4b, 0x00, 0x00, 0x00,
    0x00, 0x00, 0x00, 0x00, 0xbe, 0xe8, 0x01, 0x00, 0x00, 0x00, 0x00, 0xf0, 0xff, 0xff, 0xff, 0xff, 0xff, 0xff, 0xff, 0x1c,
    0x00, 0x00, 0x00, 0x00, 0xb0, 0xe0, 0x00, 0x00, 0x00, 0x00, 0x00, 0x00, 0x00, 0x00, 0xb0, 0xe0, 0x00, 0x00, 0x00, 0x00,
    0x00, 0x00, 0x00, 0x00, 0xb0, 0xe0, 0x00, 0x00, 0x00, 0x00, 0x00, 0x00, 0xf8, 0x5c, 0x00, 0x00, 0x00, 0xf8, 0x5c, 0x00,
    0x00, 0x00, 0xf8, 0x5c, 0x00, 0x00, 0x00, 0xf8, 0x5c, 0x00, 0x00, 0x00, 0xf8, 0x5c, 0x00, 0x00, 0x00, 0xf8, 0x5c, 0x00,
    0x00, 0x00, 0x00, 0x00, 0x00, 0x00, 0x00, 0x00, 0x00, 0x00, 0x00, 0x00, 0xf8, 0x5c, 0x00, 0x00, 0x00, 0xf8, 0x5c, 0x00,
    0x00, 0x00, 0xf8, 0x5c, 0x00, 0x00, 0x00, 0xf8, 0x5c, 0x00, 0x00, 0x00, 0xf8, 0x5c, 0x00, 0x00, 0x00, 0xf8, 0x5c, 0x00,
    0x00, 0x12, 0xa6, 0xed, 0xff, 0xff, 0x7c, 0x00, 0x00, 0x9b, 0xe1, 0x25, 0x01, 0x00, 0x00, 0x00, 0x00, 0xa9, 0xd3, 0x06,
    0x00, 0x00, 0x00, 0x00, 0x00, 0x2b, 0xfa, 0xcb, 0x35, 0x00, 0x00, 0x00, 0x00, 0x9d, 0xd5, 0xc5, 0xfc, 0x7d, 0x01, 0x00,
    0x21, 0xff, 0x2e, 0x02, 0x80, 0xfe, 0x8e, 0x00, 0x3f, 0xff, 0x10, 0x00, 0x00, 0x78, 0xfd, 0x1b, 0x15, 0xf8, 0x97, 0x00,
    0x00, 0x10, 0xff, 0x3b, 0x00, 0x6d, 0xff, 0xad, 0x11, 0x4b, 0xf9, 0x12, 0x00, 0x00, 0x52, 0xee, 0xe5, 0xea, 0x6a, 0x00,
    0x00, 0x00, 0x00, 0x16, 0xac, 0xfa, 0x45, 0x00, 0x00, 0x00, 0x00, 0x00, 0x01, 0xcf, 0xad, 0x00, 0x00, 0x00, 0x00, 0x01,
    0x2b, 0xe7, 0x8c, 0x00, 0x00, 0xa8, 0xff, 0xff, 0xea, 0x9c, 0x0b, 0x00, 0x00, 0x50, 0xff, 0x44, 0x44, 0xff, 0x54, 0x00,
    0x00, 0x50, 0xff, 0x44, 0x44, 0xff, 0x54, 0x00, 0x00, 0x00, 0x00, 0x00, 0x00, 0x00, 0x00, 0x00, 0x00, 0x00, 0x00, 0x00,
    0x00, 0x00, 0x00, 0x00, 0x00, 0x00, 0x00, 0x00, 0x00, 0x00, 0x00, 0x00, 0x00, 0x00, 0x00, 0x00, 0x00, 0x00, 0x00, 0x00,
    0x00, 0x00, 0x00, 0x00, 0x00, 0x00, 0x00, 0x00, 0x00, 0x00, 0x00, 0x00, 0x00, 0x00, 0x00, 0x00, 0x00, 0x00, 0x00, 0x00,
    0x00, 0x00, 0x00, 0x00, 0x00, 0x00, 0x00, 0x00, 0x00, 0x00, 0x00, 0x00, 0x00, 0x00, 0x00, 0x00, 0x00, 0x00, 0x00, 0x00,
    0x00, 0x00, 0x00, 0x00, 0x00, 0x00, 0x00, 0x00, 0x00, 0x00, 0x00, 0x00, 0x02, 0x60, 0xc4, 0xf2, 0xf3, 0xc5, 0x62, 0x03,
    0x00, 0x00, 0x00, 0x00, 0x00, 0x00, 0x00, 0x0b, 0xb7, 0xb4, 0x40, 0x0c, 0x0b, 0x3e, 0xb0, 0xbb, 0x0d, 0x00, 0x00, 0x00,
    0x00, 0x00, 0x00, 0xa8, 0x7f, 0x10, 0x9c, 0xec, 0xff, 0xff, 0x58, 0x78, 0xad, 0x00, 0x00, 0x00, 0x00, 0x00, 0x3c, 0xb4,
    0x00, 0xb6, 0xc8, 0x2c, 0x02, 0x00, 0x00, 0x00, 0xb0, 0x40, 0x00, 0x00, 0x00, 0x00, 0x94, 0x40, 0x35, 0xfe, 0x22, 0x00,
    0x00, 0x00, 0x00, 0x00, 0x3f, 0x98, 0x00, 0x00, 0x00, 0x00, 0xbd, 0x0c, 0x61, 0xe4, 0x00, 0x00, 0x00, 0x00, 0x00, 0x00,
    0x0c, 0xc0, 0x00, 0x00, 0x00, 0x00, 0xbd, 0x0c, 0x61, 0xe4, 0x00, 0x00, 0x00, 0x00, 0x00, 0x00, 0x0b, 0xc0, 0x00, 0x00,
    0x00, 0x00, 0x95, 0x40, 0x34, 0xfe, 0x23, 0x00, 0x00, 0x00, 0x00, 0x00, 0x3d, 0x99, 0x00, 0x00, 0x00, 0x00, 0x3e, 0xb5,
    0x00, 0xb6, 0xc9, 0x2f, 0x03, 0x00, 0x00, 0x00, 0xae, 0x41, 0x00, 0x00, 0x00, 0x00, 0x00, 0xa8, 0x82, 0x10, 0x9d, 0xed,
    0xff, 0xff, 0x58, 0x7b, 0xad, 0x00, 0x00, 0x00, 0x00, 0x00, 0x00, 0x0b, 0xb8, 0xb5, 0x40, 0x0c, 0x0b, 0x3e, 0xb2, 0xbc,
    0x0d, 0x00, 0x00, 0x00, 0x00, 0x00, 0x00, 0x00, 0x02, 0x63, 0xc6, 0xf4, 0xf4, 0xc8, 0x65, 0x03, 0x00, 0x00, 0x00, 0x00,
    0x00, 0xa0, 0xff, 0xfd, 0xe3, 0x7d, 0x00, 0x00, 0x00, 0x00, 0x00, 0x03, 0x28, 0xe2, 0x42, 0x00, 0x00, 0x49, 0xce, 0xf6,
    0xff, 0xff, 0x6f, 0x00, 0x03, 0xf2, 0x5d, 0x0c, 0x00, 0xc6, 0x74, 0x00, 0x08, 0xfa, 0x52, 0x09, 0x5b, 0xfd, 0x74, 0x00,
    0x00, 0x66, 0xe8, 0xf3, 0x92, 0xbc, 0x74, 0x00, 0x00, 0x00, 0x00, 0x00, 0x00, 0x00, 0x00, 0x00, 0x00, 0xe8, 0xff, 0xff,
    0xff, 0xff, 0x78, 0x00, 0x00, 0x00, 0x00, 0x00, 0x00, 0x00, 0x00, 0x00, 0x00, 0x00, 0x00, 0x00, 0x00, 0x00, 0x00, 0x00,
    0x00, 0x00, 0x00, 0x00, 0x00, 0x00, 0x00, 0x00, 0x00, 0x00, 0x00, 0x00, 0x00, 0x00, 0x00, 0x00, 0x00, 0x00, 0x00, 0x06,
    0x8c, 0x00, 0x00, 0x51, 0x42, 0x00, 0x00, 0x00, 0x11, 0xc0, 0xbb, 0x00, 0x70, 0xf1, 0x2c, 0x00, 0x00, 0x21, 0xd7, 0xaa,
    0x0b, 0x92, 0xe5, 0x31, 0x00, 0x00, 0x00, 0xb9, 0xd2, 0x03, 0x55, 0xff, 0x3a, 0x00, 0x00, 0x00, 0x00, 0x21, 0xd7, 0xaa,
    0x0b, 0x92, 0xe5, 0x31, 0x00, 0x00, 0x00, 0x00, 0x11, 0xc1, 0xbb, 0x00, 0x71, 0xf1, 0x2c, 0x00, 0x00, 0x00, 0x00, 0x06,
    0x8c, 0x00, 0x00, 0x51, 0x42, 0x00, 0x00, 0x00, 0x00, 0x00, 0x00, 0x00, 0x00, 0x00, 0x00, 0x00, 0x00, 0x4c, 0xff, 0xff,
    0xff, 0xff, 0xff, 0xff, 0xff, 0xff, 0xff, 0xb8, 0x00, 0x00, 0x00, 0x00, 0x00, 0x00, 0x00, 0x00, 0x00, 0x00, 0x00, 0x98,
    0xb8, 0x00, 0x00, 0x00, 0x00, 0x00, 0x00, 0x00, 0x00, 0x00, 0x00, 0x00, 0x98, 0xb8, 0x00, 0x00, 0x00, 0x00, 0x00, 0x00,
    0x00, 0x00, 0x00, 0x00, 0x00, 0x98, 0xb8, 0x00, 0x00, 0x00, 0x00, 0x00, 0x00, 0x00, 0x00, 0x00, 0x00, 0x00, 0x98, 0xb8,
    0x00, 0x00, 0x00, 0x00, 0x00, 0x00, 0x00, 0x00, 0x00, 0x00, 0x00, 0x00, 0x00, 0x00, 0x00, 0x00, 0x00, 0x00, 0x00, 0x00,
    0x00, 0x00, 0x00, 0x00, 0x00, 0x00, 0x00, 0x38, 0xff, 0xff, 0xff, 0xff, 0x00, 0x00, 0x00, 0x00, 0x00, 0x00, 0x00, 0x00,
    0x00, 0x00, 0x00, 0x00, 0x00, 0x00, 0x00, 0x00, 0x00, 0x00, 0x00, 0x00, 0x00, 0x00, 0x00, 0x00, 0x00, 0x00, 0x00, 0x00,
    0x00, 0x02, 0x60, 0xc4, 0xf2, 0xf3, 0xc5, 0x62, 0x03, 0x00, 0x00, 0x00, 0x00, 0x00, 0x00, 0x00, 0x0b, 0xb7, 0xb4, 0x40,
    0x0c, 0x0b, 0x3e, 0xb0, 0xbb, 0x0d, 0x00, 0x00, 0x00, 0x00, 0x00, 0x00, 0xa8, 0x7f, 0x60, 0xff, 0xff, 0xee, 0xaa, 0x0e,
    0x78, 0xad, 0x00, 0x00, 0x00, 0x00, 0x00, 0x3c, 0xb4, 0x00, 0x60, 0xd4, 0x00, 0x17, 0xd5, 0x7a, 0x00, 0xb0, 0x40, 0x00,
    0x00, 0x00, 0x00, 0x94, 0x40, 0x00, 0x60, 0xd4, 0x00, 0x15, 0xd4, 0x77, 0x00, 0x3f, 0x98, 0x00, 0x00, 0x00, 0x00, 0xbd,
    0x0c, 0x00, 0x60, 0xff, 0xff, 0xff, 0x9b, 0x0b, 0x00, 0x0c, 0xc0, 0x00, 0x00, 0x00, 0x00, 0xbd, 0x0c, 0x00, 0x60, 0xd4,
    0x0f, 0xcc, 0x93, 0x00, 0x00, 0x0b, 0xc0, 0x00, 0x00, 0x00, 0x00, 0x95, 0x40, 0x00, 0x60, 0xd4, 0x00, 0x47, 0xf9, 0x19,
    0x00, 0x3d, 0x99, 0x00, 0x00, 0x00, 0x00, 0x3e, 0xb5, 0x00, 0x60, 0xd4, 0x00, 0x00, 0xd5, 0x82, 0x00, 0xae, 0x41, 0x00,
    0x00, 0x00, 0x00, 0x00, 0xa8, 0x82, 0x60, 0xd4, 0x00, 0x00, 0x67, 0xe9, 0x82, 0xad, 0x00, 0x00, 0x00, 0x00, 0x00, 0x00,
    0x0b, 0xb8, 0xb5, 0x40, 0x0c, 0x0b, 0x3e, 0xb2, 0xbc, 0x0d, 0x00, 0x00, 0x00, 0x00, 0x00, 0x00, 0x00, 0x02, 0x63, 0xc6,
    0xf4, 0xf4, 0xc8, 0x65, 0x03, 0x00, 0x00, 0x00, 0x00, 0x00, 0x54, 0xff, 0xff, 0xff, 0xff, 0x58, 0x00, 0x00, 0x00, 0x00,
    0x00, 0x00, 0x00, 0x00, 0x00, 0x00, 0x00, 0x00, 0x00, 0x00, 0x00, 0x00, 0x00, 0x00, 0x00, 0x00, 0x00, 0x00, 0x00, 0x00,
    0x00, 0x00, 0x00, 0x00, 0x00, 0x00, 0x00, 0x00, 0x00, 0x00, 0x00, 0x00, 0x00, 0x00, 0x00, 0x00, 0x00, 0x00, 0x00, 0x00,
    0x00, 0x00, 0x00, 0x00, 0x00, 0x00, 0x00, 0x00, 0x00, 0x00, 0x00, 0x00, 0x00, 0x00, 0x00, 0x00, 0x00, 0x00, 0x00, 0x00,
    0x00, 0x00, 0x00, 0x00, 0x00, 0x00, 0x00, 0x00, 0x00, 0x00, 0x00, 0x00, 0x00, 0x00, 0x00, 0x00, 0x00, 0x00, 0x00, 0x00,
    0x00, 0x00, 0x00, 0x00, 0x00, 0x00, 0x00, 0x6a, 0xe6, 0xe5, 0x69, 0x00, 0x00, 0x00, 0x36, 0xdb, 0x23, 0x25, 0xde, 0x37,
    0x00, 0x00, 0x6c, 0x8f, 0x00, 0x00, 0x90, 0x6f, 0x00, 0x00, 0x3b, 0xda, 0x21, 0x22, 0xdc, 0x3c, 0x00, 0x00, 0x00, 0x73,
    0xe8, 0xe8, 0x70, 0x00, 0x00, 0x00, 0x00, 0x00, 0x00, 0x00, 0x00, 0x00, 0x00, 0x00, 0x00, 0x00, 0x00, 0x00, 0x00, 0x00,
    0x00, 0x00, 0x00, 0x00, 0x00, 0x00, 0x00, 0x00, 0x00, 0x00, 0x00, 0x00, 0x00, 0x00, 0x00, 0x00, 0x00, 0x00, 0x00, 0x00,
    0x00, 0x00, 0x00, 0x00, 0x00, 0x00, 0x00, 0x00, 0x00, 0x00, 0x00, 0x00, 0x00, 0x00, 0x00, 0x00, 0x00, 0x00, 0x00, 0x00,
    0x00, 0x00, 0x00, 0x00, 0x00, 0x00, 0x00, 0xf4, 0x5c, 0x00, 0x00, 0x00, 0x00, 0x00, 0x00, 0x00, 0x00, 0x00, 0x00, 0x00,
    0xf4, 0x5c, 0x00, 0x00, 0x00, 0x00, 0x00, 0x00, 0x00, 0x00, 0x00, 0x00, 0x00, 0xf4, 0x5c, 0x00, 0x00, 0x00, 0x00, 0x00,
    0x00, 0x4c, 0xff, 0xff, 0xff, 0xff, 0xff, 0xff, 0xff, 0xff, 0xff, 0xb8, 0x00, 0x00, 0x00, 0x00, 0x00, 0x00, 0x00, 0xf4,
    0x5c, 0x00, 0x00, 0x00, 0x00, 0x00, 0x00, 0x00, 0x00, 0x00, 0x00, 0x00, 0xf4, 0x5c, 0x00, 0x00, 0x00, 0x00, 0x00, 0x00,
    0x00, 0x00, 0x00, 0x00, 0x00, 0xf4, 0x5c, 0x00, 0x00, 0x00, 0x00, 0x00, 0x00, 0x00, 0x00, 0x00, 0x00, 0x00, 0x00, 0x00,
    0x00, 0x00, 0x00, 0x00, 0x00, 0x00, 0x00, 0x00, 0x00, 0x00, 0x00, 0x00, 0x00, 0x00, 0x00, 0x00, 0x00, 0x00, 0x00, 0x4c,
    0xff, 0xff, 0xff, 0xff, 0xff, 0xff, 0xff, 0xff, 0xff, 0xb8, 0x00, 0x38, 0xff, 0xff, 0xe9, 0x81, 0x00, 0x00, 0x00, 0x01,
    0x37, 0xf5, 0x40, 0x00, 0x00, 0x00, 0x09, 0xeb, 0x30, 0x00, 0x00, 0x01, 0xa3, 0x96, 0x00, 0x00, 0x02, 0x98, 0xae, 0x04,
    0x00, 0x06, 0xa7, 0xa2, 0x04, 0x00, 0x00, 0x43, 0xff, 0xff, 0xff, 0xff, 0x68, 0x00, 0x00, 0x00, 0x00, 0x00, 0x00, 0x00,
    0x00, 0x00, 0x00, 0x00, 0x00, 0x00, 0x00, 0x00, 0x00, 0x00, 0x00, 0x00, 0x00, 0x00, 0x00, 0x00, 0x00, 0x00, 0x00, 0x00,
    0x00, 0x00, 0x00, 0x00, 0xff, 0xff, 0xef, 0x9b, 0x05, 0x00, 0x00, 0x00, 0x21, 0xe3, 0x59, 0x00, 0x00, 0x00, 0x21, 0xe4,
    0x43, 0x00, 0x00, 0xf8, 0xff, 0xaa, 0x03, 0x00, 0x00, 0x01, 0x1d, 0xcc, 0x74, 0x00, 0x00, 0x01, 0x20, 0xce, 0x80, 0x3c,
    0xff, 0xff, 0xec, 0xa4, 0x0d, 0x00, 0x00, 0x00, 0x00, 0x00, 0x00, 0x00, 0x00, 0x00, 0x00, 0x00, 0x00, 0x00, 0x00, 0x00,
    0x00, 0x00, 0x00, 0x00, 0x00, 0x00, 0x00, 0x00, 0x00, 0x00, 0x00, 0x00, 0x00, 0x00, 0x00, 0x00, 0x00, 0x00, 0x00, 0x46,
    0xf7, 0x3d, 0x00, 0x00, 0x00, 0x00, 0x17, 0xe8, 0x5e, 0x00, 0x00, 0x00, 0x00, 0x01, 0xb9, 0x84, 0x00, 0x00, 0x00, 0x00,
    0x00, 0x00, 0x00, 0x00, 0x00, 0x00, 0x00, 0x00, 0x00, 0x00, 0x00, 0x00, 0x00, 0x00, 0x00, 0x00, 0x00, 0x00, 0x00, 0x00,
    0x00, 0x00, 0x00, 0x00, 0x00, 0x00, 0x00, 0x00, 0x00, 0x00, 0x00, 0x00, 0x00, 0x00, 0x00, 0x00, 0x00, 0x00, 0x00, 0x00,
    0x00, 0x00, 0x00, 0x00, 0x00, 0x00, 0x00, 0x00, 0x00, 0x00, 0x00, 0x00, 0x00, 0x00, 0x00, 0x00, 0x00, 0x00, 0x00, 0x00,
    0x00, 0x00, 0x00, 0x00, 0x00, 0x00, 0x00, 0x00, 0x00, 0x00, 0x00, 0x00, 0x00, 0x00, 0x00, 0x00, 0x00, 0x00, 0x00, 0x00,
    0xa4, 0xcc, 0x00, 0x00, 0x00, 0x00, 0xc0, 0xb0, 0x00, 0x00, 0xa4, 0xcc, 0x00, 0x00, 0x00, 0x00, 0xc0, 0xb0, 0x00, 0x00,
    0xa4, 0xcc, 0x00, 0x00, 0x00, 0x00, 0xc0, 0xb0, 0x00, 0x00, 0xa4, 0xcc, 0x00, 0x00, 0x00, 0x00, 0xc0, 0xb0, 0x00, 0x00,
    0xa4, 0xcc, 0x00, 0x00, 0x00, 0x00, 0xc0, 0xb0, 0x00, 0x00, 0xa4, 0xcc, 0x00, 0x00, 0x00, 0x00, 0xc4, 0xb0, 0x00, 0x00,
    0xa4, 0xe6, 0x00, 0x00, 0x00, 0x03, 0xe8, 0xb0, 0x00, 0x00, 0xa4, 0xff, 0x7f, 0x10, 0x16, 0x90, 0xff, 0xc7, 0x03, 0x00,
    0xa4, 0xd1, 0x94, 0xe8, 0xeb, 0xa0, 0x67, 0xf0, 0xae, 0x00, 0xa4, 0xcc, 0x00, 0x00, 0x00, 0x00, 0x00, 0x00, 0x00, 0x00,
    0xa4, 0xcc, 0x00, 0x00, 0x00, 0x00, 0x00, 0x00, 0x00, 0x00, 0xa4, 0xcc, 0x00, 0x00, 0x00, 0x00, 0x00, 0x00, 0x00, 0x00,
    0x00, 0x31, 0xb9, 0xed, 0xff, 0xff, 0xff, 0x74, 0x00, 0x00, 0x31, 0xf8, 0xff, 0xff, 0xdc, 0x00, 0xa8, 0x74, 0x00, 0x00,
    0xa0, 0xff, 0xff, 0xff, 0xdc, 0x00, 0xa8, 0x74, 0x00, 0x00, 0xbc, 0xff, 0xff, 0xff, 0xdc, 0x00, 0xa8, 0x74, 0x00, 0x00,
    0x98, 0xff, 0xff, 0xff, 0xdc, 0x00, 0xa8, 0x74, 0x00, 0x00, 0x28, 0xf7, 0xff, 0xff, 0xdc, 0x00, 0xa8, 0x74, 0x00, 0x00,
    0x00, 0x2e, 0xb1, 0xed, 0xdc, 0x00, 0xa8, 0x74, 0x00, 0x00, 0x00, 0x00, 0x00, 0x40, 0xdc, 0x00, 0xa8, 0x74, 0x00, 0x00,
    0x00, 0x00, 0x00, 0x40, 0xdc, 0x00, 0xa8, 0x74, 0x00, 0x00, 0x00, 0x00, 0x00, 0x40, 0xdc, 0x00, 0xa8, 0x74, 0x00, 0x00,
    0x00, 0x00, 0x00, 0x40, 0xdc, 0x00, 0xa8, 0x74, 0x00, 0x00, 0x00, 0x00, 0x00, 0x40, 0xdc, 0x00, 0xa8, 0x74, 0x00, 0x00,
    0x00, 0x00, 0x00, 0x40, 0xdc, 0x00, 0xa8, 0x74, 0x00, 0x00, 0x00, 0x00, 0x00, 0x40, 0xdc, 0x00, 0xa8, 0x74, 0x00, 0x00,
    0x48, 0xff, 0x5c, 0x00, 0x00, 0x48, 0xff, 0x5c, 0x00, 0x00, 0x00, 0x00, 0x00, 0x00, 0x00, 0x00, 0x00, 0x00, 0x00, 0x00,
    0x00, 0x00, 0x00, 0x00, 0x00, 0x00, 0x00, 0x00, 0x00, 0x00, 0x00, 0x00, 0x00, 0x00, 0x00, 0x00, 0x00, 0x0e, 0xce, 0x19,
    0x00, 0x00, 0x00, 0x00, 0x00, 0x07, 0xb8, 0x71, 0x00, 0x00, 0x00, 0x00, 0xa3, 0xfa, 0xdc, 0x31, 0x00, 0x00, 0x00, 0xec,
    0xff, 0xf0, 0x00, 0x00, 0x00, 0x00, 0x30, 0xf0, 0x00, 0x00, 0x00, 0x00, 0x30, 0xf0, 0x00, 0x00, 0x00, 0x00, 0x30, 0xf0,
    0x00, 0x00, 0x00, 0x00, 0x30, 0xf0, 0x00, 0x00, 0x00, 0x00, 0x30, 0xf0, 0x00, 0x00, 0x00, 0xc8, 0xff, 0xff, 0xff, 0x8c,
    0x00, 0x00, 0x00, 0x00, 0x00, 0x00, 0x00, 0x00, 0x00, 0x00, 0x00, 0x00, 0x00, 0x00, 0x00, 0x00, 0x00, 0x00, 0x00, 0x00,
    0x00, 0x00, 0x00, 0x00, 0x00, 0x00, 0x00, 0x00, 0x00, 0x00, 0x00, 0x27, 0xba, 0xf2, 0xe1, 0x7d, 0x01, 0x00, 0x04, 0xd9,
    0x96, 0x0f, 0x31, 0xe5, 0x65, 0x00, 0x2b, 0xff, 0x0d, 0x00, 0x00, 0x81, 0xb3, 0x00, 0x2c, 0xff, 0x0d, 0x00, 0x00, 0x80,
    0xb2, 0x00, 0x04, 0xda, 0x96, 0x0f, 0x31, 0xe5, 0x67, 0x00, 0x00, 0x29, 0xbc, 0xf3, 0xe3, 0x7f, 0x01, 0x00, 0x00, 0x00,
    0x00, 0x00, 0x00, 0x00, 0x00, 0x00, 0x00, 0xe8, 0xff, 0xff, 0xff, 0xff, 0x78, 0x00, 0x00, 0x00, 0x00, 0x00, 0x00, 0x00,
    0x00, 0x00, 0x00, 0x00, 0x00, 0x00, 0x00, 0x00, 0x00, 0x00, 0x00, 0x00, 0x00, 0x00, 0x00, 0x00, 0x00, 0x00, 0x00, 0x00,
    0x00, 0x00, 0x00, 0x00, 0x00, 0x00, 0x00, 0x61, 0x30, 0x00, 0x16, 0x7b, 0x00, 0x00, 0x00, 0x00, 0x00, 0x52, 0xf0, 0x48,
    0x0b, 0xe0, 0x9b, 0x04, 0x00, 0x00, 0x00, 0x00, 0x52, 0xf2, 0x65, 0x18, 0xcc, 0xb8, 0x0d, 0x00, 0x00, 0x00, 0x00, 0x6d,
    0xff, 0x22, 0x17, 0xf2, 0x85, 0x00, 0x00, 0x00, 0x52, 0xf2, 0x65, 0x18, 0xcc, 0xb8, 0x0d, 0x00, 0x00, 0x52, 0xf1, 0x49,
    0x0b, 0xe0, 0x9b, 0x04, 0x00, 0x00, 0x00, 0x61, 0x30, 0x00, 0x17, 0x7c, 0x00, 0x00, 0x00, 0x00, 0x00, 0x00, 0x00, 0x00,
    0x00, 0x00, 0x00, 0x00, 0x00, 0x00, 0x00, 0xec, 0xff, 0xf0, 0x00, 0x00, 0x00, 0x00, 0x00, 0x00, 0x86, 0xba, 0x00, 0x00,
    0x00, 0x00, 0x00, 0x00, 0x30, 0xf0, 0x00, 0x00, 0x00, 0x00, 0x00, 0x28, 0xf2, 0x25, 0x00, 0x00, 0x00, 0x00, 0x00, 0x00,
    0x30, 0xf0, 0x00, 0x00, 0x00, 0x00, 0x00, 0xbd, 0x82, 0x00, 0x00, 0x00, 0x00, 0x00, 0x00, 0x00, 0x30, 0xf0, 0x00, 0x00,
    0x00, 0x00, 0x59, 0xde, 0x08, 0x00, 0x00, 0x00, 0x00, 0x00, 0x00, 0x00, 0x30, 0xf0, 0x00, 0x00, 0x00, 0x0e, 0xe6, 0x4b,
    0x00, 0x00, 0x00, 0x00, 0x00, 0x00, 0x00, 0x00, 0x30, 0xf0, 0x00, 0x00, 0x00, 0x91, 0xaf, 0x00, 0x00, 0x00, 0xa9, 0xf4,
    0x00, 0x00, 0x00, 0xc8, 0xff, 0xff, 0xff, 0x8c, 0x2f, 0xf1, 0x1e, 0x00, 0x00, 0x49, 0xc2, 0xf4, 0x00, 0x00, 0x00, 0x00,
    0x00, 0x00, 0x00, 0x01, 0xc6, 0x78, 0x00, 0x00, 0x0a, 0xc7, 0x3c, 0xf4, 0x00, 0x00, 0x00, 0x00, 0x00, 0x00, 0x00, 0x64,
    0xd6, 0x05, 0x00, 0x00, 0x8b, 0x57, 0x2c, 0xf4, 0x00, 0x00, 0x00, 0x00, 0x00, 0x00, 0x12, 0xeb, 0x41, 0x00, 0x00, 0x2e,
    0xb3, 0x00, 0x2c, 0xf4, 0x00, 0x00, 0x00, 0x00, 0x00, 0x00, 0x9b, 0xa5, 0x00, 0x00, 0x00, 0x68, 0xff, 0xff, 0xff, 0xff,
    0xff, 0x00, 0x00, 0x00, 0x00, 0x37, 0xef, 0x18, 0x00, 0x00, 0x00, 0x00, 0x00, 0x00, 0x2c, 0xf4, 0x00, 0x00, 0x00, 0xec,
    0xff, 0xf0, 0x00, 0x00, 0x00, 0x00, 0x00, 0x00, 0x86, 0xba, 0x00, 0x00, 0x00, 0x00, 0x00, 0x00, 0x30, 0xf0, 0x00, 0x00,
    0x00, 0x00, 0x00, 0x28, 0xf2, 0x25, 0x00, 0x00, 0x00, 0x00, 0x00, 0x00, 0x30, 0xf0, 0x00, 0x00, 0x00, 0x00, 0x00, 0xbd,
    0x82, 0x00, 0x00, 0x00, 0x00, 0x00, 0x00, 0x00, 0x30, 0xf0, 0x00, 0x00, 0x00, 0x00, 0x59, 0xde, 0x08, 0x00, 0x00, 0x00,
    0x00, 0x00, 0x00, 0x00, 0x30, 0xf0, 0x00, 0x00, 0x00, 0x0e, 0xe6, 0x4b, 0x00, 0x00, 0x00, 0x00, 0x00, 0x00, 0x00, 0x00,
    0x30, 0xf0, 0x00, 0x00, 0x00, 0x91, 0xaf, 0x20, 0xff, 0xff, 0xed, 0x92, 0x03, 0x00, 0x00, 0xc8, 0xff, 0xff, 0xff, 0x8c,
    0x2f, 0xf1, 0x1e, 0x00, 0x00, 0x00, 0x2b, 0xea, 0x58, 0x00, 0x00, 0x00, 0x00, 0x00, 0x00, 0x01, 0xc6, 0x78, 0x00, 0x00,
    0x00, 0x00, 0x03, 0xd9, 0x47, 0x00, 0x00, 0x00, 0x00, 0x00, 0x00, 0x64, 0xd6, 0x05, 0x00, 0x00, 0x00, 0x00, 0x8d, 0xae,
    0x00, 0x00, 0x00, 0x00, 0x00, 0x00, 0x12, 0xeb, 0x41, 0x00, 0x00, 0x00, 0x00, 0x82, 0xc0, 0x0a, 0x00, 0x00, 0x00, 0x00,
    0x00, 0x00, 0x9b, 0xa5, 0x00, 0x00, 0x00, 0x02, 0x93, 0xb5, 0x09, 0x00, 0x00, 0x00, 0x00, 0x00, 0x00, 0x37, 0xef, 0x18,
    0x00, 0x00, 0x00, 0x2b, 0xff, 0xff, 0xff, 0xff, 0x80, 0x00, 0x00, 0xff, 0xff, 0xef, 0x9b, 0x05, 0x00, 0x00, 0x00, 0x00,
    0x86, 0xba, 0x00, 0x00, 0x00, 0x00, 0x00, 0x00, 0x00, 0x21, 0xe3, 0x59, 0x00, 0x00, 0x00, 0x28, 0xf2, 0x25, 0x00, 0x00,
    0x00, 0x00, 0x00, 0x00, 0x00, 0x21, 0xe4, 0x43, 0x00, 0x00, 0x00, 0xbd, 0x82, 0x00, 0x00, 0x00, 0x00, 0x00, 0x00, 0x00,
    0xf8, 0xff, 0xaa, 0x03, 0x00, 0x00, 0x59, 0xde, 0x08, 0x00, 0x00, 0x00, 0x00, 0x00, 0x00, 0x00, 0x01, 0x1d, 0xcc, 0x74,
    0x00, 0x0e, 0xe6, 0x4b, 0x00, 0x00, 0x00, 0x00, 0x00, 0x00, 0x00, 0x00, 0x01, 0x20, 0xce, 0x80, 0x00, 0x91, 0xaf, 0x00,
    0x00, 0x00, 0xa9, 0xf4, 0x00, 0x00, 0x3c, 0xff, 0xff, 0xec, 0xa4, 0x0d, 0x2f, 0xf1, 0x1e, 0x00, 0x00, 0x49, 0xc2, 0xf4,
    0x00, 0x00, 0x00, 0x00, 0x00, 0x00, 0x00, 0x01, 0xc6, 0x78, 0x00, 0x00, 0x0a, 0xc7, 0x3c, 0xf4, 0x00, 0x00, 0x00, 0x00,
    0x00, 0x00, 0x00, 0x64, 0xd6, 0x05, 0x00, 0x00, 0x8b, 0x57, 0x2c, 0xf4, 0x00, 0x00, 0x00, 0x00, 0x00, 0x00, 0x12, 0xeb,
    0x41, 0x00, 0x00, 0x2e, 0xb3, 0x00, 0x2c, 0xf4, 0x00, 0x00, 0x00, 0x00, 0x00, 0x00, 0x9b, 0xa5, 0x00, 0x00, 0x00, 0x68,
    0xff, 0xff, 0xff, 0xff, 0xff, 0x00, 0x00, 0x00, 0x00, 0x37, 0xef, 0x18, 0x00, 0x00, 0x00, 0x00, 0x00, 0x00, 0x2c, 0xf4,
    0x00, 0x00, 0x00, 0x00, 0x00, 0x24, 0xff, 0x70, 0x00, 0x00, 0x00, 0x00, 0x00, 0x00, 0x24, 0xff, 0x70, 0x00, 0x00, 0x00,
    0x00, 0x00, 0x00, 0x00, 0x00, 0x00, 0x00, 0x00, 0x00, 0x00, 0x00, 0x00, 0x18, 0xff, 0x64, 0x00, 0x00, 0x00, 0x00, 0x00,
    0x00, 0x1d, 0xff, 0x5f, 0x00, 0x00, 0x00, 0x00, 0x00, 0x00, 0x5d, 0xff, 0x39, 0x00, 0x00, 0x00, 0x00, 0x00, 0x32, 0xf2,
    0xb2, 0x00, 0x00, 0x00, 0x00, 0x00, 0x25, 0xeb, 0xca, 0x0d, 0x00, 0x00, 0x00, 0x00, 0x00, 0xb3, 0xef, 0x19, 0x00, 0x00,
    0x00, 0x00, 0x00, 0x00, 0xd2, 0xc2, 0x00, 0x00, 0x00, 0x00, 0x00, 0x00, 0x00, 0x89, 0xf9, 0x4f, 0x0a, 0x2d, 0x90, 0x50,
    0x00, 0x00, 0x07, 0x89, 0xe2, 0xf4, 0xce, 0x6d, 0x07, 0x00, 0x00, 0x00, 0x00, 0x1b, 0xe2, 0x65, 0x00, 0x00, 0x00, 0x00,
    0x00, 0x00, 0x00, 0x00, 0x00, 0x29, 0xe5, 0x31, 0x00, 0x00, 0x00, 0x00, 0x00, 0x00, 0x00, 0x00, 0x00, 0x00, 0x00, 0x00,
    0x00, 0x00, 0x00, 0x00, 0x00, 0x00, 0x00, 0x9c, 0xff, 0x8e, 0x00, 0x00, 0x00, 0x00, 0x00, 0x00, 0x00, 0x09, 0xf1, 0xf7,
    0xe9, 0x04, 0x00, 0x00, 0x00, 0x00, 0x00, 0x00, 0x5a, 0xff, 0x72, 0xff, 0x4c, 0x00, 0x00, 0x00, 0x00, 0x00, 0x00, 0xb9,
    0xda, 0x02, 0xe7, 0xaa, 0x00, 0x00, 0x00, 0x00, 0x00, 0x1a, 0xfd, 0x83, 0x00, 0x92, 0xf8, 0x11, 0x00, 0x00, 0x00, 0x00,
    0x77, 0xff, 0x2c, 0x00, 0x3b, 0xff, 0x68, 0x00, 0x00, 0x00, 0x00, 0xd5, 0xd5, 0x00, 0x00, 0x01, 0xe2, 0xc6, 0x00, 0x00,
    0x00, 0x35, 0xff, 0x7f, 0x00, 0x00, 0x00, 0x8c, 0xff, 0x26, 0x00, 0x00, 0x94, 0xff, 0xff, 0xff, 0xff, 0xff, 0xff, 0xff,
    0x84, 0x00, 0x06, 0xec, 0xae, 0x00, 0x00, 0x00, 0x00, 0x00, 0xb7, 0xe1, 0x01, 0x52, 0xff, 0x53, 0x00, 0x00, 0x00, 0x00,
    0x00, 0x5c, 0xff, 0x41, 0xb1, 0xf1, 0x08, 0x00, 0x00, 0x00, 0x00, 0x00, 0x0c, 0xf5, 0xa0, 0x00, 0x00, 0x00, 0x00, 0x00,
    0x7f, 0xd4, 0x10, 0x00, 0x00, 0x00, 0x00, 0x00, 0x00, 0x00, 0x44, 0xe2, 0x1d, 0x00, 0x00, 0x00, 0x00, 0x00, 0x00, 0x00,
    0x00, 0x00, 0x00, 0x00, 0x00, 0x00, 0x00, 0x00, 0x00, 0x00, 0x00, 0x00, 0x9c, 0xff, 0x8e, 0x00, 0x00, 0x00, 0x00, 0x00,
    0x00, 0x00, 0x09, 0xf1, 0xf7, 0xe9, 0x04, 0x00, 0x00, 0x00, 0x00, 0x00, 0x00, 0x5a, 0xff, 0x72, 0xff, 0x4c, 0x00, 0x00,
    0x00, 0x00, 0x00, 0x00, 0xb9, 0xda, 0x02, 0xe7, 0xaa, 0x00, 0x00, 0x00, 0x00, 0x00, 0x1a, 0xfd, 0x83, 0x00, 0x92, 0xf8,
    0x11, 0x00, 0x00, 0x00, 0x00, 0x77, 0xff, 0x2c, 0x00, 0x3b, 0xff, 0x68, 0x00, 0x00, 0x00, 0x00, 0xd5, 0xd5, 0x00, 0x00,
    0x01, 0xe2, 0xc6, 0x00, 0x00, 0x00, 0x35, 0xff, 0x7f, 0x00, 0x00, 0x00, 0x8c, 0xff, 0x26, 0x00, 0x00, 0x94, 0xff, 0xff,
    0xff, 0xff, 0xff, 0xff, 0xff, 0x84, 0x00, 0x06, 0xec, 0xae, 0x00, 0x00, 0x00, 0x00, 0x00, 0xb7, 0xe1, 0x01, 0x52, 0xff,
    0x53, 0x00, 0x00, 0x00, 0x00, 0x00, 0x5c, 0xff, 0x41, 0xb1, 0xf1, 0x08, 0x00, 0x00, 0x00, 0x00, 0x00, 0x0c, 0xf5, 0xa0,
    0x00, 0x00, 0x00, 0x01, 0xac, 0xe2, 0x9c, 0x00, 0x00, 0x00, 0x00, 0x00, 0x00, 0x00, 0x82, 0xa5, 0x07, 0xb2, 0x6e, 0x00,
    0x00, 0x00, 0x00, 0x00, 0x00, 0x00, 0x00, 0x00, 0x00, 0x00, 0x00, 0x00, 0x00, 0x00, 0x00, 0x00, 0x00, 0x9c, 0xff, 0x8e,
    0x00, 0x00, 0x00, 0x00, 0x00, 0x00, 0x00, 0x09, 0xf1, 0xf7, 0xe9, 0x04, 0x00, 0x00, 0x00, 0x00, 0x00, 0x00, 0x5a, 0xff,
    0x72, 0xff, 0x4c, 0x00, 0x00, 0x00, 0x00, 0x00, 0x00, 0xb9, 0xda, 0x02, 0xe7, 0xaa, 0x00, 0x00, 0x00, 0x00, 0x00, 0x1a,
    0xfd, 0x83, 0x00, 0x92, 0xf8, 0x11, 0x00, 0x00, 0x00, 0x00, 0x77, 0xff, 0x2c, 0x00, 0x3b, 0xff, 0x68, 0x00, 0x00, 0x00,
    0x00, 0xd5, 0xd5, 0x00, 0x00, 0x01, 0xe2, 0xc6, 0x00, 0x00, 0x00, 0x35, 0xff, 0x7f, 0x00, 0x00, 0x00, 0x8c, 0xff, 0x26,
    0x00, 0x00, 0x94, 0xff, 0xff, 0xff, 0xff, 0xff, 0xff, 0xff, 0x84, 0x00, 0x06, 0xec, 0xae, 0x00, 0x00, 0x00, 0x00, 0x00,
    0xb7, 0xe1, 0x01, 0x52, 0xff, 0x53, 0x00, 0x00, 0x00, 0x00, 0x00, 0x5c, 0xff, 0x41, 0xb1, 0xf1, 0x08, 0x00, 0x00, 0x00,
    0x00, 0x00, 0x0c, 0xf5, 0xa0, 0x00, 0x00, 0x00, 0x90, 0xf3, 0x8b, 0x22, 0xf3, 0x01, 0x00, 0x00, 0x00, 0x00, 0x0c, 0xf1,
    0x1e, 0x98, 0xf3, 0x7f, 0x00, 0x00, 0x00, 0x00, 0x00, 0x00, 0x00, 0x00, 0x00, 0x00, 0x00, 0x00, 0x00, 0x00, 0x00, 0x00,
    0x00, 0x00, 0x9c, 0xff, 0x8e, 0x00, 0x00, 0x00, 0x00, 0x00, 0x00, 0x00, 0x09, 0xf1, 0xf7, 0xe9, 0x04, 0x00, 0x00, 0x00,
    0x00, 0x00, 0x00, 0x5a, 0xff, 0x72, 0xff, 0x4c, 0x00, 0x00, 0x00, 0x00, 0x00, 0x00, 0xb9, 0xda, 0x02, 0xe7, 0xaa, 0x00,
    0x00, 0x00, 0x00, 0x00, 0x1a, 0xfd, 0x83, 0x00, 0x92, 0xf8, 0x11, 0x00, 0x00, 0x00, 0x00, 0x77, 0xff, 0x2c, 0x00, 0x3b,
    0xff, 0x68, 0x00, 0x00, 0x00, 0x00, 0xd5, 0xd5, 0x00, 0x00, 0x01, 0xe2, 0xc6, 0x00, 0x00, 0x00, 0x35, 0xff, 0x7f, 0x00,
    0x00, 0x00, 0x8c, 0xff, 0x26, 0x00, 0x00, 0x94, 0xff, 0xff, 0xff, 0xff, 0xff, 0xff, 0xff, 0x84, 0x00, 0x06, 0xec, 0xae,
    0x00, 0x00, 0x00, 0x00, 0x00, 0xb7, 0xe1, 0x01, 0x52, 0xff, 0x53, 0x00, 0x00, 0x00, 0x00, 0x00, 0x5c, 0xff, 0x41, 0xb1,
    0xf1, 0x08, 0x00, 0x00, 0x00, 0x00, 0x00, 0x0c, 0xf5, 0xa0, 0x00, 0x00, 0x00, 0xdc, 0xbc, 0x00, 0xcc, 0xc8, 0x00, 0x00,
    0x00, 0x00, 0x00, 0x00, 0xdc, 0xbc, 0x00, 0xcc, 0xc8, 0x00, 0x00, 0x00, 0x00, 0x00, 0x00, 0x00, 0x00, 0x00, 0x00, 0x00,
    0x00, 0x00, 0x00, 0x00, 0x00, 0x00, 0x00, 0x9c, 0xff, 0x8e, 0x00, 0x00, 0x00, 0x00, 0x00, 0x00, 0x00, 0x09, 0xf1, 0xf7,
    0xe9, 0x04, 0x00, 0x00, 0x00, 0x00, 0x00, 0x00, 0x5a, 0xff, 0x72, 0xff, 0x4c, 0x00, 0x00, 0x00, 0x00, 0x00, 0x00, 0xb9,
    0xda, 0x02, 0xe7, 0xaa, 0x00, 0x00, 0x00, 0x00, 0x00, 0x1a, 0xfd, 0x83, 0x00, 0x92, 0xf8, 0x11, 0x00, 0x00, 0x00, 0x00,
    0x77, 0xff, 0x2c, 0x00, 0x3b, 0xff, 0x68, 0x00, 0x00, 0x00, 0x00, 0xd5, 0xd5, 0x00, 0x00, 0x01, 0xe2, 0xc6, 0x00, 0x00,
    0x00, 0x35, 0xff, 0x7f, 0x00, 0x00, 0x00, 0x8c, 0xff, 0x26, 0x00, 0x00, 0x94, 0xff, 0xff, 0xff, 0xff, 0xff, 0xff, 0xff,
    0x84, 0x00, 0x06, 0xec, 0xae, 0x00, 0x00, 0x00, 0x00, 0x00, 0xb7, 0xe1, 0x01, 0x52, 0xff, 0x53, 0x00, 0x00, 0x00, 0x00,
    0x00, 0x5c, 0xff, 0x41, 0xb1, 0xf1, 0x08, 0x00, 0x00, 0x00, 0x00, 0x00, 0x0c, 0xf5, 0xa0, 0x00, 0x00, 0x00, 0x14, 0xba,
    0xf4, 0xb2, 0x0d, 0x00, 0x00, 0x00, 0x00, 0x00, 0x00, 0x8e, 0x8b, 0x0a, 0x98, 0x81, 0x00, 0x00, 0x00, 0x00, 0x00, 0x00,
    0x8c, 0x8b, 0x0a, 0x96, 0x7d, 0x00, 0x00, 0x00, 0x00, 0x00, 0x00, 0x13, 0xe1, 0xff, 0xd9, 0x0d, 0x00, 0x00, 0x00, 0x00,
    0x00, 0x00, 0x0c, 0xf5, 0xef, 0xee, 0x07, 0x00, 0x00, 0x00, 0x00, 0x00, 0x00, 0x61, 0xff, 0x61, 0xff, 0x53, 0x00, 0x00,
    0x00, 0x00, 0x00, 0x00, 0xbf, 0xd4, 0x01, 0xe2, 0xb1, 0x00, 0x00, 0x00, 0x00, 0x00, 0x1e, 0xfe, 0x7f, 0x00, 0x8e, 0xfa,
    0x14, 0x00, 0x00, 0x00, 0x00, 0x7c, 0xff, 0x2b, 0x00, 0x39, 0xff, 0x6d, 0x00, 0x00, 0x00, 0x00, 0xd9, 0xd6, 0x00, 0x00,
    0x01, 0xe2, 0xcb, 0x00, 0x00, 0x00, 0x38, 0xff, 0x82, 0x00, 0x00, 0x00, 0x8f, 0xff, 0x29, 0x00, 0x00, 0x96, 0xff, 0xff,
    0xff, 0xff, 0xff, 0xff, 0xff, 0x87, 0x00, 0x06, 0xed, 0xae, 0x00, 0x00, 0x00, 0x00, 0x00, 0xb7, 0xe2, 0x02, 0x53, 0xff,
    0x53, 0x00, 0x00, 0x00, 0x00, 0x00, 0x5c, 0xff, 0x43, 0xb1, 0xf1, 0x08, 0x00, 0x00, 0x00, 0x00, 0x00, 0x0c, 0xf5, 0xa1,
    0x00, 0x00, 0x00, 0x00, 0x41, 0xff, 0xff, 0xff, 0xff, 0xff, 0xff, 0xff, 0xff, 0xff, 0x6c, 0x00, 0x00, 0x00, 0x00, 0x00,
    0xa9, 0xd8, 0x00, 0xf4, 0xa0, 0x00, 0x00, 0x00, 0x00, 0x00, 0x00, 0x00, 0x00, 0x00, 0x00, 0x17, 0xfa, 0x7a, 0x00, 0xf4,
    0xa0, 0x00, 0x00, 0x00, 0x00, 0x00, 0x00, 0x00, 0x00, 0x00, 0x00, 0x7a, 0xfe, 0x1e, 0x00, 0xf4, 0xa0, 0x00, 0x00, 0x00,
    0x00, 0x00, 0x00, 0x00, 0x00, 0x00, 0x02, 0xdf, 0xbd, 0x00, 0x00, 0xf4, 0xa0, 0x00, 0x00, 0x00, 0x00, 0x00, 0x00, 0x00,
    0x00, 0x00, 0x4a, 0xff, 0x5f, 0x00, 0x00, 0xf4, 0xff, 0xff, 0xff, 0xff, 0xff, 0xff, 0x30, 0x00, 0x00, 0x00, 0xb3, 0xf4,
    0x0c, 0x00, 0x00, 0xf4, 0xa0, 0x00, 0x00, 0x00, 0x00, 0x00, 0x00, 0x00, 0x00, 0x1d, 0xfc, 0xa3, 0x00, 0x00, 0x00, 0xf4,
    0xa0, 0x00, 0x00, 0x00, 0x00, 0x00, 0x00, 0x00, 0x00, 0x83, 0xff, 0xff, 0xff, 0xff, 0xff, 0xff, 0xa0, 0x00, 0x00, 0x00,
    0x00, 0x00, 0x00, 0x00, 0x04, 0xe6, 0xb6, 0x00, 0x00, 0x00, 0x00, 0xf4, 0xa0, 0x00, 0x00, 0x00, 0x00, 0x00, 0x00, 0x00,
    0x54, 0xff, 0x4b, 0x00, 0x00, 0x00, 0x00, 0xf4, 0xa0, 0x00, 0x00, 0x00, 0x00, 0x00, 0x00, 0x00, 0xbc, 0xdf, 0x02, 0x00,
    0x00, 0x00, 0x00, 0xf4, 0xff, 0xff, 0xff, 0xff, 0xff, 0xff, 0x90, 0x00, 0x00, 0x00, 0x00, 0x37, 0xa9, 0xe5, 0xf9, 0xe2,
    0xbb, 0x59, 0x05, 0x00, 0x00, 0x6c, 0xfd, 0x93, 0x29, 0x07, 0x1e, 0x7b, 0xf7, 0x50, 0x00, 0x39, 0xfd, 0x82, 0x00, 0x00,
    0x00, 0x00, 0x00, 0x37, 0x42, 0x00, 0xaf, 0xef, 0x08, 0x00, 0x00, 0x00, 0x00, 0x00, 0x00, 0x00, 0x00, 0xf1, 0xb3, 0x00,
    0x00, 0x00, 0x00, 0x00, 0x00, 0x00, 0x00, 0x0f, 0xff, 0x97, 0x00, 0x00, 0x00, 0x00, 0x00, 0x00, 0x00, 0x00, 0x0f, 0xff,
    0x96, 0x00, 0x00, 0x00, 0x00, 0x00, 0x00, 0x00, 0x00, 0x00, 0xf1, 0xb3, 0x00, 0x00, 0x00, 0x00, 0x00, 0x00, 0x00, 0x00,
    0x00, 0xaf, 0xef, 0x08, 0x00, 0x00, 0x00, 0x00, 0x00, 0x00, 0x00, 0x00, 0x39, 0xfd, 0x7f, 0x00, 0x00, 0x00, 0x00, 0x00,
    0x36, 0x42, 0x00, 0x00, 0x6d, 0xfd, 0x91, 0x28, 0x06, 0x1d, 0x7a, 0xf7, 0x50, 0x00, 0x00, 0x00, 0x38, 0xaa, 0xe6, 0xfa,
    0xe3, 0xbb, 0x5a, 0x05, 0x00, 0x00, 0x00, 0x00, 0x00, 0x00, 0x95, 0x60, 0x00, 0x00, 0x00, 0x00, 0x00, 0x00, 0x00, 0x00,
    0x00, 0x64, 0xcd, 0x00, 0x00, 0x00, 0x00, 0x00, 0x00, 0x00, 0x4e, 0xf5, 0xf1, 0x76, 0x00, 0x00, 0x00, 0x00, 0x00, 0x00,
    0x40, 0xf0, 0x31, 0x00, 0x00, 0x00, 0x00, 0x00, 0x00, 0x00, 0x00, 0x55, 0xdb, 0x10, 0x00, 0x00, 0x00, 0x00, 0x00, 0x00,
    0x00, 0x00, 0x00, 0x00, 0x00, 0x00, 0x00, 0x00, 0x6c, 0xff, 0xff, 0xff, 0xff, 0xff, 0xff, 0xf4, 0x00, 0x00, 0x6c, 0xff,
    0x28, 0x00, 0x00, 0x00, 0x00, 0x00, 0x00, 0x00, 0x6c, 0xff, 0x28, 0x00, 0x00, 0x00, 0x00, 0x00, 0x00, 0x00, 0x6c, 0xff,
    0x28, 0x00, 0x00, 0x00, 0x00, 0x00, 0x00, 0x00, 0x6c, 0xff, 0x28, 0x00, 0x00, 0x00, 0x00, 0x00, 0x00, 0x00, 0x6c, 0xff,
    0xff, 0xff, 0xff, 0xff, 0xff, 0xb4, 0x00, 0x00, 0x6c, 0xff, 0x28, 0x00, 0x00, 0x00, 0x00, 0x00, 0x00, 0x00, 0x6c, 0xff,
    0x28, 0x00, 0x00, 0x00, 0x00, 0x00, 0x00, 0x00, 0x6c, 0xff, 0x28, 0x00, 0x00, 0x00, 0x00, 0x00, 0x00, 0x00, 0x6c, 0xff,
    0x28, 0x00, 0x00, 0x00, 0x00, 0x00, 0x00, 0x00, 0x6c, 0xff, 0x28, 0x00, 0x00, 0x00, 0x00, 0x00, 0x00, 0x00, 0x6c, 0xff,
    0xff, 0xff, 0xff, 0xff, 0xff, 0xff, 0x18, 0x00, 0x00, 0x00, 0x00, 0x02, 0xb8, 0xa8, 0x01, 0x00, 0x00, 0x00, 0x00, 0x00,
    0x00, 0x7e, 0xbf, 0x06, 0x00, 0x00, 0x00, 0x00, 0x00, 0x00, 0x00, 0x00, 0x00, 0x00, 0x00, 0x00, 0x00, 0x00, 0x6c, 0xff,
    0xff, 0xff, 0xff, 0xff, 0xff, 0xf4, 0x00, 0x00, 0x6c, 0xff, 0x28, 0x00, 0x00, 0x00, 0x00, 0x00, 0x00, 0x00, 0x6c, 0xff,
    0x28, 0x00, 0x00, 0x00, 0x00, 0x00, 0x00, 0x00, 0x6c, 0xff, 0x28, 0x00, 0x00, 0x00, 0x00, 0x00, 0x00, 0x00, 0x6c, 0xff,
    0x28, 0x00, 0x00, 0x00, 0x00, 0x00, 0x00, 0x00, 0x6c, 0xff, 0xff, 0xff, 0xff, 0xff, 0xff, 0xb4, 0x00, 0x00, 0x6c, 0xff,
    0x28, 0x00, 0x00, 0x00, 0x00, 0x00, 0x00, 0x00, 0x6c, 0xff, 0x28, 0x00, 0x00, 0x00, 0x00, 0x00, 0x00, 0x00, 0x6c, 0xff,
    0x28, 0x00, 0x00, 0x00, 0x00, 0x00, 0x00, 0x00, 0x6c, 0xff, 0x28, 0x00, 0x00, 0x00, 0x00, 0x00, 0x00, 0x00, 0x6c, 0xff,
    0x28, 0x00, 0x00, 0x00, 0x00, 0x00, 0x00, 0x00, 0x6c, 0xff, 0xff, 0xff, 0xff, 0xff, 0xff, 0xff, 0x18, 0x00, 0x00, 0x00,
    0x10, 0xd8, 0xe4, 0x60, 0x00, 0x00, 0x00, 0x00, 0x00, 0x03, 0xba, 0x6c, 0x19, 0xd3, 0x39, 0x00, 0x00, 0x00, 0x00, 0x00,
    0x00, 0x00, 0x00, 0x00, 0x00, 0x00, 0x00, 0x00, 0x6c, 0xff, 0xff, 0xff, 0xff, 0xff, 0xff, 0xf4, 0x00, 0x00, 0x6c, 0xff,
    0x28, 0x00, 0x00, 0x00, 0x00, 0x00, 0x00, 0x00, 0x6c, 0xff, 0x28, 0x00, 0x00, 0x00, 0x00, 0x00, 0x00, 0x00, 0x6c, 0xff,
    0x28, 0x00, 0x00, 0x00, 0x00, 0x00, 0x00, 0x00, 0x6c, 0xff, 0x28, 0x00, 0x00, 0x00, 0x00, 0x00, 0x00, 0x00, 0x6c, 0xff,
    0xff, 0xff, 0xff, 0xff, 0xff, 0xb4, 0x00, 0x00, 0x6c, 0xff, 0x28, 0x00, 0x00, 0x00, 0x00, 0x00, 0x00, 0x00, 0x6c, 0xff,
    0x28, 0x00, 0x00, 0x00, 0x00, 0x00, 0x00, 0x00, 0x6c, 0xff, 0x28, 0x00, 0x00, 0x00, 0x00, 0x00, 0x00, 0x00, 0x6c, 0xff,
    0x28, 0x00, 0x00, 0x00, 0x00, 0x00, 0x00, 0x00, 0x6c, 0xff, 0x28, 0x00, 0x00, 0x00, 0x00, 0x00, 0x00, 0x00, 0x6c, 0xff,
    0xff, 0xff, 0xff, 0xff, 0xff, 0xff, 0x18, 0x00, 0x00, 0x18, 0xff, 0x80, 0x08, 0xff, 0x8c, 0x00, 0x00, 0x00, 0x00, 0x18,
    0xff, 0x80, 0x08, 0xff, 0x8c, 0x00, 0x00, 0x00, 0x00, 0x00, 0x00, 0x00, 0x00, 0x00, 0x00, 0x00, 0x00, 0x00, 0x6c, 0xff,
    0xff, 0xff, 0xff, 0xff, 0xff, 0xf4, 0x00, 0x00, 0x6c, 0xff, 0x28, 0x00, 0x00, 0x00, 0x00, 0x00, 0x00, 0x00, 0x6c, 0xff,
    0x28, 0x00, 0x00, 0x00, 0x00, 0x00, 0x00, 0x00, 0x6c, 0xff, 0x28, 0x00, 0x00, 0x00, 0x00, 0x00, 0x00, 0x00, 0x6c, 0xff,
    0x28, 0x00, 0x00, 0x00, 0x00, 0x00, 0x00, 0x00, 0x6c, 0xff, 0xff, 0xff, 0xff, 0xff, 0xff, 0xb4, 0x00, 0x00, 0x6c, 0xff,
    0x28, 0x00, 0x00, 0x00, 0x00, 0x00, 0x00, 0x00, 0x6c, 0xff, 0x28, 0x00, 0x00, 0x00, 0x00, 0x00, 0x00, 0x00, 0x6c, 0xff,
    0x28, 0x00, 0x00, 0x00, 0x00, 0x00, 0x00, 0x00, 0x6c, 0xff, 0x28, 0x00, 0x00, 0x00, 0x00, 0x00, 0x00, 0x00, 0x6c, 0xff,
    0x28, 0x00, 0x00, 0x00, 0x00, 0x00, 0x00, 0x00, 0x6c, 0xff, 0xff, 0xff, 0xff, 0xff, 0xff, 0xff, 0x18, 0x28, 0xec, 0x4e,
    0x00, 0x00, 0x00, 0x39, 0xe5, 0x22, 0x00, 0x00, 0x00, 0x00, 0x00, 0x00, 0x00, 0x6c, 0xff, 0x28, 0x00, 0x00, 0x6c, 0xff,
    0x28, 0x00, 0x00, 0x6c, 0xff, 0x28, 0x00, 0x00, 0x6c, 0xff, 0x28, 0x00, 0x00, 0x6c, 0xff, 0x28, 0x00, 0x00, 0x6c, 0xff,
    0x28, 0x00, 0x00, 0x6c, 0xff, 0x28, 0x00, 0x00, 0x6c, 0xff, 0x28, 0x00, 0x00, 0x6c, 0xff, 0x28, 0x00, 0x00, 0x6c, 0xff,
    0x28, 0x00, 0x00, 0x6c, 0xff, 0x28, 0x00, 0x00, 0x6c, 0xff, 0x28, 0x00, 0x00, 0x00, 0x97, 0xc4, 0x08, 0x00, 0x59, 0xd7,
    0x12, 0x00, 0x00, 0x00, 0x00, 0x00, 0x00, 0x00, 0x6c, 0xff, 0x28, 0x00, 0x00, 0x6c, 0xff, 0x28, 0x00, 0x00, 0x6c, 0xff,
    0x28, 0x00, 0x00, 0x6c, 0xff, 0x28, 0x00, 0x00, 0x6c, 0xff, 0x28, 0x00, 0x00, 0x6c, 0xff, 0x28, 0x00, 0x00, 0x6c, 0xff,
    0x28, 0x00, 0x00, 0x6c, 0xff, 0x28, 0x00, 0x00, 0x6c, 0xff, 0x28, 0x00, 0x00, 0x6c, 0xff, 0x28, 0x00, 0x00, 0x6c, 0xff,
    0x28, 0x00, 0x00, 0x6c, 0xff, 0x28, 0x00, 0x00, 0x05, 0xc0, 0xe2, 0x84, 0x00, 0x00, 0x9a, 0x8f, 0x0b, 0xc3, 0x57, 0x00,
    0x00, 0x00, 0x00, 0x00, 0x00, 0x00, 0x00, 0x6c, 0xff, 0x28, 0x00, 0x00, 0x00, 0x6c, 0xff, 0x28, 0x00, 0x00, 0x00, 0x6c,
    0xff, 0x28, 0x00, 0x00, 0x00, 0x6c, 0xff, 0x28, 0x00, 0x00, 0x00, 0x6c, 0xff, 0x28, 0x00, 0x00, 0x00, 0x6c, 0xff, 0x28,
    0x00, 0x00, 0x00, 0x6c, 0xff, 0x28, 0x00, 0x00, 0x00, 0x6c, 0xff, 0x28, 0x00, 0x00, 0x00, 0x6c, 0xff, 0x28, 0x00, 0x00,
    0x00, 0x6c, 0xff, 0x28, 0x00, 0x00, 0x00, 0x6c, 0xff, 0x28, 0x00, 0x00, 0x00, 0x6c, 0xff, 0x28, 0x00, 0xf4, 0xa4, 0x00,
    0xe4, 0xb0, 0xf4, 0xa4, 0x00, 0xe4, 0xb0, 0x00, 0x00, 0x00, 0x00, 0x00, 0x00, 0x6c, 0xff, 0x28, 0x00, 0x00, 0x6c, 0xff,
    0x28, 0x00, 0x00, 0x6c, 0xff, 0x28, 0x00, 0x00, 0x6c, 0xff, 0x28, 0x00, 0x00, 0x6c, 0xff, 0x28, 0x00, 0x00, 0x6c, 0xff,
    0x28, 0x00, 0x00, 0x6c, 0xff, 0x28, 0x00, 0x00, 0x6c, 0xff, 0x28, 0x00, 0x00, 0x6c, 0xff, 0x28, 0x00, 0x00, 0x6c, 0xff,
    0x28, 0x00, 0x00, 0x6c, 0xff, 0x28, 0x00, 0x00, 0x6c, 0xff, 0x28, 0x00, 0x00, 0x58, 0xff, 0xff, 0xff, 0xf6, 0xe2, 0xb2,
    0x5d, 0x04, 0x00, 0x00, 0x00, 0x58, 0xff, 0x3c, 0x00, 0x06, 0x23, 0x6f, 0xed, 0xc7, 0x0f, 0x00, 0x00, 0x58, 0xff, 0x3c,
    0x00, 0x00, 0x00, 0x00, 0x2a, 0xf6, 0xa5, 0x00, 0x00, 0x58, 0xff, 0x3c, 0x00, 0x00, 0x00, 0x00, 0x00, 0x98, 0xfd, 0x18,
    0x00, 0x58, 0xff, 0x3c, 0x00, 0x00, 0x00, 0x00, 0x00, 0x55, 0xff, 0x52, 0xec, 0xff, 0xff, 0xff, 0xff, 0xdc, 0x00, 0x00,
    0x00, 0x3b, 0xff, 0x6b, 0x00, 0x58, 0xff, 0x3c, 0x00, 0x00, 0x00, 0x00, 0x00, 0x3c, 0xff, 0x6a, 0x00, 0x58, 0xff, 0x3c,
    0x00, 0x00, 0x00, 0x00, 0x00, 0x56, 0xff, 0x51, 0x00, 0x58, 0xff, 0x3c, 0x00, 0x00, 0x00, 0x00, 0x00, 0x98, 0xfd, 0x18,
    0x00, 0x58, 0xff, 0x3c, 0x00, 0x00, 0x00, 0x00, 0x2a, 0xf5, 0xa5, 0x00, 0x00, 0x58, 0xff, 0x3c, 0x00, 0x06, 0x22, 0x6e,
    0xec, 0xc7, 0x0f, 0x00, 0x00, 0x58, 0xff, 0xff, 0xff, 0xf8, 0xe4, 0xb3, 0x5e, 0x04, 0x00, 0x00, 0x00, 0x00, 0x00, 0x26,
    0xe2, 0xd4, 0x3e, 0x90, 0x7c, 0x00, 0x00, 0x00, 0x00, 0x00, 0x00, 0x86, 0x85, 0x45, 0xd7, 0xdf, 0x1f, 0x00, 0x00, 0x00,
    0x00, 0x00, 0x00, 0x00, 0x00, 0x00, 0x00, 0x00, 0x00, 0x00, 0x00, 0x00, 0x00, 0x6c, 0xff, 0xe9, 0x0b, 0x00, 0x00, 0x00,
    0x20, 0xff, 0x68, 0x00, 0x00, 0x6c, 0xff, 0xff, 0x79, 0x00, 0x00, 0x00, 0x20, 0xff, 0x68, 0x00, 0x00, 0x6c, 0xff, 0xba,
    0xee, 0x0f, 0x00, 0x00, 0x20, 0xff, 0x68, 0x00, 0x00, 0x6c, 0xff, 0x3c, 0xf9, 0x81, 0x00, 0x00, 0x20, 0xff, 0x68, 0x00,
    0x00, 0x6c, 0xff, 0x1c, 0x96, 0xf2, 0x13, 0x00, 0x20, 0xff, 0x68, 0x00, 0x00, 0x6c, 0xff, 0x1c, 0x1a, 0xf7, 0x89, 0x00,
    0x20, 0xff, 0x68, 0x00, 0x00, 0x6c, 0xff, 0x1c, 0x00, 0x8e, 0xf5, 0x17, 0x20, 0xff, 0x68, 0x00, 0x00, 0x6c, 0xff, 0x1c,
    0x00, 0x15, 0xf4, 0x91, 0x20, 0xff, 0x68, 0x00, 0x00, 0x6c, 0xff, 0x1c, 0x00, 0x00, 0x86, 0xf8, 0x3c, 0xff, 0x68, 0x00,
    0x00, 0x6c, 0xff, 0x1c, 0x00, 0x00, 0x11, 0xf0, 0xb9, 0xff, 0x68, 0x00, 0x00, 0x6c, 0xff, 0x1c, 0x00, 0x00, 0x00, 0x7e,
    0xff, 0xff, 0x68, 0x00, 0x00, 0x6c, 0xff, 0x1c, 0x00, 0x00, 0x00, 0x0d, 0xec, 0xff, 0x68, 0x00, 0x00, 0x00, 0x00, 0x00,
    0x32, 0xef, 0x40, 0x00, 0x00, 0x00, 0x00, 0x00, 0x00, 0x00, 0x00, 0x00, 0x00, 0x00, 0x45, 0xe2, 0x19, 0x00, 0x00, 0x00,
    0x00, 0x00, 0x00, 0x00, 0x00, 0x00, 0x00, 0x00, 0x00, 0x00, 0x00, 0x00, 0x00, 0x00, 0x00, 0x00, 0x00, 0x00, 0x40, 0xb4,
    0xec, 0xf9, 0xdd, 0x90, 0x16, 0x00, 0x00, 0x00, 0x00, 0x00, 0x72, 0xfd, 0x86, 0x1d, 0x07, 0x38, 0xc7, 0xe5, 0x27, 0x00,
    0x00, 0x00, 0x3a, 0xfd, 0x80, 0x00, 0x00, 0x00, 0x00, 0x0b, 0xe0, 0xd1, 0x02, 0x00, 0x00, 0xaf, 0xf0, 0x09, 0x00, 0x00,
    0x00, 0x00, 0x00, 0x6c, 0xff, 0x4b, 0x00, 0x01, 0xf1, 0xb4, 0x00, 0x00, 0x00, 0x00, 0x00, 0x00, 0x26, 0xff, 0x8d, 0x00,
    0x0f, 0xff, 0x97, 0x00, 0x00, 0x00, 0x00, 0x00, 0x00, 0x08, 0xfe, 0xaa, 0x00, 0x10, 0xff, 0x96, 0x00, 0x00, 0x00, 0x00,
    0x00, 0x00, 0x08, 0xff, 0xaa, 0x00, 0x01, 0xf2, 0xb4, 0x00, 0x00, 0x00, 0x00, 0x00, 0x00, 0x26, 0xff, 0x8d, 0x00, 0x00,
    0xb0, 0xf0, 0x08, 0x00, 0x00, 0x00, 0x00, 0x00, 0x6c, 0xff, 0x4b, 0x00, 0x00, 0x3c, 0xfe, 0x80, 0x00, 0x00, 0x00, 0x00,
    0x0b, 0xe0, 0xd2, 0x02, 0x00, 0x00, 0x00, 0x76, 0xfd, 0x85, 0x1c, 0x07, 0x37, 0xc6, 0xe7, 0x29, 0x00, 0x00, 0x00, 0x00,
    0x00, 0x43, 0xb5, 0xed, 0xf9, 0xde, 0x91, 0x18, 0x00, 0x00, 0x00, 0x00, 0x00, 0x00, 0x00, 0x00, 0x00, 0xa6, 0xb8, 0x04,
    0x00, 0x00, 0x00, 0x00, 0x00, 0x00, 0x00, 0x00, 0x00, 0x6a, 0xcd, 0x0c, 0x00, 0x00, 0x00, 0x00, 0x00, 0x00, 0x00, 0x00,
    0x00, 0x00, 0x00, 0x00, 0x00, 0x00, 0x00, 0x00, 0x00, 0x00, 0x00, 0x00, 0x00, 0x40, 0xb4, 0xec, 0xf9, 0xdd, 0x90, 0x16,
    0x00, 0x00, 0x00, 0x00, 0x00, 0x72, 0xfd, 0x86, 0x1d, 0x07, 0x38, 0xc7, 0xe5, 0x27, 0x00, 0x00, 0x00, 0x3a, 0xfd, 0x80,
    0x00, 0x00, 0x00, 0x00, 0x0b, 0xe0, 0xd1, 0x02, 0x00, 0x00, 0xaf, 0xf0, 0x09, 0x00, 0x00, 0x00, 0x00, 0x00, 0x6c, 0xff,
    0x4b, 0x00, 0x01, 0xf1, 0xb4, 0x00, 0x00, 0x00, 0x00, 0x00, 0x00, 0x26, 0xff, 0x8d, 0x00, 0x0f, 0xff, 0x97, 0x00, 0x00,
    0x00, 0x00, 0x00, 0x00, 0x08, 0xfe, 0xaa, 0x00, 0x10, 0xff, 0x96, 0x00, 0x00, 0x00, 0x00, 0x00, 0x00, 0x08, 0xff, 0xaa,
    0x00, 0x01, 0xf2, 0xb4, 0x00, 0x00, 0x00, 0x00, 0x00, 0x00, 0x26, 0xff, 0x8d, 0x00, 0x00, 0xb0, 0xf0, 0x08, 0x00, 0x00,
    0x00, 0x00, 0x00, 0x6c, 0xff, 0x4b, 0x00, 0x00, 0x3c, 0xfe, 0x80, 0x00, 0x00, 0x00, 0x00, 0x0b, 0xe0, 0xd2, 0x02, 0x00,
    0x00, 0x00, 0x76, 0xfd, 0x85, 0x1c, 0x07, 0x37, 0xc6, 0xe7, 0x29, 0x00, 0x00, 0x00, 0x00, 0x00, 0x43, 0xb5, 0xed, 0xf9,
    0xde, 0x91, 0x18, 0x00, 0x00, 0x00, 0x00, 0x00, 0x00, 0x00, 0x09, 0xcc, 0xe3, 0x74, 0x00, 0x00, 0x00, 0x00, 0x00, 0x00,
    0x00, 0x00, 0x00, 0xa9, 0x7f, 0x11, 0xcc, 0x49, 0x00, 0x00, 0x00, 0x00, 0x00, 0x00, 0x00, 0x00, 0x00, 0x00, 0x00, 0x00,
    0x00, 0x00, 0x00, 0x00, 0x00, 0x00, 0x00, 0x00, 0x40, 0xb4, 0xec, 0xf9, 0xdd, 0x90, 0x16, 0x00, 0x00, 0x00, 0x00, 0x00,
    0x72, 0xfd, 0x86, 0x1d, 0x07, 0x38, 0xc7, 0xe5, 0x27, 0x00, 0x00, 0x00, 0x3a, 0xfd, 0x80, 0x00, 0x00, 0x00, 0x00, 0x0b,
    0xe0, 0xd1, 0x02, 0x00, 0x00, 0xaf, 0xf0, 0x09, 0x00, 0x00, 0x00, 0x00, 0x00, 0x6c, 0xff, 0x4b, 0x00, 0x01, 0xf1, 0xb4,
    0x00, 0x00, 0x00, 0x00, 0x00, 0x00, 0x26, 0xff, 0x8d, 0x00, 0x0f, 0xff, 0x97, 0x00, 0x00, 0x00, 0x00, 0x00, 0x00, 0x08,
    0xfe, 0xaa, 0x00, 0x10, 0xff, 0x96, 0x00, 0x00, 0x00, 0x00, 0x00, 0x00, 0x08, 0xff, 0xaa, 0x00, 0x01, 0xf2, 0xb4, 0x00,
    0x00, 0x00, 0x00, 0x00, 0x00, 0x26, 0xff, 0x8d, 0x00, 0x00, 0xb0, 0xf0, 0x08, 0x00, 0x00, 0x00, 0x00, 0x00, 0x6c, 0xff,
    0x4b, 0x00, 0x00, 0x3c, 0xfe, 0x80, 0x00, 0x00, 0x00, 0x00, 0x0b, 0xe0, 0xd2, 0x02, 0x00, 0x00, 0x00, 0x76, 0xfd, 0x85,
    0x1c, 0x07, 0x37, 0xc6, 0xe7, 0x29, 0x00, 0x00, 0x00, 0x00, 0x00, 0x43, 0xb5, 0xed, 0xf9, 0xde, 0x91, 0x18, 0x00, 0x00,
    0x00, 0x00, 0x00, 0x00, 0x01, 0xb4, 0xee, 0x72, 0x40, 0xd0, 0x00, 0x00, 0x00, 0x00, 0x00, 0x00, 0x00, 0x32, 0xd3, 0x22,
    0xaf, 0xf2, 0x5c, 0x00, 0x00, 0x00, 0x00, 0x00, 0x00, 0x00, 0x00, 0x00, 0x00, 0x00, 0x00, 0x00, 0x00, 0x00, 0x00, 0x00,
    0x00, 0x00, 0x00, 0x40, 0xb4, 0xec, 0xf9, 0xdd, 0x90, 0x16, 0x00, 0x00, 0x00, 0x00, 0x00, 0x72, 0xfd, 0x86, 0x1d, 0x07,
    0x38, 0xc7, 0xe5, 0x27, 0x00, 0x00, 0x00, 0x3a, 0xfd, 0x80, 0x00, 0x00, 0x00, 0x00, 0x0b, 0xe0, 0xd1, 0x02, 0x00, 0x00,
    0xaf, 0xf0, 0x09, 0x00, 0x00, 0x00, 0x00, 0x00, 0x6c, 0xff, 0x4b, 0x00, 0x01, 0xf1, 0xb4, 0x00, 0x00, 0x00, 0x00, 0x00,
    0x00, 0x26, 0xff, 0x8d, 0x00, 0x0f, 0xff, 0x97, 0x00, 0x00, 0x00, 0x00, 0x00, 0x00, 0x08, 0xfe, 0xaa, 0x00, 0x10, 0xff,
    0x96, 0x00, 0x00, 0x00, 0x00, 0x00, 0x00, 0x08, 0xff, 0xaa, 0x00, 0x01, 0xf2, 0xb4, 0x00, 0x00, 0x00, 0x00, 0x00, 0x00,
    0x26, 0xff, 0x8d, 0x00, 0x00, 0xb0, 0xf0, 0x08, 0x00, 0x00, 0x00, 0x00, 0x00, 0x6c, 0xff, 0x4b, 0x00, 0x00, 0x3c, 0xfe,
    0x80, 0x00, 0x00, 0x00, 0x00, 0x0b, 0xe0, 0xd2, 0x02, 0x00, 0x00, 0x00, 0x76, 0xfd, 0x85, 0x1c, 0x07, 0x37, 0xc6, 0xe7,
    0x29, 0x00, 0x00, 0x00, 0x00, 0x00, 0x43, 0xb5, 0xed, 0xf9, 0xde, 0x91, 0x18, 0x00, 0x00, 0x00, 0x00, 0x00, 0x00, 0x04,
    0xff, 0x94, 0x00, 0xf4, 0xa0, 0x00, 0x00, 0x00, 0x00, 0x00, 0x00, 0x00, 0x04, 0xff, 0x94, 0x00, 0xf4, 0xa0, 0x00, 0x00,
    0x00, 0x00, 0x00, 0x00, 0x00, 0x00, 0x00, 0x00, 0x00, 0x00, 0x00, 0x00, 0x00, 0x00, 0x00, 0x00, 0x00, 0x00, 0x40, 0xb4,
    0xec, 0xf9, 0xdd, 0x90, 0x16, 0x00, 0x00, 0x00, 0x00, 0x00, 0x72, 0xfd, 0x86, 0x1d, 0x07, 0x38, 0xc7, 0xe5, 0x27, 0x00,
    0x00, 0x00, 0x3a, 0xfd, 0x80, 0x00, 0x00, 0x00, 0x00, 0x0b, 0xe0, 0xd1, 0x02, 0x00, 0x00, 0xaf, 0xf0, 0x09, 0x00, 0x00,
    0x00, 0x00, 0x00, 0x6c, 0xff, 0x4b, 0x00, 0x01, 0xf1, 0xb4, 0x00, 0x00, 0x00, 0x00, 0x00, 0x00, 0x26, 0xff, 0x8d, 0x00,
    0x0f, 0xff, 0x97, 0x00, 0x00, 0x00, 0x00, 0x00, 0x00, 0x08, 0xfe, 0xaa, 0x00, 0x10, 0xff, 0x96, 0x00, 0x00, 0x00, 0x00,
    0x00, 0x00, 0x08, 0xff, 0xaa, 0x00, 0x01, 0xf2, 0xb4, 0x00, 0x00, 0x00, 0x00, 0x00, 0x00, 0x26, 0xff, 0x8d, 0x00, 0x00,
    0xb0, 0xf0, 0x08, 0x00, 0x00, 0x00, 0x00, 0x00, 0x6c, 0xff, 0x4b, 0x00, 0x00, 0x3c, 0xfe, 0x80, 0x00, 0x00, 0x00, 0x00,
    0x0b, 0xe0, 0xd2, 0x02, 0x00, 0x00, 0x00, 0x76, 0xfd, 0x85, 0x1c, 0x07, 0x37, 0xc6, 0xe7, 0x29, 0x00, 0x00, 0x00, 0x00,
    0x00, 0x43, 0xb5, 0xed, 0xf9, 0xde, 0x91, 0x18, 0x00, 0x00, 0x00, 0x00, 0x00, 0x5e, 0x9b, 0x02, 0x00, 0x00, 0x00, 0x00,
    0x40, 0xb3, 0x09, 0x00, 0x00, 0x00, 0x45, 0xf7, 0x9f, 0x02, 0x00, 0x00, 0x41, 0xf5, 0xa4, 0x03, 0x00, 0x00, 0x00, 0x00,
    0x45, 0xf7, 0xa0, 0x02, 0x43, 0xf6, 0xa4, 0x03, 0x00, 0x00, 0x00, 0x00, 0x00, 0x00, 0x45, 0xf7, 0xb7, 0xf6, 0xa4, 0x03,
    0x00, 0x00, 0x00, 0x00, 0x00, 0x00, 0x00, 0x00, 0x7c, 0xff, 0xe1, 0x06, 0x00, 0x00, 0x00, 0x00, 0x00, 0x00, 0x00, 0x00,
    0x45, 0xf6, 0xb7, 0xf6, 0xa4, 0x02, 0x00, 0x00, 0x00, 0x00, 0x00, 0x00, 0x45, 0xf6, 0xa0, 0x02, 0x43, 0xf6, 0xa4, 0x02,
    0x00, 0x00, 0x00, 0x00, 0x45, 0xf6, 0x9f, 0x02, 0x00, 0x00, 0x42, 0xf5, 0xa4, 0x02, 0x00, 0x00, 0x00, 0x5f, 0x9c, 0x02,
    0x00, 0x00, 0x00, 0x00, 0x40, 0xb4, 0x09, 0x00, 0x00, 0x00, 0x00, 0x00, 0x00, 0x00, 0x00, 0x00, 0x00, 0x00, 0x00, 0x00,
    0x00, 0x00, 0x00, 0x00, 0x00, 0x00, 0x00, 0x00, 0x00, 0x00, 0x00, 0x0c, 0x0f, 0x00, 0x00, 0x00, 0x00, 0x3d, 0xb2, 0xec,
    0xf6, 0xd9, 0x9e, 0x3b, 0xc6, 0x81, 0x00, 0x00, 0x00, 0x6b, 0xfd, 0x86, 0x1d, 0x07, 0x3d, 0xcb, 0xff, 0xb7, 0x02, 0x00,
    0x00, 0x34, 0xfc, 0x80, 0x00, 0x00, 0x00, 0x00, 0x90, 0xff, 0xe7, 0x09, 0x00, 0x00, 0xa8, 0xf0, 0x09, 0x00, 0x00, 0x00,
    0x5e, 0xe8, 0x85, 0xff, 0x59, 0x00, 0x00, 0xed, 0xb4, 0x00, 0x00, 0x00, 0x35, 0xf1, 0x3b, 0x20, 0xff, 0x94, 0x00, 0x0d,
    0xff, 0x97, 0x00, 0x00, 0x18, 0xe4, 0x67, 0x00, 0x05, 0xfe, 0xad, 0x00, 0x12, 0xff, 0x9b, 0x00, 0x06, 0xc4, 0x97, 0x00,
    0x00, 0x08, 0xff, 0xa8, 0x00, 0x03, 0xf8, 0xb6, 0x00, 0x9a, 0xc3, 0x05, 0x00, 0x00, 0x26, 0xff, 0x88, 0x00, 0x00, 0xc2,
    0xf4, 0x73, 0xe2, 0x16, 0x00, 0x00, 0x00, 0x6c, 0xff, 0x43, 0x00, 0x00, 0x5a, 0xff, 0xf8, 0x33, 0x00, 0x00, 0x00, 0x0b,
    0xe0, 0xca, 0x01, 0x00, 0x00, 0x21, 0xfa, 0xff, 0x95, 0x1c, 0x06, 0x37, 0xc6, 0xe3, 0x23, 0x00, 0x00, 0x09, 0xd4, 0x76,
    0x5c, 0xc1, 0xe8, 0xf9, 0xde, 0x8f, 0x15, 0x00, 0x00, 0x00, 0x00, 0x25, 0x00, 0x00, 0x00, 0x00, 0x00, 0x00, 0x00, 0x00,
    0x00, 0x00, 0x00, 0x00, 0x00, 0x00, 0x00, 0x99, 0xc4, 0x04, 0x00, 0x00, 0x00, 0x00, 0x00, 0x00, 0x00, 0x00, 0x00, 0x03,
    0xb0, 0x8d, 0x00, 0x00, 0x00, 0x00, 0x00, 0x00, 0x00, 0x00, 0x00, 0x00, 0x00, 0x00, 0x00, 0x00, 0x00, 0x00, 0x00, 0x00,
    0x9c, 0xfc, 0x00, 0x00, 0x00, 0x00, 0x00, 0x44, 0xff, 0x54, 0x00, 0x00, 0x9c, 0xfc, 0x00, 0x00, 0x00, 0x00, 0x00, 0x44,
    0xff, 0x54, 0x00, 0x00, 0x9c, 0xfc, 0x00, 0x00, 0x00, 0x00, 0x00, 0x44, 0xff, 0x54, 0x00, 0x00, 0x9c, 0xfc, 0x00, 0x00,
    0x00, 0x00, 0x00, 0x44, 0xff, 0x54, 0x00, 0x00, 0x9c, 0xfc, 0x00, 0x00, 0x00, 0x00, 0x00, 0x44, 0xff, 0x54, 0x00, 0x00,
    0x9c, 0xfc, 0x00, 0x00, 0x00, 0x00, 0x00, 0x44, 0xff, 0x54, 0x00, 0x00, 0x9c, 0xfc, 0x00, 0x00, 0x00, 0x00, 0x00, 0x44,
    0xff, 0x54, 0x00, 0x00, 0x9a, 0xfd, 0x00, 0x00, 0x00, 0x00, 0x00, 0x46, 0xff, 0x51, 0x00, 0x00, 0x87, 0xff, 0x11, 0x00,
    0x00, 0x00, 0x00, 0x5a, 0xff, 0x3e, 0x00, 0x00, 0x4b, 0xff, 0x52, 0x00, 0x00, 0x00, 0x00, 0x9d, 0xf4, 0x0c, 0x00, 0x00,
    0x02, 0xc1, 0xe5, 0x4c, 0x0f, 0x1a, 0x75, 0xfc, 0x78, 0x00, 0x00, 0x00, 0x00, 0x0a, 0x85, 0xda, 0xf9, 0xf4, 0xc8, 0x5c,
    0x00, 0x00, 0x00, 0x00, 0x00, 0x00, 0x00, 0x00, 0x27, 0xef, 0x4d, 0x00, 0x00, 0x00, 0x00, 0x00, 0x00, 0x00, 0x00, 0x0a,
    0xd3, 0x66, 0x00, 0x00, 0x00, 0x00, 0x00, 0x00, 0x00, 0x00, 0x00, 0x00, 0x00, 0x00, 0x00, 0x00, 0x00, 0x00, 0x00, 0x00,
    0x9c, 0xfc, 0x00, 0x00, 0x00, 0x00, 0x00, 0x44, 0xff, 0x54, 0x00, 0x00, 0x9c, 0xfc, 0x00, 0x00, 0x00, 0x00, 0x00, 0x44,
    0xff, 0x54, 0x00, 0x00, 0x9c, 0xfc, 0x00, 0x00, 0x00, 0x00, 0x00, 0x44, 0xff, 0x54, 0x00, 0x00, 0x9c, 0xfc, 0x00, 0x00,
    0x00, 0x00, 0x00, 0x44, 0xff, 0x54, 0x00, 0x00, 0x9c, 0xfc, 0x00, 0x00, 0x00, 0x00, 0x00, 0x44, 0xff, 0x54, 0x00, 0x00,
    0x9c, 0xfc, 0x00, 0x00, 0x00, 0x00, 0x00, 0x44, 0xff, 0x54, 0x00, 0x00, 0x9c, 0xfc, 0x00, 0x00, 0x00, 0x00, 0x00, 0x44,
    0xff, 0x54, 0x00, 0x00, 0x9a, 0xfd, 0x00, 0x00, 0x00, 0x00, 0x00, 0x46, 0xff, 0x51, 0x00, 0x00, 0x87, 0xff, 0x11, 0x00,
    0x00, 0x00, 0x00, 0x5a, 0xff, 0x3e, 0x00, 0x00, 0x4b, 0xff, 0x52, 0x00, 0x00, 0x00, 0x00, 0x9d, 0xf4, 0x0c, 0x00, 0x00,
    0x02, 0xc1, 0xe5, 0x4c, 0x0f, 0x1a, 0x75, 0xfc, 0x78, 0x00, 0x00, 0x00, 0x00, 0x0a, 0x85, 0xda, 0xf9, 0xf4, 0xc8, 0x5c,
    0x00, 0x00, 0x00, 0x00, 0x00, 0x00, 0x00, 0x4c, 0xe5, 0xe1, 0x1a, 0x00, 0x00, 0x00, 0x00, 0x00, 0x00, 0x00, 0x2b, 0xd9,
    0x24, 0x57, 0xc6, 0x08, 0x00, 0x00, 0x00, 0x00, 0x00, 0x00, 0x00, 0x00, 0x00, 0x00, 0x00, 0x00, 0x00, 0x00, 0x00, 0x00,
    0x9c, 0xfc, 0x00, 0x00, 0x00, 0x00, 0x00, 0x44, 0xff, 0x54, 0x00, 0x00, 0x9c, 0xfc, 0x00, 0x00, 0x00, 0x00, 0x00, 0x44,
    0xff, 0x54, 0x00, 0x00, 0x9c, 0xfc, 0x00, 0x00, 0x00, 0x00, 0x00, 0x44, 0xff, 0x54, 0x00, 0x00, 0x9c, 0xfc, 0x00, 0x00,
    0x00, 0x00, 0x00, 0x44, 0xff, 0x54, 0x00, 0x00, 0x9c, 0xfc, 0x00, 0x00, 0x00, 0x00, 0x00, 0x44, 0xff, 0x54, 0x00, 0x00,
    0x9c, 0xfc, 0x00, 0x00, 0x00, 0x00, 0x00, 0x44, 0xff, 0x54, 0x00, 0x00, 0x9c, 0xfc, 0x00, 0x00, 0x00, 0x00, 0x00, 0x44,
    0xff, 0x54, 0x00, 0x00, 0x9a, 0xfd, 0x00, 0x00, 0x00, 0x00, 0x00, 0x46, 0xff, 0x51, 0x00, 0x00, 0x87, 0xff, 0x11, 0x00,
    0x00, 0x00, 0x00, 0x5a, 0xff, 0x3e, 0x00, 0x00, 0x4b, 0xff, 0x52, 0x00, 0x00, 0x00, 0x00, 0x9d, 0xf4, 0x0c, 0x00, 0x00,
    0x02, 0xc1, 0xe5, 0x4c, 0x0f, 0x1a, 0x75, 0xfc, 0x78, 0x00, 0x00, 0x00, 0x00, 0x0a, 0x85, 0xda, 0xf9, 0xf4, 0xc8, 0x5c,
    0x00, 0x00, 0x00, 0x00, 0x00, 0x00, 0x78, 0xff, 0x20, 0x68, 0xff, 0x2c, 0x00, 0x00, 0x00, 0x00, 0x00, 0x00, 0x78, 0xff,
    0x20, 0x68, 0xff, 0x2c, 0x00, 0x00, 0x00, 0x00, 0x00, 0x00, 0x00, 0x00, 0x00, 0x00, 0x00, 0x00, 0x00, 0x00, 0x00, 0x00,
    0x9c, 0xfc, 0x00, 0x00, 0x00, 0x00, 0x00, 0x44, 0xff, 0x54, 0x00, 0x00, 0x9c, 0xfc, 0x00, 0x00, 0x00, 0x00, 0x00, 0x44,
    0xff, 0x54, 0x00, 0x00, 0x9c, 0xfc, 0x00, 0x00, 0x00, 0x00, 0x00, 0x44, 0xff, 0x54, 0x00, 0x00, 0x9c, 0xfc, 0x00, 0x00,
    0x00, 0x00, 0x00, 0x44, 0xff, 0x54, 0x00, 0x00, 0x9c, 0xfc, 0x00, 0x00, 0x00, 0x00, 0x00, 0x44, 0xff, 0x54, 0x00, 0x00,
    0x9c, 0xfc, 0x00, 0x00, 0x00, 0x00, 0x00, 0x44, 0xff, 0x54, 0x00, 0x00, 0x9c, 0xfc, 0x00, 0x00, 0x00, 0x00, 0x00, 0x44,
    0xff, 0x54, 0x00, 0x00, 0x9a, 0xfd, 0x00, 0x00, 0x00, 0x00, 0x00, 0x46, 0xff, 0x51, 0x00, 0x00, 0x87, 0xff, 0x11, 0x00,
    0x00, 0x00, 0x00, 0x5a, 0xff, 0x3e, 0x00, 0x00, 0x4b, 0xff, 0x52, 0x00, 0x00, 0x00, 0x00, 0x9d, 0xf4, 0x0c, 0x00, 0x00,
    0x02, 0xc1, 0xe5, 0x4c, 0x0f, 0x1a, 0x75, 0xfc, 0x78, 0x00, 0x00, 0x00, 0x00, 0x0a, 0x85, 0xda, 0xf9, 0xf4, 0xc8, 0x5c,
    0x00, 0x00, 0x00, 0x00, 0x00, 0x00, 0x00, 0x00, 0x20, 0xec, 0x57, 0x00, 0x00, 0x00, 0x00, 0x00, 0x00, 0x00, 0x06, 0xcb,
    0x71, 0x00, 0x00, 0x00, 0x00, 0x00, 0x00, 0x00, 0x00, 0x00, 0x00, 0x00, 0x00, 0x00, 0x00, 0x00, 0x00, 0xb4, 0xea, 0x14,
    0x00, 0x00, 0x00, 0x00, 0x36, 0xfc, 0x7b, 0x00, 0x1b, 0xf0, 0xa7, 0x00, 0x00, 0x00, 0x06, 0xd4, 0xce, 0x04, 0x00, 0x00,
    0x64, 0xff, 0x4e, 0x00, 0x00, 0x81, 0xfb, 0x30, 0x00, 0x00, 0x00, 0x00, 0xbb, 0xe6, 0x10, 0x2d, 0xfa, 0x83, 0x00, 0x00,
    0x00, 0x00, 0x00, 0x20, 0xf3, 0xa1, 0xcb, 0xd4, 0x06, 0x00, 0x00, 0x00, 0x00, 0x00, 0x00, 0x6c, 0xff, 0xfc, 0x36, 0x00,
    0x00, 0x00, 0x00, 0x00, 0x00, 0x00, 0x01, 0xed, 0xb6, 0x00, 0x00, 0x00, 0x00, 0x00, 0x00, 0x00, 0x00, 0x00, 0xe8, 0xb0,
    0x00, 0x00, 0x00, 0x00, 0x00, 0x00, 0x00, 0x00, 0x00, 0xe8, 0xb0, 0x00, 0x00, 0x00, 0x00, 0x00, 0x00, 0x00, 0x00, 0x00,
    0xe8, 0xb0, 0x00, 0x00, 0x00, 0x00, 0x00, 0x00, 0x00, 0x00, 0x00, 0xe8, 0xb0, 0x00, 0x00, 0x00, 0x00, 0x00, 0x00, 0x00,
    0x00, 0x00, 0xe8, 0xb0, 0x00, 0x00, 0x00, 0x00, 0x00, 0x6c, 0xff, 0x28, 0x00, 0x00, 0x00, 0x00, 0x00, 0x00, 0x00, 0x6c,
    0xff, 0x28, 0x00, 0x00, 0x00, 0x00, 0x00, 0x00, 0x00, 0x6c, 0xff, 0xff, 0xff, 0xf3, 0xd1, 0x6f, 0x04, 0x00, 0x00, 0x6c,
    0xff, 0x28, 0x00, 0x0f, 0x70, 0xff, 0x87, 0x00, 0x00, 0x6c, 0xff, 0x28, 0x00, 0x00, 0x00, 0xbe, 0xf0, 0x00, 0x00, 0x6c,
    0xff, 0x28, 0x00, 0x00, 0x00, 0x99, 0xff, 0x11, 0x00, 0x6c, 0xff, 0x28, 0x00, 0x00, 0x00, 0xc0, 0xf0, 0x00, 0x00, 0x6c,
    0xff, 0x28, 0x00, 0x0f, 0x73, 0xff, 0x86, 0x00, 0x00, 0x6c, 0xff, 0xff, 0xff, 0xf3, 0xd2, 0x70, 0x04, 0x00, 0x00, 0x6c,
    0xff, 0x28, 0x00, 0x00, 0x00, 0x00, 0x00, 0x00, 0x00, 0x6c, 0xff, 0x28, 0x00, 0x00, 0x00, 0x00, 0x00, 0x00, 0x00, 0x6c,
    0xff, 0x28, 0x00, 0x00, 0x00, 0x00, 0x00, 0x00, 0x00, 0x00, 0x35, 0xba, 0xec, 0xed, 0xb3, 0x23, 0x00, 0x00, 0x00, 0x1e,
    0xf1, 0x9e, 0x15, 0x15, 0xa5, 0xd7, 0x05, 0x00, 0x00, 0x6d, 0xfd, 0x0b, 0x00, 0x00, 0x2e, 0xff, 0x3b, 0x00, 0x00, 0x8b,
    0xec, 0x00, 0x00, 0x8b, 0xf3, 0xa5, 0x2e, 0x00, 0x00, 0x8c, 0xec, 0x00, 0x4b, 0xfe, 0x30, 0x00, 0x00, 0x00, 0x00, 0x8c,
    0xec, 0x00, 0x7b, 0xf5, 0x04, 0x00, 0x00, 0x00, 0x00, 0x8c, 0xec, 0x00, 0x47, 0xff, 0x9f, 0x09, 0x00, 0x00, 0x00, 0x8c,
    0xec, 0x00, 0x00, 0x78, 0xfb, 0xd9, 0x37, 0x00, 0x00, 0x8c, 0xec, 0x00, 0x00, 0x00, 0x30, 0xd0, 0xf5, 0x1c, 0x00, 0x8c,
    0xec, 0x00, 0x00, 0x00, 0x00, 0x37, 0xff, 0x4c, 0x00, 0x8c, 0xec, 0x00, 0x00, 0x00, 0x0d, 0x84, 0xf6, 0x1b, 0x00, 0x8c,
    0xec, 0x30, 0xff, 0xff, 0xf0, 0xc3, 0x42, 0x00, 0x00, 0x00, 0x9b, 0xd6, 0x0a, 0x00, 0x00, 0x00, 0x00, 0x00, 0x00, 0x00,
    0x05, 0xbd, 0x9d, 0x00, 0x00, 0x00, 0x00, 0x00, 0x00, 0x00, 0x00, 0x10, 0xd7, 0x59, 0x00, 0x00, 0x00, 0x00, 0x00, 0x00,
    0x00, 0x00, 0x00, 0x00, 0x00, 0x00, 0x00, 0x00, 0x00, 0x64, 0xff, 0xff, 0xfd, 0xe1, 0xa2, 0x1d, 0x00, 0x00, 0x00, 0x00,
    0x00, 0x00, 0x04, 0x2b, 0xbb, 0xd1, 0x04, 0x00, 0x00, 0x00, 0x00, 0x00, 0x00, 0x00, 0x26, 0xff, 0x35, 0x00, 0x00, 0x07,
    0x79, 0xd5, 0xf3, 0xff, 0xff, 0xff, 0x57, 0x00, 0x00, 0x93, 0xec, 0x4a, 0x0f, 0x01, 0x1b, 0xff, 0x5c, 0x00, 0x00, 0xeb,
    0x81, 0x00, 0x00, 0x00, 0x39, 0xff, 0x5c, 0x00, 0x01, 0xf5, 0x7a, 0x00, 0x00, 0x00, 0x92, 0xff, 0x5c, 0x00, 0x00, 0xad,
    0xe1, 0x30, 0x10, 0x6a, 0xab, 0xff, 0x5c, 0x00, 0x00, 0x15, 0xa8, 0xef, 0xed, 0x96, 0x1b, 0xff, 0x5c, 0x00, 0x00, 0x00,
    0x00, 0x00, 0x00, 0xa2, 0xcf, 0x0b, 0x00, 0x00, 0x00, 0x00, 0x00, 0x00, 0x5c, 0xe5, 0x1c, 0x00, 0x00, 0x00, 0x00, 0x00,
    0x00, 0x24, 0xe8, 0x33, 0x00, 0x00, 0x00, 0x00, 0x00, 0x00, 0x00, 0x00, 0x00, 0x00, 0x00, 0x00, 0x00, 0x00, 0x00, 0x64,
    0xff, 0xff, 0xfd, 0xe1, 0xa2, 0x1d, 0x00, 0x00, 0x00, 0x00, 0x00, 0x00, 0x04, 0x2b, 0xbb, 0xd1, 0x04, 0x00, 0x00, 0x00,
    0x00, 0x00, 0x00, 0x00, 0x26, 0xff, 0x35, 0x00, 0x00, 0x07, 0x79, 0xd5, 0xf3, 0xff, 0xff, 0xff, 0x57, 0x00, 0x00, 0x93,
    0xec, 0x4a, 0x0f, 0x01, 0x1b, 0xff, 0x5c, 0x00, 0x00, 0xeb, 0x81, 0x00, 0x00, 0x00, 0x39, 0xff, 0x5c, 0x00, 0x01, 0xf5,
    0x7a, 0x00, 0x00, 0x00, 0x92, 0xff, 0x5c, 0x00, 0x00, 0xad, 0xe1, 0x30, 0x10, 0x6a, 0xab, 0xff, 0x5c, 0x00, 0x00, 0x15,
    0xa8, 0xef, 0xed, 0x96, 0x1b, 0xff, 0x5c, 0x00, 0x00, 0x00, 0x00, 0x3f, 0xfe, 0x8c, 0x00, 0x00, 0x00, 0x00, 0x00, 0x00,
    0x08, 0xd9, 0x6c, 0xe9, 0x33, 0x00, 0x00, 0x00, 0x00, 0x00, 0x86, 0x98, 0x00, 0x51, 0xce, 0x03, 0x00, 0x00, 0x00, 0x00,
    0x00, 0x00, 0x00, 0x00, 0x00, 0x00, 0x00, 0x00, 0x00, 0x64, 0xff, 0xff, 0xfd, 0xe1, 0xa2, 0x1d, 0x00, 0x00, 0x00, 0x00,
    0x00, 0x00, 0x04, 0x2b, 0xbb, 0xd1, 0x04, 0x00, 0x00, 0x00, 0x00, 0x00, 0x00, 0x00, 0x26, 0xff, 0x35, 0x00, 0x00, 0x07,
    0x79, 0xd5, 0xf3, 0xff, 0xff, 0xff, 0x57, 0x00, 0x00, 0x93, 0xec, 0x4a, 0x0f, 0x01, 0x1b, 0xff, 0x5c, 0x00, 0x00, 0xeb,
    0x81, 0x00, 0x00, 0x00, 0x39, 0xff, 0x5c, 0x00, 0x01, 0xf5, 0x7a, 0x00, 0x00, 0x00, 0x92, 0xff, 0x5c, 0x00, 0x00, 0xad,
    0xe1, 0x30, 0x10, 0x6a, 0xab, 0xff, 0x5c, 0x00, 0x00, 0x15, 0xa8, 0xef, 0xed, 0x96, 0x1b, 0xff, 0x5c, 0x00, 0x00, 0x00,
    0x6a, 0xf2, 0x9e, 0x11, 0xd9, 0x25, 0x00, 0x00, 0x00, 0x00, 0xde, 0x2f, 0x66, 0xef, 0xab, 0x00, 0x00, 0x00, 0x00, 0x00,
    0x00, 0x00, 0x00, 0x00, 0x00, 0x00, 0x00, 0x00, 0x00, 0x64, 0xff, 0xff, 0xfd, 0xe1, 0xa2, 0x1d, 0x00, 0x00, 0x00, 0x00,
    0x00, 0x00, 0x04, 0x2b, 0xbb, 0xd1, 0x04, 0x00, 0x00, 0x00, 0x00, 0x00, 0x00, 0x00, 0x26, 0xff, 0x35, 0x00, 0x00, 0x07,
    0x79, 0xd5, 0xf3, 0xff, 0xff, 0xff, 0x57, 0x00, 0x00, 0x93, 0xec, 0x4a, 0x0f, 0x01, 0x1b, 0xff, 0x5c, 0x00, 0x00, 0xeb,
    0x81, 0x00, 0x00, 0x00, 0x39, 0xff, 0x5c, 0x00, 0x01, 0xf5, 0x7a, 0x00, 0x00, 0x00, 0x92, 0xff, 0x5c, 0x00, 0x00, 0xad,
    0xe1, 0x30, 0x10, 0x6a, 0xab, 0xff, 0x5c, 0x00, 0x00, 0x15, 0xa8, 0xef, 0xed, 0x96, 0x1b, 0xff, 0x5c, 0x00, 0x00, 0x00,
    0xac, 0xe8, 0x00, 0xa0, 0xf8, 0x00, 0x00, 0x00, 0x00, 0x00, 0xac, 0xe8, 0x00, 0xa0, 0xf8, 0x00, 0x00, 0x00, 0x00, 0x00,
    0x00, 0x00, 0x00, 0x00, 0x00, 0x00, 0x00, 0x00, 0x00, 0x64, 0xff, 0xff, 0xfd, 0xe1, 0xa2, 0x1d, 0x00, 0x00, 0x00, 0x00,
    0x00, 0x00, 0x04, 0x2b, 0xbb, 0xd1, 0x04, 0x00, 0x00, 0x00, 0x00, 0x00, 0x00, 0x00, 0x26, 0xff, 0x35, 0x00, 0x00, 0x07,
    0x79, 0xd5, 0xf3, 0xff, 0xff, 0xff, 0x57, 0x00, 0x00, 0x93, 0xec, 0x4a, 0x0f, 0x01, 0x1b, 0xff, 0x5c, 0x00, 0x00, 0xeb,
    0x81, 0x00, 0x00, 0x00, 0x39, 0xff, 0x5c, 0x00, 0x01, 0xf5, 0x7a, 0x00, 0x00, 0x00, 0x92, 0xff, 0x5c, 0x00, 0x00, 0xad,
    0xe1, 0x30, 0x10, 0x6a, 0xab, 0xff, 0x5c, 0x00, 0x00, 0x15, 0xa8, 0xef, 0xed, 0x96, 0x1b, 0xff, 0x5c, 0x00, 0x00, 0x00,
    0x05, 0xa4, 0xf3, 0xc9, 0x23, 0x00, 0x00, 0x00, 0x00, 0x00, 0x62, 0xb0, 0x0c, 0x6f, 0xaa, 0x00, 0x00, 0x00, 0x00, 0x00,
    0x62, 0xae, 0x0c, 0x6e, 0xaa, 0x00, 0x00, 0x00, 0x00, 0x00, 0x05, 0xa4, 0xf4, 0xc9, 0x23, 0x00, 0x00, 0x00, 0x00, 0x00,
    0x00, 0x00, 0x00, 0x00, 0x00, 0x00, 0x00, 0x00, 0x00, 0x64, 0xff, 0xff, 0xfd, 0xe1, 0xa2, 0x1d, 0x00, 0x00, 0x00, 0x00,
    0x00, 0x00, 0x04, 0x2b, 0xbb, 0xd1, 0x04, 0x00, 0x00, 0x00, 0x00, 0x00, 0x00, 0x00, 0x26, 0xff, 0x35, 0x00, 0x00, 0x07,
    0x79, 0xd5, 0xf3, 0xff, 0xff, 0xff, 0x57, 0x00, 0x00, 0x93, 0xec, 0x4a, 0x0f, 0x01, 0x1b, 0xff, 0x5c, 0x00, 0x00, 0xeb,
    0x81, 0x00, 0x00, 0x00, 0x39, 0xff, 0x5c, 0x00, 0x01, 0xf5, 0x7a, 0x00, 0x00, 0x00, 0x92, 0xff, 0x5c, 0x00, 0x00, 0xad,
    0xe1, 0x30, 0x10, 0x6a, 0xab, 0xff, 0x5c, 0x00, 0x00, 0x15, 0xa8, 0xef, 0xed, 0x96, 0x1b, 0xff, 0x5c, 0x00, 0x00, 0x64,
    0xff, 0xff, 0xfe, 0xee, 0xb8, 0x3f, 0x5f, 0xcc, 0xf6, 0xf5, 0xbe, 0x38, 0x00, 0x00, 0x00, 0x00, 0x00, 0x00, 0x04, 0x2b,
    0xbb, 0xff, 0xff, 0x8c, 0x1b, 0x18, 0x9b, 0xf7, 0x2d, 0x00, 0x00, 0x00, 0x00, 0x00, 0x00, 0x00, 0x26, 0xff, 0xbb, 0x00,
    0x00, 0x00, 0x04, 0xdf, 0xa3, 0x00, 0x00, 0x07, 0x79, 0xd5, 0xf3, 0xff, 0xff, 0xff, 0x6a, 0x00, 0x00, 0x00, 0x00, 0xa5,
    0xd5, 0x00, 0x00, 0x93, 0xec, 0x4a, 0x0f, 0x01, 0x14, 0xff, 0xff, 0xff, 0xff, 0xff, 0xff, 0xff, 0xe0, 0x00, 0x00, 0xeb,
    0x81, 0x00, 0x00, 0x00, 0x2b, 0xff, 0x5e, 0x00, 0x00, 0x00, 0x00, 0x00, 0x00, 0x00, 0x01, 0xf5, 0x7a, 0x00, 0x00, 0x00,
    0x72, 0xff, 0xb0, 0x00, 0x00, 0x00, 0x00, 0x00, 0x00, 0x00, 0x00, 0xaf, 0xe1, 0x30, 0x0e, 0x59, 0xe4, 0x54, 0xf4, 0x91,
    0x22, 0x0a, 0x2d, 0x80, 0x76, 0x00, 0x00, 0x15, 0xa4, 0xeb, 0xf3, 0xb8, 0x2d, 0x00, 0x28, 0xab, 0xeb, 0xf5, 0xd1, 0x7d,
    0x11, 0x00, 0x00, 0x00, 0x2d, 0xae, 0xec, 0xf2, 0xba, 0x33, 0x00, 0x00, 0x32, 0xf5, 0xae, 0x29, 0x0d, 0x44, 0x9c, 0x00,
    0x00, 0xbd, 0xda, 0x04, 0x00, 0x00, 0x00, 0x00, 0x00, 0x07, 0xfb, 0x88, 0x00, 0x00, 0x00, 0x00, 0x00, 0x00, 0x17, 0xff,
    0x70, 0x00, 0x00, 0x00, 0x00, 0x00, 0x00, 0x07, 0xfb, 0x88, 0x00, 0x00, 0x00, 0x00, 0x00, 0x00, 0x00, 0xbd, 0xda, 0x04,
    0x00, 0x00, 0x00, 0x00, 0x00, 0x00, 0x32, 0xf5, 0xae, 0x28, 0x0d, 0x43, 0x9b, 0x00, 0x00, 0x00, 0x2f, 0xb2, 0xf0, 0xf0,
    0xb8, 0x32, 0x00, 0x00, 0x00, 0x00, 0x00, 0x03, 0xc5, 0x2d, 0x00, 0x00, 0x00, 0x00, 0x00, 0x00, 0x04, 0x9c, 0x91, 0x00,
    0x00, 0x00, 0x00, 0x00, 0x85, 0xfa, 0xe5, 0x47, 0x00, 0x00, 0x00, 0x00, 0x32, 0xf4, 0x55, 0x00, 0x00, 0x00, 0x00, 0x00,
    0x00, 0x00, 0x00, 0x50, 0xee, 0x20, 0x00, 0x00, 0x00, 0x00, 0x00, 0x00, 0x00, 0x00, 0x75, 0xc8, 0x05, 0x00, 0x00, 0x00,
    0x00, 0x00, 0x00, 0x00, 0x00, 0x00, 0x00, 0x00, 0x00, 0x00, 0x00, 0x00, 0x2d, 0xb1, 0xef, 0xf7, 0xc6, 0x3e, 0x00, 0x00,
    0x00, 0x2f, 0xf4, 0xa6, 0x22, 0x12, 0x7e, 0xf9, 0x33, 0x00, 0x00, 0xb9, 0xd6, 0x04, 0x00, 0x00, 0x00, 0xc1, 0xb0, 0x00,
    0x06, 0xfa, 0x8a, 0x00, 0x00, 0x00, 0x00, 0x82, 0xec, 0x00, 0x17, 0xff, 0xff, 0xff, 0xff, 0xff, 0xff, 0xff, 0xfe, 0x00,
    0x08, 0xfc, 0x7e, 0x00, 0x00, 0x00, 0x00, 0x00, 0x00, 0x00, 0x00, 0xbc, 0xcd, 0x03, 0x00, 0x00, 0x00, 0x00, 0x00, 0x00,
    0x00, 0x2f, 0xf3, 0xa8, 0x29, 0x09, 0x27, 0x70, 0x8d, 0x00, 0x00, 0x00, 0x28, 0xa8, 0xea, 0xf7, 0xd7, 0x8c, 0x1a, 0x00,
    0x00, 0x00, 0x00, 0x00, 0x00, 0x33, 0xf7, 0x51, 0x00, 0x00, 0x00, 0x00, 0x00, 0x00, 0x0c, 0xdb, 0x75, 0x00, 0x00, 0x00,
    0x00, 0x00, 0x00, 0x00, 0xa3, 0x9c, 0x00, 0x00, 0x00, 0x00, 0x00, 0x00, 0x00, 0x00, 0x00, 0x00, 0x00, 0x00, 0x00, 0x00,
    0x00, 0x00, 0x2d, 0xb1, 0xef, 0xf7, 0xc6, 0x3e, 0x00, 0x00, 0x00, 0x2f, 0xf4, 0xa6, 0x22, 0x12, 0x7e, 0xf9, 0x33, 0x00,
    0x00, 0xb9, 0xd6, 0x04, 0x00, 0x00, 0x00, 0xc1, 0xb0, 0x00, 0x06, 0xfa, 0x8a, 0x00, 0x00, 0x00, 0x00, 0x82, 0xec, 0x00,
    0x17, 0xff, 0xff, 0xff, 0xff, 0xff, 0xff, 0xff, 0xfe, 0x00, 0x08, 0xfc, 0x7e, 0x00, 0x00, 0x00, 0x00, 0x00, 0x00, 0x00,
    0x00, 0xbc, 0xcd, 0x03, 0x00, 0x00, 0x00, 0x00, 0x00, 0x00, 0x00, 0x2f, 0xf3, 0xa8, 0x29, 0x09, 0x27, 0x70, 0x8d, 0x00,
    0x00, 0x00, 0x28, 0xa8, 0xea, 0xf7, 0xd7, 0x8c, 0x1a, 0x00, 0x00, 0x00, 0x00, 0x02, 0xc7, 0xec, 0x14, 0x00, 0x00, 0x00,
    0x00, 0x00, 0x00, 0x6f, 0xc1, 0x97, 0xa3, 0x00, 0x00, 0x00, 0x00, 0x00, 0x1e, 0xe2, 0x1d, 0x08, 0xd3, 0x46, 0x00, 0x00,
    0x00, 0x00, 0x00, 0x00, 0x00, 0x00, 0x00, 0x00, 0x00, 0x00, 0x00, 0x00, 0x2d, 0xb1, 0xef, 0xf7, 0xc6, 0x3e, 0x00, 0x00,
    0x00, 0x2f, 0xf4, 0xa6, 0x22, 0x12, 0x7e, 0xf9, 0x33, 0x00, 0x00, 0xb9, 0xd6, 0x04, 0x00, 0x00, 0x00, 0xc1, 0xb0, 0x00,
    0x06, 0xfa, 0x8a, 0x00, 0x00, 0x00, 0x00, 0x82, 0xec, 0x00, 0x17, 0xff, 0xff, 0xff, 0xff, 0xff, 0xff, 0xff, 0xfe, 0x00,
    0x08, 0xfc, 0x7e, 0x00, 0x00, 0x00, 0x00, 0x00, 0x00, 0x00, 0x00, 0xbc, 0xcd, 0x03, 0x00, 0x00, 0x00, 0x00, 0x00, 0x00,
    0x00, 0x2f, 0xf3, 0xa8, 0x29, 0x09, 0x27, 0x70, 0x8d, 0x00, 0x00, 0x00, 0x28, 0xa8, 0xea, 0xf7, 0xd7, 0x8c, 0x1a, 0x00,
    0x00, 0x00, 0x38, 0xff, 0x5c, 0x2c, 0xff, 0x6c, 0x00, 0x00, 0x00, 0x00, 0x38, 0xff, 0x5c, 0x2c, 0xff, 0x6c, 0x00, 0x00,
    0x00, 0x00, 0x00, 0x00, 0x00, 0x00, 0x00, 0x00, 0x00, 0x00, 0x00, 0x00, 0x2d, 0xb1, 0xef, 0xf7, 0xc6, 0x3e, 0x00, 0x00,
    0x00, 0x2f, 0xf4, 0xa6, 0x22, 0x12, 0x7e, 0xf9, 0x33, 0x00, 0x00, 0xb9, 0xd6, 0x04, 0x00, 0x00, 0x00, 0xc1, 0xb0, 0x00,
    0x06, 0xfa, 0x8a, 0x00, 0x00, 0x00, 0x00, 0x82, 0xec, 0x00, 0x17, 0xff, 0xff, 0xff, 0xff, 0xff, 0xff, 0xff, 0xfe, 0x00,
    0x08, 0xfc, 0x7e, 0x00, 0x00, 0x00, 0x00, 0x00, 0x00, 0x00, 0x00, 0xbc, 0xcd, 0x03, 0x00, 0x00, 0x00, 0x00, 0x00, 0x00,
    0x00, 0x2f, 0xf3, 0xa8, 0x29, 0x09, 0x27, 0x70, 0x8d, 0x00, 0x00, 0x00, 0x28, 0xa8, 0xea, 0xf7, 0xd7, 0x8c, 0x1a, 0x00,
    0x1f, 0xe8, 0x75, 0x00, 0x00, 0x00, 0x37, 0xf1, 0x36, 0x00, 0x00, 0x00, 0x56, 0xdc, 0x0f, 0x00, 0x00, 0x00, 0x00, 0x00,
    0x00, 0x00, 0x7c, 0xf4, 0x00, 0x00, 0x00, 0x7c, 0xf4, 0x00, 0x00, 0x00, 0x7c, 0xf4, 0x00, 0x00, 0x00, 0x7c, 0xf4, 0x00,
    0x00, 0x00, 0x7c, 0xf4, 0x00, 0x00, 0x00, 0x7c, 0xf4, 0x00, 0x00, 0x00, 0x7c, 0xf4, 0x00, 0x00, 0x00, 0x7c, 0xf4, 0x00,
    0x00, 0x00, 0x7c, 0xf4, 0x00, 0x00, 0x00, 0x1e, 0xef, 0x6e, 0x00, 0x03, 0xc4, 0x96, 0x00, 0x00, 0x83, 0xb8, 0x03, 0x00,
    0x00, 0x00, 0x00, 0x00, 0x00, 0x00, 0x7c, 0xf4, 0x00, 0x00, 0x00, 0x7c, 0xf4, 0x00, 0x00, 0x00, 0x7c, 0xf4, 0x00, 0x00,
    0x00, 0x7c, 0xf4, 0x00, 0x00, 0x00, 0x7c, 0xf4, 0x00, 0x00, 0x00, 0x7c, 0xf4, 0x00, 0x00, 0x00, 0x7c, 0xf4, 0x00, 0x00,
    0x00, 0x7c, 0xf4, 0x00, 0x00, 0x00, 0x7c, 0xf4, 0x00, 0x00, 0x00, 0x00, 0xab, 0xf8, 0x28, 0x00, 0x00, 0x4e, 0xd9, 0x7f,
    0xc2, 0x01, 0x0e, 0xdd, 0x32, 0x01, 0xba, 0x66, 0x00, 0x00, 0x00, 0x00, 0x00, 0x00, 0x00, 0x00, 0x7c, 0xf4, 0x00, 0x00,
    0x00, 0x00, 0x7c, 0xf4, 0x00, 0x00, 0x00, 0x00, 0x7c, 0xf4, 0x00, 0x00, 0x00, 0x00, 0x7c, 0xf4, 0x00, 0x00, 0x00, 0x00,
    0x7c, 0xf4, 0x00, 0x00, 0x00, 0x00, 0x7c, 0xf4, 0x00, 0x00, 0x00, 0x00, 0x7c, 0xf4, 0x00, 0x00, 0x00, 0x00, 0x7c, 0xf4,
    0x00, 0x00, 0x00, 0x00, 0x7c, 0xf4, 0x00, 0x00, 0x18, 0xff, 0x7c, 0x0c, 0xff, 0x8c, 0x18, 0xff, 0x7c, 0x0c, 0xff, 0x8c,
    0x00, 0x00, 0x00, 0x00, 0x00, 0x00, 0x00, 0x00, 0x7c, 0xf4, 0x00, 0x00, 0x00, 0x00, 0x7c, 0xf4, 0x00, 0x00, 0x00, 0x00,
    0x7c, 0xf4, 0x00, 0x00, 0x00, 0x00, 0x7c, 0xf4, 0x00, 0x00, 0x00, 0x00, 0x7c, 0xf4, 0x00, 0x00, 0x00, 0x00, 0x7c, 0xf4,
    0x00, 0x00, 0x00, 0x00, 0x7c, 0xf4, 0x00, 0x00, 0x00, 0x00, 0x7c, 0xf4, 0x00, 0x00, 0x00, 0x00, 0x7c, 0xf4, 0x00, 0x00,
    0x00, 0x00, 0x27, 0xe3, 0xb3, 0x27, 0x69, 0x9d, 0x01, 0x00, 0x00, 0x09, 0x4a, 0xac, 0xf8, 0xf7, 0x56, 0x0b, 0x00, 0x00,
    0x00, 0x1f, 0x6e, 0x26, 0x1c, 0xd8, 0xc2, 0x0b, 0x00, 0x00, 0x00, 0x00, 0x3d, 0xc6, 0xf8, 0xfa, 0xff, 0x9f, 0x00, 0x00,
    0x00, 0x38, 0xf9, 0x9f, 0x21, 0x0c, 0x73, 0xff, 0x37, 0x00, 0x00, 0xc0, 0xd5, 0x01, 0x00, 0x00, 0x04, 0xe7, 0x9b, 0x00,
    0x08, 0xfc, 0x86, 0x00, 0x00, 0x00, 0x00, 0xbb, 0xd4, 0x00, 0x17, 0xff, 0x6f, 0x00, 0x00, 0x00, 0x00, 0xa4, 0xe6, 0x00,
    0x07, 0xfb, 0x85, 0x00, 0x00, 0x00, 0x00, 0xba, 0xd3, 0x00, 0x00, 0xbe, 0xd2, 0x00, 0x00, 0x00, 0x13, 0xf5, 0x8e, 0x00,
    0x00, 0x36, 0xf8, 0x92, 0x17, 0x23, 0xbb, 0xe6, 0x17, 0x00, 0x00, 0x00, 0x38, 0xbf, 0xf6, 0xf1, 0xac, 0x21, 0x00, 0x00,
    0x00, 0x00, 0x0b, 0xca, 0xe6, 0x48, 0x55, 0xb1, 0x00, 0x00, 0x00, 0x00, 0x52, 0xb6, 0x18, 0xba, 0xee, 0x45, 0x00, 0x00,
    0x00, 0x00, 0x00, 0x00, 0x00, 0x00, 0x00, 0x00, 0x00, 0x00, 0x00, 0x8c, 0xe8, 0x14, 0xaf, 0xf4, 0xe4, 0x6e, 0x00, 0x00,
    0x00, 0x8c, 0xe9, 0xa4, 0x3d, 0x0f, 0x76, 0xff, 0x39, 0x00, 0x00, 0x8c, 0xff, 0x49, 0x00, 0x00, 0x00, 0xde, 0x99, 0x00,
    0x00, 0x8c, 0xfc, 0x04, 0x00, 0x00, 0x00, 0xb5, 0xb9, 0x00, 0x00, 0x8c, 0xe9, 0x00, 0x00, 0x00, 0x00, 0xa8, 0xc8, 0x00,
    0x00, 0x8c, 0xe8, 0x00, 0x00, 0x00, 0x00, 0xa8, 0xc8, 0x00, 0x00, 0x8c, 0xe8, 0x00, 0x00, 0x00, 0x00, 0xa8, 0xc8, 0x00,
    0x00, 0x8c, 0xe8, 0x00, 0x00, 0x00, 0x00, 0xa8, 0xc8, 0x00, 0x00, 0x8c, 0xe8, 0x00, 0x00, 0x00, 0x00, 0xa8, 0xc8, 0x00,
    0x00, 0x00, 0x58, 0xf6, 0x2d, 0x00, 0x00, 0x00, 0x00, 0x00, 0x00, 0x00, 0x00, 0x7e, 0xd6, 0x0a, 0x00, 0x00, 0x00, 0x00,
    0x00, 0x00, 0x00, 0x00, 0xa4, 0x9d, 0x00, 0x00, 0x00, 0x00, 0x00, 0x00, 0x00, 0x00, 0x00, 0x00, 0x00, 0x00, 0x00, 0x00,
    0x00, 0x00, 0x43, 0xc4, 0xf6, 0xf1, 0xb2, 0x28, 0x00, 0x00, 0x00, 0x43, 0xfc, 0x91, 0x18, 0x24, 0xbb, 0xed, 0x1e, 0x00,
    0x00, 0xc7, 0xd1, 0x00, 0x00, 0x00, 0x13, 0xf5, 0x94, 0x00, 0x08, 0xfd, 0x85, 0x00, 0x00, 0x00, 0x00, 0xba, 0xd4, 0x00,
    0x18, 0xff, 0x6f, 0x00, 0x00, 0x00, 0x00, 0xa3, 0xe7, 0x00, 0x08, 0xfd, 0x84, 0x00, 0x00, 0x00, 0x00, 0xb9, 0xd4, 0x00,
    0x00, 0xc7, 0xcf, 0x00, 0x00, 0x00, 0x12, 0xf4, 0x95, 0x00, 0x00, 0x45, 0xfc, 0x8f, 0x17, 0x22, 0xb9, 0xef, 0x1f, 0x00,
    0x00, 0x00, 0x45, 0xc5, 0xf7, 0xf2, 0xb3, 0x2a, 0x00, 0x00, 0x00, 0x00, 0x00, 0x00, 0x00, 0x5d, 0xf2, 0x2c, 0x00, 0x00,
    0x00, 0x00, 0x00, 0x00, 0x24, 0xef, 0x49, 0x00, 0x00, 0x00, 0x00, 0x00, 0x00, 0x06, 0xcc, 0x6c, 0x00, 0x00, 0x00, 0x00,
    0x00, 0x00, 0x00, 0x00, 0x00, 0x00, 0x00, 0x00, 0x00, 0x00, 0x00, 0x00, 0x43, 0xc4, 0xf6, 0xf1, 0xb2, 0x28, 0x00, 0x00,
    0x00, 0x43, 0xfc, 0x91, 0x18, 0x24, 0xbb, 0xed, 0x1e, 0x00, 0x00, 0xc7, 0xd1, 0x00, 0x00, 0x00, 0x13, 0xf5, 0x94, 0x00,
    0x08, 0xfd, 0x85, 0x00, 0x00, 0x00, 0x00, 0xba, 0xd4, 0x00, 0x18, 0xff, 0x6f, 0x00, 0x00, 0x00, 0x00, 0xa3, 0xe7, 0x00,
    0x08, 0xfd, 0x84, 0x00, 0x00, 0x00, 0x00, 0xb9, 0xd4, 0x00, 0x00, 0xc7, 0xcf, 0x00, 0x00, 0x00, 0x12, 0xf4, 0x95, 0x00,
    0x00, 0x45, 0xfc, 0x8f, 0x17, 0x22, 0xb9, 0xef, 0x1f, 0x00, 0x00, 0x00, 0x45, 0xc5, 0xf7, 0xf2, 0xb3, 0x2a, 0x00, 0x00,
    0x00, 0x00, 0x00, 0x11, 0xe8, 0xcd, 0x03, 0x00, 0x00, 0x00, 0x00, 0x00, 0x00, 0x9f, 0x96, 0xc2, 0x73, 0x00, 0x00, 0x00,
    0x00, 0x00, 0x42, 0xd3, 0x08, 0x1d, 0xe3, 0x21, 0x00, 0x00, 0x00, 0x00, 0x00, 0x00, 0x00, 0x00, 0x00, 0x00, 0x00, 0x00,
    0x00, 0x00, 0x43, 0xc4, 0xf6, 0xf1, 0xb2, 0x28, 0x00, 0x00, 0x00, 0x43, 0xfc, 0x91, 0x18, 0x24, 0xbb, 0xed, 0x1e, 0x00,
    0x00, 0xc7, 0xd1, 0x00, 0x00, 0x00, 0x13, 0xf5, 0x94, 0x00, 0x08, 0xfd, 0x85, 0x00, 0x00, 0x00, 0x00, 0xba, 0xd4, 0x00,
    0x18, 0xff, 0x6f, 0x00, 0x00, 0x00, 0x00, 0xa3, 0xe7, 0x00, 0x08, 0xfd, 0x84, 0x00, 0x00, 0x00, 0x00, 0xb9, 0xd4, 0x00,
    0x00, 0xc7, 0xcf, 0x00, 0x00, 0x00, 0x12, 0xf4, 0x95, 0x00, 0x00, 0x45, 0xfc, 0x8f, 0x17, 0x22, 0xb9, 0xef, 0x1f, 0x00,
    0x00, 0x00, 0x45, 0xc5, 0xf7, 0xf2, 0xb3, 0x2a, 0x00, 0x00, 0x00, 0x00, 0x34, 0xe8, 0xc8, 0x20, 0x9c, 0x69, 0x00, 0x00,
    0x00, 0x00, 0x9a, 0x71, 0x39, 0xdc, 0xd7, 0x16, 0x00, 0x00, 0x00, 0x00, 0x00, 0x00, 0x00, 0x00, 0x00, 0x00, 0x00, 0x00,
    0x00, 0x00, 0x43, 0xc4, 0xf6, 0xf1, 0xb2, 0x28, 0x00, 0x00, 0x00, 0x43, 0xfc, 0x91, 0x18, 0x24, 0xbb, 0xed, 0x1e, 0x00,
    0x00, 0xc7, 0xd1, 0x00, 0x00, 0x00, 0x13, 0xf5, 0x94, 0x00, 0x08, 0xfd, 0x85, 0x00, 0x00, 0x00, 0x00, 0xba, 0xd4, 0x00,
    0x18, 0xff, 0x6f, 0x00, 0x00, 0x00, 0x00, 0xa3, 0xe7, 0x00, 0x08, 0xfd, 0x84, 0x00, 0x00, 0x00, 0x00, 0xb9, 0xd4, 0x00,
    0x00, 0xc7, 0xcf, 0x00, 0x00, 0x00, 0x12, 0xf4, 0x95, 0x00, 0x00, 0x45, 0xfc, 0x8f, 0x17, 0x22, 0xb9, 0xef, 0x1f, 0x00,
    0x00, 0x00, 0x45, 0xc5, 0xf7, 0xf2, 0xb3, 0x2a, 0x00, 0x00, 0x00, 0x00, 0x68, 0xff, 0x2c, 0x5c, 0xff, 0x3c, 0x00, 0x00,
    0x00, 0x00, 0x68, 0xff, 0x2c, 0x5c, 0xff, 0x3c, 0x00, 0x00, 0x00, 0x00, 0x00, 0x00, 0x00, 0x00, 0x00, 0x00, 0x00, 0x00,
    0x00, 0x00, 0x43, 0xc4, 0xf6, 0xf1, 0xb2, 0x28, 0x00, 0x00, 0x00, 0x43, 0xfc, 0x91, 0x18, 0x24, 0xbb, 0xed, 0x1e, 0x00,
    0x00, 0xc7, 0xd1, 0x00, 0x00, 0x00, 0x13, 0xf5, 0x94, 0x00, 0x08, 0xfd, 0x85, 0x00, 0x00, 0x00, 0x00, 0xba, 0xd4, 0x00,
    0x18, 0xff, 0x6f, 0x00, 0x00, 0x00, 0x00, 0xa3, 0xe7, 0x00, 0x08, 0xfd, 0x84, 0x00, 0x00, 0x00, 0x00, 0xb9, 0xd4, 0x00,
    0x00, 0xc7, 0xcf, 0x00, 0x00, 0x00, 0x12, 0xf4, 0x95, 0x00, 0x00, 0x45, 0xfc, 0x8f, 0x17, 0x22, 0xb9, 0xef, 0x1f, 0x00,
    0x00, 0x00, 0x45, 0xc5, 0xf7, 0xf2, 0xb3, 0x2a, 0x00, 0x00, 0x00, 0x00, 0x00, 0x00, 0x00, 0x40, 0xff, 0xac, 0x00, 0x00,
    0x00, 0x00, 0x00, 0x00, 0x00, 0x00, 0x00, 0x00, 0x40, 0xff, 0xac, 0x00, 0x00, 0x00, 0x00, 0x00, 0x00, 0x00, 0x00, 0x00,
    0x00, 0x00, 0x00, 0x00, 0x00, 0x00, 0x00, 0x00, 0x00, 0x00, 0x4c, 0xff, 0xff, 0xff, 0xff, 0xff, 0xff, 0xff, 0xff, 0xff,
    0xb8, 0x00, 0x00, 0x00, 0x00, 0x00, 0x00, 0x00, 0x00, 0x00, 0x00, 0x00, 0x00, 0x00, 0x00, 0x00, 0x00, 0x00, 0x00, 0x00,
    0x40, 0xff, 0xac, 0x00, 0x00, 0x00, 0x00, 0x00, 0x00, 0x00, 0x00, 0x00, 0x00, 0x40, 0xff, 0xac, 0x00, 0x00, 0x00, 0x00,
    0x00, 0x00, 0x00, 0x00, 0x00, 0x00, 0x00, 0x00, 0x00, 0x00, 0x00, 0x00, 0x00, 0x00, 0x00, 0x00, 0x00, 0x00, 0x00, 0x00,
    0x00, 0x00, 0x47, 0x01, 0x00, 0x00, 0x42, 0xc4, 0xf6, 0xec, 0xb6, 0x93, 0xc8, 0x0a, 0x00, 0x3f, 0xfb, 0x90, 0x18, 0x21,
    0xc8, 0xff, 0x3a, 0x00, 0x00, 0xc2, 0xd3, 0x00, 0x00, 0x2f, 0xe8, 0xf0, 0x9a, 0x00, 0x07, 0xfb, 0x86, 0x00, 0x12, 0xdd,
    0x52, 0xb2, 0xce, 0x00, 0x16, 0xff, 0x6e, 0x03, 0xba, 0x85, 0x00, 0xa2, 0xe6, 0x00, 0x04, 0xfc, 0x79, 0x8a, 0xb7, 0x02,
    0x00, 0xb9, 0xd1, 0x00, 0x00, 0xcd, 0xe3, 0xdb, 0x11, 0x00, 0x12, 0xf4, 0x8f, 0x00, 0x00, 0x6b, 0xff, 0x9b, 0x11, 0x22,
    0xb9, 0xec, 0x1b, 0x00, 0x1b, 0xdc, 0x82, 0xcb, 0xf4, 0xf2, 0xb2, 0x28, 0x00, 0x00, 0x11, 0x40, 0x00, 0x00, 0x00, 0x00,
    0x00, 0x00, 0x00, 0x00, 0x00, 0x00, 0x4b, 0xf8, 0x39, 0x00, 0x00, 0x00, 0x00, 0x00, 0x00, 0x00, 0x00, 0x6e, 0xe0, 0x10,
    0x00, 0x00, 0x00, 0x00, 0x00, 0x00, 0x00, 0x00, 0x94, 0xad, 0x00, 0x00, 0x00, 0x00, 0x00, 0x00, 0x00, 0x00, 0x00, 0x00,
    0x00, 0x00, 0x00, 0x00, 0x00, 0xa4, 0xcc, 0x00, 0x00, 0x00, 0x00, 0xc0, 0xb0, 0x00, 0x00, 0xa4, 0xcc, 0x00, 0x00, 0x00,
    0x00, 0xc0, 0xb0, 0x00, 0x00, 0xa4, 0xcc, 0x00, 0x00, 0x00, 0x00, 0xc0, 0xb0, 0x00, 0x00, 0xa4, 0xcc, 0x00, 0x00, 0x00,
    0x00, 0xc0, 0xb0, 0x00, 0x00, 0xa4, 0xcc, 0x00, 0x00, 0x00, 0x00, 0xc1, 0xb0, 0x00, 0x00, 0x96, 0xd8, 0x00, 0x00, 0x00,
    0x00, 0xda, 0xb0, 0x00, 0x00, 0x75, 0xf6, 0x0b, 0x00, 0x00, 0x24, 0xfc, 0xb0, 0x00, 0x00, 0x1c, 0xfa, 0x92, 0x10, 0x2d,
    0xac, 0xcc, 0xb0, 0x00, 0x00, 0x00, 0x53, 0xdb, 0xf8, 0xc2, 0x27, 0xc0, 0xb0, 0x00, 0x00, 0x00, 0x00, 0x00, 0x00, 0x4e,
    0xf6, 0x37, 0x00, 0x00, 0x00, 0x00, 0x00, 0x00, 0x1b, 0xeb, 0x57, 0x00, 0x00, 0x00, 0x00, 0x00, 0x00, 0x02, 0xbf, 0x7c,
    0x00, 0x00, 0x00, 0x00, 0x00, 0x00, 0x00, 0x00, 0x00, 0x00, 0x00, 0x00, 0x00, 0x00, 0x00, 0xa4, 0xcc, 0x00, 0x00, 0x00,
    0x00, 0xc0, 0xb0, 0x00, 0x00, 0xa4, 0xcc, 0x00, 0x00, 0x00, 0x00, 0xc0, 0xb0, 0x00, 0x00, 0xa4, 0xcc, 0x00, 0x00, 0x00,
    0x00, 0xc0, 0xb0, 0x00, 0x00, 0xa4, 0xcc, 0x00, 0x00, 0x00, 0x00, 0xc0, 0xb0, 0x00, 0x00, 0xa4, 0xcc, 0x00, 0x00, 0x00,
    0x00, 0xc1, 0xb0, 0x00, 0x00, 0x96, 0xd8, 0x00, 0x00, 0x00, 0x00, 0xda, 0xb0, 0x00, 0x00, 0x75, 0xf6, 0x0b, 0x00, 0x00,
    0x24, 0xfc, 0xb0, 0x00, 0x00, 0x1c, 0xfa, 0x92, 0x10, 0x2d, 0xac, 0xcc, 0xb0, 0x00, 0x00, 0x00, 0x53, 0xdb, 0xf8, 0xc2,
    0x27, 0xc0, 0xb0, 0x00, 0x00, 0x00, 0x00, 0x0b, 0xdf, 0xd8, 0x07, 0x00, 0x00, 0x00, 0x00, 0x00, 0x00, 0x8f, 0xa4, 0xb4,
    0x83, 0x00, 0x00, 0x00, 0x00, 0x00, 0x35, 0xdb, 0x0e, 0x15, 0xe1, 0x2c, 0x00, 0x00, 0x00, 0x00, 0x00, 0x00, 0x00, 0x00,
    0x00, 0x00, 0x00, 0x00, 0x00, 0xa4, 0xcc, 0x00, 0x00, 0x00, 0x00, 0xc0, 0xb0, 0x00, 0x00, 0xa4, 0xcc, 0x00, 0x00, 0x00,
    0x00, 0xc0, 0xb0, 0x00, 0x00, 0xa4, 0xcc, 0x00, 0x00, 0x00, 0x00, 0xc0, 0xb0, 0x00, 0x00, 0xa4, 0xcc, 0x00, 0x00, 0x00,
    0x00, 0xc0, 0xb0, 0x00, 0x00, 0xa4, 0xcc, 0x00, 0x00, 0x00, 0x00, 0xc1, 0xb0, 0x00, 0x00, 0x96, 0xd8, 0x00, 0x00, 0x00,
    0x00, 0xda, 0xb0, 0x00, 0x00, 0x75, 0xf6, 0x0b, 0x00, 0x00, 0x24, 0xfc, 0xb0, 0x00, 0x00, 0x1c, 0xfa, 0x92, 0x10, 0x2d,
    0xac, 0xcc, 0xb0, 0x00, 0x00, 0x00, 0x53, 0xdb, 0xf8, 0xc2, 0x27, 0xc0, 0xb0, 0x00, 0x00, 0x00, 0x58, 0xff, 0x3c, 0x4c,
    0xff, 0x4c, 0x00, 0x00, 0x00, 0x00, 0x58, 0xff, 0x3c, 0x4c, 0xff, 0x4c, 0x00, 0x00, 0x00, 0x00, 0x00, 0x00, 0x00, 0x00,
    0x00, 0x00, 0x00, 0x00, 0x00, 0xa4, 0xcc, 0x00, 0x00, 0x00, 0x00, 0xc0, 0xb0, 0x00, 0x00, 0xa4, 0xcc, 0x00, 0x00, 0x00,
    0x00, 0xc0, 0xb0, 0x00, 0x00, 0xa4, 0xcc, 0x00, 0x00, 0x00, 0x00, 0xc0, 0xb0, 0x00, 0x00, 0xa4, 0xcc, 0x00, 0x00, 0x00,
    0x00, 0xc0, 0xb0, 0x00, 0x00, 0xa4, 0xcc, 0x00, 0x00, 0x00, 0x00, 0xc1, 0xb0, 0x00, 0x00, 0x96, 0xd8, 0x00, 0x00, 0x00,
    0x00, 0xda, 0xb0, 0x00, 0x00, 0x75, 0xf6, 0x0b, 0x00, 0x00, 0x24, 0xfc, 0xb0, 0x00, 0x00, 0x1c, 0xfa, 0x92, 0x10, 0x2d,
    0xac, 0xcc, 0xb0, 0x00, 0x00, 0x00, 0x53, 0xdb, 0xf8, 0xc2, 0x27, 0xc0, 0xb0, 0x00, 0x00, 0x00, 0x00, 0x00, 0x00, 0x8a,
    0xde, 0x15, 0x00, 0x00, 0x00, 0x00, 0x00, 0x45, 0xee, 0x29, 0x00, 0x00, 0x00, 0x00, 0x00, 0x16, 0xe3, 0x45, 0x00, 0x00,
    0x00, 0x00, 0x00, 0x00, 0x00, 0x00, 0x00, 0x00, 0x00, 0x00, 0x51, 0xff, 0x31, 0x00, 0x00, 0x00, 0x00, 0xba, 0xcc, 0x04,
    0xe6, 0x94, 0x00, 0x00, 0x00, 0x1f, 0xfd, 0x67, 0x00, 0x84, 0xef, 0x08, 0x00, 0x00, 0x81, 0xf3, 0x0d, 0x00, 0x1f, 0xfd,
    0x5b, 0x00, 0x02, 0xe1, 0x9b, 0x00, 0x00, 0x00, 0xb7, 0xbe, 0x00, 0x47, 0xff, 0x36, 0x00, 0x00, 0x00, 0x50, 0xfe, 0x23,
    0xab, 0xd0, 0x00, 0x00, 0x00, 0x00, 0x04, 0xe5, 0x99, 0xf9, 0x6a, 0x00, 0x00, 0x00, 0x00, 0x00, 0x83, 0xff, 0xf5, 0x0f,
    0x00, 0x00, 0x00, 0x00, 0x00, 0x20, 0xff, 0x9f, 0x00, 0x00, 0x00, 0x00, 0x00, 0x00, 0x41, 0xff, 0x38, 0x00, 0x00, 0x00,
    0x00, 0x00, 0x13, 0xc7, 0xc1, 0x00, 0x00, 0x00, 0x00, 0x00, 0xbc, 0xfa, 0xc6, 0x22, 0x00, 0x00, 0x00, 0x00, 0x00, 0x8c,
    0xe8, 0x00, 0x00, 0x00, 0x00, 0x00, 0x00, 0x00, 0x00, 0x8c, 0xe8, 0x00, 0x00, 0x00, 0x00, 0x00, 0x00, 0x00, 0x00, 0x8c,
    0xe8, 0x00, 0x00, 0x00, 0x00, 0x00, 0x00, 0x00, 0x00, 0x8c, 0xe8, 0x1a, 0xb7, 0xf5, 0xe1, 0x71, 0x00, 0x00, 0x00, 0x8c,
    0xe9, 0xad, 0x3c, 0x10, 0x65, 0xfb, 0x65, 0x00, 0x00, 0x8c, 0xff, 0x4f, 0x00, 0x00, 0x00, 0x9c, 0xe5, 0x04, 0x00, 0x8c,
    0xfe, 0x06, 0x00, 0x00, 0x00, 0x51, 0xff, 0x24, 0x00, 0x8c, 0xef, 0x00, 0x00, 0x00, 0x00, 0x3b, 0xff, 0x3f, 0x00, 0x8c,
    0xfe, 0x06, 0x00, 0x00, 0x00, 0x51, 0xff, 0x24, 0x00, 0x8c, 0xff, 0x4e, 0x00, 0x00, 0x00, 0x9b, 0xe6, 0x04, 0x00, 0x8c,
    0xea, 0xac, 0x3b, 0x0f, 0x63, 0xfa, 0x67, 0x00, 0x00, 0x8c, 0xe8, 0x1c, 0xb9, 0xf6, 0xe3, 0x73, 0x00, 0x00, 0x00, 0x8c,
    0xe8, 0x00, 0x00, 0x00, 0x00, 0x00, 0x00, 0x00, 0x00, 0x8c, 0xe8, 0x00, 0x00, 0x00, 0x00, 0x00, 0x00, 0x00, 0x00, 0x8c,
    0xe8, 0x00, 0x00, 0x00, 0x00, 0x00, 0x00, 0x00, 0x00, 0x00, 0x94, 0xff, 0x00, 0x88, 0xff, 0x10, 0x00, 0x00, 0x00, 0x94,
    0xff, 0x00, 0x88, 0xff, 0x10, 0x00, 0x00, 0x00, 0x00, 0x00, 0x00, 0x00, 0x00, 0x00, 0x00, 0x51, 0xff, 0x31, 0x00, 0x00,
    0x00, 0x00, 0xba, 0xcc, 0x04, 0xe6, 0x94, 0x00, 0x00, 0x00, 0x1f, 0xfd, 0x67, 0x00, 0x84, 0xef, 0x08, 0x00, 0x00, 0x81,
    0xf3, 0x0d, 0x00, 0x1f, 0xfd, 0x5b, 0x00, 0x02, 0xe1, 0x9b, 0x00, 0x00, 0x00, 0xb7, 0xbe, 0x00, 0x47, 0xff, 0x36, 0x00,
    0x00, 0x00, 0x50, 0xfe, 0x23, 0xab, 0xd0, 0x00, 0x00, 0x00, 0x00, 0x04, 0xe5, 0x99, 0xf9, 0x6a, 0x00, 0x00, 0x00, 0x00,
    0x00, 0x83, 0xff, 0xf5, 0x0f, 0x00, 0x00, 0x00, 0x00, 0x00, 0x20, 0xff, 0x9f, 0x00, 0x00, 0x00, 0x00, 0x00, 0x00, 0x41,
    0xff, 0x38, 0x00, 0x00, 0x00, 0x00, 0x00, 0x13, 0xc7, 0xc1, 0x00, 0x00, 0x00, 0x00, 0x00, 0xbc, 0xfa, 0xc6, 0x22, 0x00,
    0x00, 0x00, 0x00, 0x00, 0x00, 0x00, 0x00, 0x9c, 0xff, 0x8e, 0x00, 0x00, 0x00, 0x00, 0x00, 0x00, 0x00, 0x00, 0x09, 0xf1,
    0xf7, 0xe9, 0x04, 0x00, 0x00, 0x00, 0x00, 0x00, 0x00, 0x00, 0x5a, 0xff, 0x72, 0xff, 0x4c, 0x00, 0x00, 0x00, 0x00, 0x00,
    0x00, 0x00, 0xb9, 0xda, 0x02, 0xe7, 0xaa, 0x00, 0x00, 0x00, 0x00, 0x00, 0x00, 0x1a, 0xfd, 0x83, 0x00, 0x92, 0xf8, 0x11,
    0x00, 0x00, 0x00, 0x00, 0x00, 0x77, 0xff, 0x2c, 0x00, 0x3b, 0xff, 0x68, 0x00, 0x00, 0x00, 0x00, 0x00, 0xd5, 0xd5, 0x00,
    0x00, 0x01, 0xe2, 0xc6, 0x00, 0x00, 0x00, 0x00, 0x35, 0xff, 0x7f, 0x00, 0x00, 0x00, 0x8c, 0xff, 0x26, 0x00, 0x00, 0x00,
    0x94, 0xff, 0xff, 0xff, 0xff, 0xff, 0xff, 0xff, 0x84, 0x00, 0x00, 0x06, 0xec, 0xae, 0x00, 0x00, 0x00, 0x00, 0x00, 0xb7,
    0xe1, 0x01, 0x00, 0x52, 0xff, 0x53, 0x00, 0x00, 0x00, 0x00, 0x00, 0x5c, 0xff, 0x41, 0x00, 0xb1, 0xf1, 0x08, 0x00, 0x00,
    0x00, 0x00, 0x00, 0x0c, 0xf5, 0xa0, 0x00, 0x00, 0x00, 0x00, 0x00, 0x00, 0x00, 0x00, 0x00, 0x2d, 0xc8, 0x04, 0x00, 0x00,
    0x00, 0x00, 0x00, 0x00, 0x00, 0x00, 0x00, 0x8f, 0x9e, 0x03, 0x00, 0x00, 0x00, 0x00, 0x00, 0x00, 0x00, 0x00, 0x00, 0x48,
    0xe6, 0xf9, 0x42, 0x00, 0x64, 0xff, 0xff, 0xfd, 0xe1, 0xa2, 0x1d, 0x00, 0x00, 0x00, 0x00, 0x00, 0x00, 0x04, 0x2b, 0xbb,
    0xd1, 0x04, 0x00, 0x00, 0x00, 0x00, 0x00, 0x00, 0x00, 0x26, 0xff, 0x35, 0x00, 0x00, 0x07, 0x79, 0xd5, 0xf3, 0xff, 0xff,
    0xff, 0x57, 0x00, 0x00, 0x93, 0xec, 0x4a, 0x0f, 0x01, 0x1b, 0xff, 0x5c, 0x00, 0x00, 0xeb, 0x81, 0x00, 0x00, 0x00, 0x39,
    0xff, 0x5c, 0x00, 0x01, 0xf5, 0x7a, 0x00, 0x00, 0x00, 0x92, 0xff, 0x5c, 0x00, 0x00, 0xad, 0xe1, 0x30, 0x10, 0x6a, 0xab,
    0xff, 0x5c, 0x00, 0x00, 0x15, 0xa8, 0xef, 0xed, 0x96, 0x1b, 0xff, 0x5c, 0x00, 0x00, 0x00, 0x00, 0x00, 0x00, 0x00, 0x6d,
    0x8d, 0x00, 0x00, 0x00, 0x00, 0x00, 0x00, 0x00, 0x00, 0xd7, 0x59, 0x00, 0x00, 0x00, 0x00, 0x00, 0x00, 0x00, 0x00, 0x82,
    0xf3, 0xf1, 0x03, 0x00, 0x00, 0x00, 0x00, 0x00, 0x00, 0x9b, 0xc1, 0x07, 0x00, 0x00, 0x00, 0x00, 0x00, 0x00, 0x00, 0x5d,
    0xd5, 0x10, 0x00, 0x00, 0x00, 0x00, 0x00, 0x00, 0x00, 0x00, 0x00, 0x00, 0x00, 0x00, 0x00, 0x00, 0x00, 0x00, 0x00, 0x37,
    0xa9, 0xe5, 0xf9, 0xe2, 0xbb, 0x59, 0x05, 0x00, 0x00, 0x6c, 0xfd, 0x93, 0x29, 0x07, 0x1e, 0x7b, 0xf7, 0x50, 0x00, 0x39,
    0xfd, 0x82, 0x00, 0x00, 0x00, 0x00, 0x00, 0x37, 0x42, 0x00, 0xaf, 0xef, 0x08, 0x00, 0x00, 0x00, 0x00, 0x00, 0x00, 0x00,
    0x00, 0xf1, 0xb3, 0x00, 0x00, 0x00, 0x00, 0x00, 0x00, 0x00, 0x00, 0x0f, 0xff, 0x97, 0x00, 0x00, 0x00, 0x00, 0x00, 0x00,
    0x00, 0x00, 0x0f, 0xff, 0x96, 0x00, 0x00, 0x00, 0x00, 0x00, 0x00, 0x00, 0x00, 0x00, 0xf1, 0xb3, 0x00, 0x00, 0x00, 0x00,
    0x00, 0x00, 0x00, 0x00, 0x00, 0xaf, 0xef, 0x08, 0x00, 0x00, 0x00, 0x00, 0x00, 0x00, 0x00, 0x00, 0x39, 0xfd, 0x7f, 0x00,
    0x00, 0x00, 0x00, 0x00, 0x36, 0x42, 0x00, 0x00, 0x6d, 0xfd, 0x91, 0x28, 0x06, 0x1d, 0x7a, 0xf7, 0x50, 0x00, 0x00, 0x00,
    0x38, 0xaa, 0xe6, 0xfa, 0xe3, 0xbb, 0x5a, 0x05, 0x00, 0x00, 0x00, 0x00, 0x00, 0x36, 0xf8, 0x4d, 0x00, 0x00, 0x00, 0x00,
    0x00, 0x0e, 0xdd, 0x71, 0x00, 0x00, 0x00, 0x00, 0x00, 0x00, 0xa6, 0x98, 0x00, 0x00, 0x00, 0x00, 0x00, 0x00, 0x00, 0x00,
    0x00, 0x00, 0x00, 0x00, 0x00, 0x00, 0x2d, 0xae, 0xec, 0xf2, 0xba, 0x33, 0x00, 0x00, 0x32, 0xf5, 0xae, 0x29, 0x0d, 0x44,
    0x9c, 0x00, 0x00, 0xbd, 0xda, 0x04, 0x00, 0x00, 0x00, 0x00, 0x00, 0x07, 0xfb, 0x88, 0x00, 0x00, 0x00, 0x00, 0x00, 0x00,
    0x17, 0xff, 0x70, 0x00, 0x00, 0x00, 0x00, 0x00, 0x00, 0x07, 0xfb, 0x88, 0x00, 0x00, 0x00, 0x00, 0x00, 0x00, 0x00, 0xbd,
    0xda, 0x04, 0x00, 0x00, 0x00, 0x00, 0x00, 0x00, 0x32, 0xf5, 0xae, 0x28, 0x0d, 0x43, 0x9b, 0x00, 0x00, 0x00, 0x2f, 0xb2,
    0xf0, 0xf0, 0xb8, 0x32, 0x00, 0x00, 0x00, 0x00, 0x00, 0x9e, 0x8a, 0x0c, 0xc5, 0x54, 0x00, 0x00, 0x00, 0x00, 0x00, 0x00,
    0x06, 0xc3, 0xe2, 0x80, 0x00, 0x00, 0x00, 0x00, 0x00, 0x00, 0x00, 0x00, 0x00, 0x00, 0x00, 0x00, 0x00, 0x00, 0x00, 0x00,
    0x00, 0x37, 0xa9, 0xe5, 0xf9, 0xe2, 0xbb, 0x59, 0x05, 0x00, 0x00, 0x6c, 0xfd, 0x93, 0x29, 0x07, 0x1e, 0x7b, 0xf7, 0x50,
    0x00, 0x39, 0xfd, 0x82, 0x00, 0x00, 0x00, 0x00, 0x00, 0x37, 0x42, 0x00, 0xaf, 0xef, 0x08, 0x00, 0x00, 0x00, 0x00, 0x00,
    0x00, 0x00, 0x00, 0xf1, 0xb3, 0x00, 0x00, 0x00, 0x00, 0x00, 0x00, 0x00, 0x00, 0x0f, 0xff, 0x97, 0x00, 0x00, 0x00, 0x00,
    0x00, 0x00, 0x00, 0x00, 0x0f, 0xff, 0x96, 0x00, 0x00, 0x00, 0x00, 0x00, 0x00, 0x00, 0x00, 0x00, 0xf1, 0xb3, 0x00, 0x00,
    0x00, 0x00, 0x00, 0x00, 0x00, 0x00, 0x00, 0xaf, 0xef, 0x08, 0x00, 0x00, 0x00, 0x00, 0x00, 0x00, 0x00, 0x00, 0x39, 0xfd,
    0x7f, 0x00, 0x00, 0x00, 0x00, 0x00, 0x36, 0x42, 0x00, 0x00, 0x6d, 0xfd, 0x91, 0x28, 0x06, 0x1d, 0x7a, 0xf7, 0x50, 0x00,
    0x00, 0x00, 0x38, 0xaa, 0xe6, 0xfa, 0xe3, 0xbb, 0x5a, 0x05, 0x00, 0x00, 0x21, 0xe1, 0x1b, 0x09, 0xd5, 0x42, 0x00, 0x00,
    0x00, 0x00, 0x73, 0xbd, 0x9a, 0x9f, 0x00, 0x00, 0x00, 0x00, 0x00, 0x03, 0xca, 0xea, 0x12, 0x00, 0x00, 0x00, 0x00, 0x00,
    0x00, 0x00, 0x00, 0x00, 0x00, 0x00, 0x00, 0x00, 0x2d, 0xae, 0xec, 0xf2, 0xba, 0x33, 0x00, 0x00, 0x32, 0xf5, 0xae, 0x29,
    0x0d, 0x44, 0x9c, 0x00, 0x00, 0xbd, 0xda, 0x04, 0x00, 0x00, 0x00, 0x00, 0x00, 0x07, 0xfb, 0x88, 0x00, 0x00, 0x00, 0x00,
    0x00, 0x00, 0x17, 0xff, 0x70, 0x00, 0x00, 0x00, 0x00, 0x00, 0x00, 0x07, 0xfb, 0x88, 0x00, 0x00, 0x00, 0x00, 0x00, 0x00,
    0x00, 0xbd, 0xda, 0x04, 0x00, 0x00, 0x00, 0x00, 0x00, 0x00, 0x32, 0xf5, 0xae, 0x28, 0x0d, 0x43, 0x9b, 0x00, 0x00, 0x00,
    0x2f, 0xb2, 0xf0, 0xf0, 0xb8, 0x32, 0x00, 0x00, 0x6c, 0xff, 0xff, 0xff, 0xff, 0xff, 0xff, 0xf4, 0x00, 0x00, 0x6c, 0xff,
    0x28, 0x00, 0x00, 0x00, 0x00, 0x00, 0x00, 0x00, 0x6c, 0xff, 0x28, 0x00, 0x00, 0x00, 0x00, 0x00, 0x00, 0x00, 0x6c, 0xff,
    0x28, 0x00, 0x00, 0x00, 0x00, 0x00, 0x00, 0x00, 0x6c, 0xff, 0x28, 0x00, 0x00, 0x00, 0x00, 0x00, 0x00, 0x00, 0x6c, 0xff,
    0xff, 0xff, 0xff, 0xff, 0xff, 0xb4, 0x00, 0x00, 0x6c, 0xff, 0x28, 0x00, 0x00, 0x00, 0x00, 0x00, 0x00, 0x00, 0x6c, 0xff,
    0x28, 0x00, 0x00, 0x00, 0x00, 0x00, 0x00, 0x00, 0x6c, 0xff, 0x28, 0x00, 0x00, 0x00, 0x00, 0x00, 0x00, 0x00, 0x6c, 0xff,
    0x28, 0x00, 0x00, 0x00, 0x00, 0x00, 0x00, 0x00, 0x6c, 0xff, 0x28, 0x00, 0x00, 0x00, 0x00, 0x00, 0x00, 0x00, 0x6c, 0xff,
    0xff, 0xff, 0xff, 0xff, 0xff, 0xff, 0x18, 0x00, 0x00, 0x00, 0x00, 0x00, 0x00, 0x54, 0xa5, 0x00, 0x00, 0x00, 0x00, 0x00,
    0x00, 0x00, 0x00, 0xbf, 0x71, 0x00, 0x00, 0x00, 0x00, 0x00, 0x00, 0x00, 0x00, 0x6e, 0xf0, 0xf4, 0x18, 0x00, 0x00, 0x2d,
    0xb1, 0xef, 0xf7, 0xc6, 0x3e, 0x00, 0x00, 0x00, 0x2f, 0xf4, 0xa6, 0x22, 0x12, 0x7e, 0xf9, 0x33, 0x00, 0x00, 0xb9, 0xd6,
    0x04, 0x00, 0x00, 0x00, 0xc1, 0xb0, 0x00, 0x06, 0xfa, 0x8a, 0x00, 0x00, 0x00, 0x00, 0x82, 0xec, 0x00, 0x17, 0xff, 0xff,
    0xff, 0xff, 0xff, 0xff, 0xff, 0xfe, 0x00, 0x08, 0xfc, 0x7e, 0x00, 0x00, 0x00, 0x00, 0x00, 0x00, 0x00, 0x00, 0xbc, 0xcd,
    0x03, 0x00, 0x00, 0x00, 0x00, 0x00, 0x00, 0x00, 0x2f, 0xf3, 0xa8, 0x29, 0x09, 0x27, 0x70, 0x8d, 0x00, 0x00, 0x00, 0x28,
    0xa8, 0xea, 0xf7, 0xd7, 0x8c, 0x1a, 0x00, 0x00, 0x00, 0x00, 0x00, 0x00, 0x15, 0xd2, 0x12, 0x00, 0x00, 0x00, 0x00, 0x00,
    0x00, 0x00, 0x67, 0xc1, 0x07, 0x00, 0x00, 0x00, 0x00, 0x00, 0x00, 0x00, 0x2c, 0xdc, 0xfb, 0x67, 0x00, 0x00, 0x00, 0x01,
    0xad, 0x7b, 0x12, 0xcd, 0x46, 0x00, 0x00, 0x00, 0x00, 0x00, 0x0b, 0xcf, 0xe3, 0x70, 0x00, 0x00, 0x00, 0x00, 0x00, 0x00,
    0x00, 0x00, 0x00, 0x00, 0x00, 0x00, 0x00, 0x00, 0x6c, 0xff, 0xff, 0xff, 0xff, 0xff, 0xff, 0xf4, 0x00, 0x00, 0x6c, 0xff,
    0x28, 0x00, 0x00, 0x00, 0x00, 0x00, 0x00, 0x00, 0x6c, 0xff, 0x28, 0x00, 0x00, 0x00, 0x00, 0x00, 0x00, 0x00, 0x6c, 0xff,
    0x28, 0x00, 0x00, 0x00, 0x00, 0x00, 0x00, 0x00, 0x6c, 0xff, 0x28, 0x00, 0x00, 0x00, 0x00, 0x00, 0x00, 0x00, 0x6c, 0xff,
    0xff, 0xff, 0xff, 0xff, 0xff, 0xb4, 0x00, 0x00, 0x6c, 0xff, 0x28, 0x00, 0x00, 0x00, 0x00, 0x00, 0x00, 0x00, 0x6c, 0xff,
    0x28, 0x00, 0x00, 0x00, 0x00, 0x00, 0x00, 0x00, 0x6c, 0xff, 0x28, 0x00, 0x00, 0x00, 0x00, 0x00, 0x00, 0x00, 0x6c, 0xff,
    0x28, 0x00, 0x00, 0x00, 0x00, 0x00, 0x00, 0x00, 0x6c, 0xff, 0x28, 0x00, 0x00, 0x00, 0x00, 0x00, 0x00, 0x00, 0x6c, 0xff,
    0xff, 0xff, 0xff, 0xff, 0xff, 0xff, 0x18, 0x00, 0x00, 0x15, 0xe1, 0x27, 0x04, 0xc7, 0x56, 0x00, 0x00, 0x00, 0x00, 0x00,
    0x5f, 0xcd, 0x8a, 0xb3, 0x00, 0x00, 0x00, 0x00, 0x00, 0x00, 0x00, 0xb9, 0xf3, 0x1d, 0x00, 0x00, 0x00, 0x00, 0x00, 0x00,
    0x00, 0x00, 0x00, 0x00, 0x00, 0x00, 0x00, 0x00, 0x00, 0x2d, 0xb1, 0xef, 0xf7, 0xc6, 0x3e, 0x00, 0x00, 0x00, 0x2f, 0xf4,
    0xa6, 0x22, 0x12, 0x7e, 0xf9, 0x33, 0x00, 0x00, 0xb9, 0xd6, 0x04, 0x00, 0x00, 0x00, 0xc1, 0xb0, 0x00, 0x06, 0xfa, 0x8a,
    0x00, 0x00, 0x00, 0x00, 0x82, 0xec, 0x00, 0x17, 0xff, 0xff, 0xff, 0xff, 0xff, 0xff, 0xff, 0xfe, 0x00, 0x08, 0xfc, 0x7e,
    0x00, 0x00, 0x00, 0x00, 0x00, 0x00, 0x00, 0x00, 0xbc, 0xcd, 0x03, 0x00, 0x00, 0x00, 0x00, 0x00, 0x00, 0x00, 0x2f, 0xf3,
    0xa8, 0x29, 0x09, 0x27, 0x70, 0x8d, 0x00, 0x00, 0x00, 0x28, 0xa8, 0xea, 0xf7, 0xd7, 0x8c, 0x1a, 0x00, 0x00, 0x7c, 0xf4,
    0x00, 0x00, 0x7c, 0xf4, 0x00, 0x00, 0x7c, 0xf4, 0x00, 0x00, 0x7c, 0xf4, 0x00, 0x00, 0x7c, 0xf4, 0x00, 0x00, 0x7c, 0xf4,
    0x00, 0x00, 0x7c, 0xf4, 0x00, 0x00, 0x7c, 0xf4, 0x00, 0x00, 0x7c, 0xf4, 0x00, 0x00, 0x00, 0x58, 0xff, 0x3c, 0x00, 0x00,
    0x00, 0x00, 0x00, 0x00, 0x00, 0x58, 0xff, 0x3c, 0x00, 0x00, 0x00, 0x00, 0x00, 0x00, 0x00, 0x58, 0xff, 0x3c, 0x00, 0x00,
    0x00, 0x00, 0x00, 0x00, 0x00, 0x58, 0xff, 0x3c, 0x06, 0x74, 0x05, 0x00, 0x00, 0x00, 0x00, 0x58, 0xff, 0x5e, 0xcb, 0xcc,
    0x16, 0x00, 0x00, 0x00, 0x00, 0x58, 0xff, 0xfc, 0x90, 0x06, 0x00, 0x00, 0x00, 0x00, 0x06, 0xa2, 0xff, 0x67, 0x00, 0x00,
    0x00, 0x00, 0x00, 0x03, 0xc9, 0xed, 0xff, 0x3c, 0x00, 0x00, 0x00, 0x00, 0x00, 0x00, 0x47, 0x5c, 0xff, 0x3c, 0x00, 0x00,
    0x00, 0x00, 0x00, 0x00, 0x00, 0x58, 0xff, 0x3c, 0x00, 0x00, 0x00, 0x00, 0x00, 0x00, 0x00, 0x58, 0xff, 0x3c, 0x00, 0x00,
    0x00, 0x00, 0x00, 0x00, 0x00, 0x58, 0xff, 0xff, 0xff, 0xff, 0xff, 0xff, 0xec, 0x00, 0x70, 0xff, 0x00, 0x00, 0x00, 0x70,
    0xff, 0x00, 0x00, 0x00, 0x70, 0xff, 0x00, 0x00, 0x00, 0x70, 0xff, 0x00, 0x00, 0x00, 0x70, 0xff, 0xb6, 0x4e, 0x00, 0x89,
    0xff, 0x82, 0x04, 0x97, 0xfc, 0xff, 0x00, 0x00, 0x44, 0x7c, 0xff, 0x00, 0x00, 0x00, 0x70, 0xff, 0x00, 0x00, 0x00, 0x70,
    0xff, 0x00, 0x00, 0x00, 0x70, 0xff, 0x00, 0x00, 0x00, 0x70, 0xff, 0x00, 0x00, 0x00, 0x00, 0x00, 0x00, 0x00, 0x6b, 0xe0,
    0x19, 0x00, 0x00, 0x00, 0x00, 0x00, 0x00, 0x00, 0x00, 0x34, 0xe6, 0x28, 0x00, 0x00, 0x00, 0x00, 0x00, 0x00, 0x00, 0x00,
    0x00, 0x00, 0x00, 0x00, 0x00, 0x00, 0x00, 0x00, 0x00, 0x00, 0x6c, 0xff, 0xe9, 0x0b, 0x00, 0x00, 0x00, 0x20, 0xff, 0x68,
    0x00, 0x00, 0x6c, 0xff, 0xff, 0x79, 0x00, 0x00, 0x00, 0x20, 0xff, 0x68, 0x00, 0x00, 0x6c, 0xff, 0xba, 0xee, 0x0f, 0x00,
    0x00, 0x20, 0xff, 0x68, 0x00, 0x00, 0x6c, 0xff, 0x3c, 0xf9, 0x81, 0x00, 0x00, 0x20, 0xff, 0x68, 0x00, 0x00, 0x6c, 0xff,
    0x1c, 0x96, 0xf2, 0x13, 0x00, 0x20, 0xff, 0x68, 0x00, 0x00, 0x6c, 0xff, 0x1c, 0x1a, 0xf7, 0x89, 0x00, 0x20, 0xff, 0x68,
    0x00, 0x00, 0x6c, 0xff, 0x1c, 0x00, 0x8e, 0xf5, 0x17, 0x20, 0xff, 0x68, 0x00, 0x00, 0x6c, 0xff, 0x1c, 0x00, 0x15, 0xf4,
    0x91, 0x20, 0xff, 0x68, 0x00, 0x00, 0x6c, 0xff, 0x1c, 0x00, 0x00, 0x86, 0xf8, 0x3c, 0xff, 0x68, 0x00, 0x00, 0x6c, 0xff,
    0x1c, 0x00, 0x00, 0x11, 0xf0, 0xb9, 0xff, 0x68, 0x00, 0x00, 0x6c, 0xff, 0x1c, 0x00, 0x00, 0x00, 0x7e, 0xff, 0xff, 0x68,
    0x00, 0x00, 0x6c, 0xff, 0x1c, 0x00, 0x00, 0x00, 0x0d, 0xec, 0xff, 0x68, 0x00, 0x00, 0x00, 0x00, 0x00, 0x02, 0xbf, 0xb7,
    0x03, 0x00, 0x00, 0x00, 0x00, 0x00, 0x00, 0x7c, 0xd3, 0x0e, 0x00, 0x00, 0x00, 0x00, 0x00, 0x00, 0x3a, 0xe5, 0x1f, 0x00,
    0x00, 0x00, 0x00, 0x00, 0x00, 0x00, 0x00, 0x00, 0x00, 0x00, 0x00, 0x00, 0x00, 0x00, 0x8c, 0xe8, 0x14, 0xaf, 0xf4, 0xe4,
    0x6e, 0x00, 0x00, 0x00, 0x8c, 0xe9, 0xa4, 0x3d, 0x0f, 0x76, 0xff, 0x39, 0x00, 0x00, 0x8c, 0xff, 0x49, 0x00, 0x00, 0x00,
    0xde, 0x99, 0x00, 0x00, 0x8c, 0xfc, 0x04, 0x00, 0x00, 0x00, 0xb5, 0xb9, 0x00, 0x00, 0x8c, 0xe9, 0x00, 0x00, 0x00, 0x00,
    0xa8, 0xc8, 0x00, 0x00, 0x8c, 0xe8, 0x00, 0x00, 0x00, 0x00, 0xa8, 0xc8, 0x00, 0x00, 0x8c, 0xe8, 0x00, 0x00, 0x00, 0x00,
    0xa8, 0xc8, 0x00, 0x00, 0x8c, 0xe8, 0x00, 0x00, 0x00, 0x00, 0xa8, 0xc8, 0x00, 0x00, 0x8c, 0xe8, 0x00, 0x00, 0x00, 0x00,
    0xa8, 0xc8, 0x00, 0x00, 0x00, 0x00, 0x22, 0xd9, 0x2e, 0x49, 0xce, 0x0d, 0x00, 0x00, 0x00, 0x00, 0x00, 0x00, 0x00, 0x40,
    0xe5, 0xe5, 0x23, 0x00, 0x00, 0x00, 0x00, 0x00, 0x00, 0x00, 0x00, 0x00, 0x00, 0x00, 0x00, 0x00, 0x00, 0x00, 0x00, 0x00,
    0x6c, 0xff, 0xe9, 0x0b, 0x00, 0x00, 0x00, 0x20, 0xff, 0x68, 0x00, 0x00, 0x6c, 0xff, 0xff, 0x79, 0x00, 0x00, 0x00, 0x20,
    0xff, 0x68, 0x00, 0x00, 0x6c, 0xff, 0xba, 0xee, 0x0f, 0x00, 0x00, 0x20, 0xff, 0x68, 0x00, 0x00, 0x6c, 0xff, 0x3c, 0xf9,
    0x81, 0x00, 0x00, 0x20, 0xff, 0x68, 0x00, 0x00, 0x6c, 0xff, 0x1c, 0x96, 0xf2, 0x13, 0x00, 0x20, 0xff, 0x68, 0x00, 0x00,
    0x6c, 0xff, 0x1c, 0x1a, 0xf7, 0x89, 0x00, 0x20, 0xff, 0x68, 0x00, 0x00, 0x6c, 0xff, 0x1c, 0x00, 0x8e, 0xf5, 0x17, 0x20,
    0xff, 0x68, 0x00, 0x00, 0x6c, 0xff, 0x1c, 0x00, 0x15, 0xf4, 0x91, 0x20, 0xff, 0x68, 0x00, 0x00, 0x6c, 0xff, 0x1c, 0x00,
    0x00, 0x86, 0xf8, 0x3c, 0xff, 0x68, 0x00, 0x00, 0x6c, 0xff, 0x1c, 0x00, 0x00, 0x11, 0xf0, 0xb9, 0xff, 0x68, 0x00, 0x00,
    0x6c, 0xff, 0x1c, 0x00, 0x00, 0x00, 0x7e, 0xff, 0xff, 0x68, 0x00, 0x00, 0x6c, 0xff, 0x1c, 0x00, 0x00, 0x00, 0x0d, 0xec,
    0xff, 0x68, 0x00, 0x00, 0x00, 0x1c, 0xe2, 0x1f, 0x07, 0xd0, 0x4a, 0x00, 0x00, 0x00, 0x00, 0x00, 0x6b, 0xc4, 0x93, 0xa7,
    0x00, 0x00, 0x00, 0x00, 0x00, 0x00, 0x01, 0xc4, 0xee, 0x17, 0x00, 0x00, 0x00, 0x00, 0x00, 0x00, 0x00, 0x00, 0x00, 0x00,
    0x00, 0x00, 0x00, 0x00, 0x8c, 0xe8, 0x14, 0xaf, 0xf4, 0xe4, 0x6e, 0x00, 0x00, 0x00, 0x8c, 0xe9, 0xa4, 0x3d, 0x0f, 0x76,
    0xff, 0x39, 0x00, 0x00, 0x8c, 0xff, 0x49, 0x00, 0x00, 0x00, 0xde, 0x99, 0x00, 0x00, 0x8c, 0xfc, 0x04, 0x00, 0x00, 0x00,
    0xb5, 0xb9, 0x00, 0x00, 0x8c, 0xe9, 0x00, 0x00, 0x00, 0x00, 0xa8, 0xc8, 0x00, 0x00, 0x8c, 0xe8, 0x00, 0x00, 0x00, 0x00,
    0xa8, 0xc8, 0x00, 0x00, 0x8c, 0xe8, 0x00, 0x00, 0x00, 0x00, 0xa8, 0xc8, 0x00, 0x00, 0x8c, 0xe8, 0x00, 0x00, 0x00, 0x00,
    0xa8, 0xc8, 0x00, 0x00, 0x8c, 0xe8, 0x00, 0x00, 0x00, 0x00, 0xa8, 0xc8, 0x00, 0x00, 0x00, 0x00, 0x00, 0x02, 0xbb, 0xa0,
    0x2d, 0xf0, 0x46, 0x00, 0x00, 0x00, 0x00, 0x00, 0x00, 0x00, 0x82, 0xb8, 0x12, 0xd8, 0x5e, 0x00, 0x00, 0x00, 0x00, 0x00,
    0x00, 0x00, 0x00, 0x00, 0x00, 0x00, 0x00, 0x00, 0x00, 0x00, 0x00, 0x00, 0x00, 0x00, 0x00, 0x40, 0xb4, 0xec, 0xf9, 0xdd,
    0x90, 0x16, 0x00, 0x00, 0x00, 0x00, 0x00, 0x72, 0xfd, 0x86, 0x1d, 0x07, 0x38, 0xc7, 0xe5, 0x27, 0x00, 0x00, 0x00, 0x3a,
    0xfd, 0x80, 0x00, 0x00, 0x00, 0x00, 0x0b, 0xe0, 0xd1, 0x02, 0x00, 0x00, 0xaf, 0xf0, 0x09, 0x00, 0x00, 0x00, 0x00, 0x00,
    0x6c, 0xff, 0x4b, 0x00, 0x01, 0xf1, 0xb4, 0x00, 0x00, 0x00, 0x00, 0x00, 0x00, 0x26, 0xff, 0x8d, 0x00, 0x0f, 0xff, 0x97,
    0x00, 0x00, 0x00, 0x00, 0x00, 0x00, 0x08, 0xfe, 0xaa, 0x00, 0x10, 0xff, 0x96, 0x00, 0x00, 0x00, 0x00, 0x00, 0x00, 0x08,
    0xff, 0xaa, 0x00, 0x01, 0xf2, 0xb4, 0x00, 0x00, 0x00, 0x00, 0x00, 0x00, 0x26, 0xff, 0x8d, 0x00, 0x00, 0xb0, 0xf0, 0x08,
    0x00, 0x00, 0x00, 0x00, 0x00, 0x6c, 0xff, 0x4b, 0x00, 0x00, 0x3c, 0xfe, 0x80, 0x00, 0x00, 0x00, 0x00, 0x0b, 0xe0, 0xd2,
    0x02, 0x00, 0x00, 0x00, 0x76, 0xfd, 0x85, 0x1c, 0x07, 0x37, 0xc6, 0xe7, 0x29, 0x00, 0x00, 0x00, 0x00, 0x00, 0x43, 0xb5,
    0xed, 0xf9, 0xde, 0x91, 0x18, 0x00, 0x00, 0x00, 0x00, 0x00, 0x00, 0x00, 0xa4, 0xa5, 0x17, 0xf4, 0x49, 0x00, 0x00, 0x00,
    0x00, 0x25, 0xf1, 0x1c, 0x95, 0xa3, 0x00, 0x00, 0x00, 0x00, 0x00, 0xa1, 0x7d, 0x21, 0xe4, 0x13, 0x00, 0x00, 0x00, 0x00,
    0x00, 0x00, 0x00, 0x00, 0x00, 0x00, 0x00, 0x00, 0x00, 0x00, 0x43, 0xc4, 0xf6, 0xf1, 0xb2, 0x28, 0x00, 0x00, 0x00, 0x43,
    0xfc, 0x91, 0x18, 0x24, 0xbb, 0xed, 0x1e, 0x00, 0x00, 0xc7, 0xd1, 0x00, 0x00, 0x00, 0x13, 0xf5, 0x94, 0x00, 0x08, 0xfd,
    0x85, 0x00, 0x00, 0x00, 0x00, 0xba, 0xd4, 0x00, 0x18, 0xff, 0x6f, 0x00, 0x00, 0x00, 0x00, 0xa3, 0xe7, 0x00, 0x08, 0xfd,
    0x84, 0x00, 0x00, 0x00, 0x00, 0xb9, 0xd4, 0x00, 0x00, 0xc7, 0xcf, 0x00, 0x00, 0x00, 0x12, 0xf4, 0x95, 0x00, 0x00, 0x45,
    0xfc, 0x8f, 0x17, 0x22, 0xb9, 0xef, 0x1f, 0x00, 0x00, 0x00, 0x45, 0xc5, 0xf7, 0xf2, 0xb3, 0x2a, 0x00, 0x00, 0x00, 0x00,
    0x00, 0x17, 0x7c, 0xc1, 0xea, 0xfa, 0xff, 0xff, 0xff, 0xff, 0xff, 0xff, 0xff, 0xf4, 0x00, 0x00, 0x00, 0x4d, 0xef, 0xbf,
    0x4d, 0x15, 0x02, 0x6c, 0xff, 0x28, 0x00, 0x00, 0x00, 0x00, 0x00, 0x00, 0x00, 0x2d, 0xf8, 0xa0, 0x01, 0x00, 0x00, 0x00,
    0x6c, 0xff, 0x28, 0x00, 0x00, 0x00, 0x00, 0x00, 0x00, 0x00, 0xa9, 0xf4, 0x10, 0x00, 0x00, 0x00, 0x00, 0x6c, 0xff, 0x28,
    0x00, 0x00, 0x00, 0x00, 0x00, 0x00, 0x00, 0xf0, 0xb7, 0x00, 0x00, 0x00, 0x00, 0x00, 0x6c, 0xff, 0x28, 0x00, 0x00, 0x00,
    0x00, 0x00, 0x00, 0x0e, 0xff, 0x97, 0x00, 0x00, 0x00, 0x00, 0x00, 0x6c, 0xff, 0xff, 0xff, 0xff, 0xff, 0xff, 0xb8, 0x00,
    0x0e, 0xff, 0x98, 0x00, 0x00, 0x00, 0x00, 0x00, 0x6c, 0xff, 0x28, 0x00, 0x00, 0x00, 0x00, 0x00, 0x00, 0x00, 0xf0, 0xb8,
    0x00, 0x00, 0x00, 0x00, 0x00, 0x6c, 0xff, 0x28, 0x00, 0x00, 0x00, 0x00, 0x00, 0x00, 0x00, 0xa9, 0xf4, 0x10, 0x00, 0x00,
    0x00, 0x00, 0x6c, 0xff, 0x28, 0x00, 0x00, 0x00, 0x00, 0x00, 0x00, 0x00, 0x2e, 0xf8, 0xa0, 0x01, 0x00, 0x00, 0x00, 0x6c,
    0xff, 0x28, 0x00, 0x00, 0x00, 0x00, 0x00, 0x00, 0x00, 0x00, 0x4f, 0xf1, 0xbe, 0x4c, 0x15, 0x02, 0x6c, 0xff, 0x28, 0x00,
    0x00, 0x00, 0x00, 0x00, 0x00, 0x00, 0x00, 0x00, 0x19, 0x7e, 0xc3, 0xec, 0xfb, 0xff, 0xff, 0xff, 0xff, 0xff, 0xff, 0xff,
    0xff, 0x18, 0x00, 0x00, 0x43, 0xc5, 0xf6, 0xec, 0x9d, 0x10, 0x00, 0x56, 0xcc, 0xf7, 0xe7, 0x91, 0x0a, 0x00, 0x00, 0x43,
    0xfc, 0x91, 0x18, 0x24, 0xbb, 0xca, 0x75, 0xee, 0x54, 0x0e, 0x32, 0xd6, 0xb5, 0x00, 0x00, 0xc7, 0xd1, 0x00, 0x00, 0x00,
    0x13, 0xf5, 0xff, 0x62, 0x00, 0x00, 0x00, 0x3d, 0xff, 0x38, 0x08, 0xfd, 0x85, 0x00, 0x00, 0x00, 0x00, 0xba, 0xff, 0x13,
    0x00, 0x00, 0x00, 0x03, 0xfa, 0x74, 0x18, 0xff, 0x6f, 0x00, 0x00, 0x00, 0x00, 0xa3, 0xff, 0xff, 0xff, 0xff, 0xff, 0xff,
    0xff, 0x86, 0x08, 0xfd, 0x84, 0x00, 0x00, 0x00, 0x00, 0xb9, 0xfc, 0x0a, 0x00, 0x00, 0x00, 0x00, 0x00, 0x00, 0x00, 0xc7,
    0xcf, 0x00, 0x00, 0x00, 0x12, 0xf4, 0xff, 0x58, 0x00, 0x00, 0x00, 0x00, 0x00, 0x00, 0x00, 0x45, 0xfc, 0x8f, 0x17, 0x22,
    0xb9, 0xce, 0x6f, 0xed, 0x5d, 0x14, 0x12, 0x3f, 0xaa, 0x2d, 0x00, 0x00, 0x45, 0xc5, 0xf7, 0xed, 0xa0, 0x12, 0x00, 0x4f,
    0xc4, 0xf4, 0xeb, 0xbd, 0x53, 0x02, 0x00, 0x00, 0x19, 0xd7, 0x38, 0x3e, 0xd4, 0x14, 0x00, 0x00, 0x00, 0x00, 0x00, 0x00,
    0x34, 0xe6, 0xe6, 0x2d, 0x00, 0x00, 0x00, 0x00, 0x00, 0x00, 0x00, 0x00, 0x00, 0x00, 0x00, 0x00, 0x00, 0x00, 0x00, 0x00,
    0x6c, 0xff, 0xff, 0xff, 0xf9, 0xda, 0x7f, 0x05, 0x00, 0x00, 0x00, 0x6c, 0xff, 0x28, 0x00, 0x0f, 0x68, 0xfe, 0x87, 0x00,
    0x00, 0x00, 0x6c, 0xff, 0x28, 0x00, 0x00, 0x00, 0xba, 0xf0, 0x00, 0x00, 0x00, 0x6c, 0xff, 0x28, 0x00, 0x00, 0x00, 0x98,
    0xff, 0x12, 0x00, 0x00, 0x6c, 0xff, 0x28, 0x00, 0x00, 0x00, 0xbc, 0xf6, 0x03, 0x00, 0x00, 0x6c, 0xff, 0x28, 0x00, 0x0f,
    0x6a, 0xff, 0x8a, 0x00, 0x00, 0x00, 0x6c, 0xff, 0xff, 0xff, 0xff, 0xff, 0x97, 0x02, 0x00, 0x00, 0x00, 0x6c, 0xff, 0x28,
    0x00, 0x16, 0x96, 0xf9, 0x42, 0x00, 0x00, 0x00, 0x6c, 0xff, 0x28, 0x00, 0x00, 0x01, 0xcb, 0xdf, 0x07, 0x00, 0x00, 0x6c,
    0xff, 0x28, 0x00, 0x00, 0x00, 0x45, 0xff, 0x6c, 0x00, 0x00, 0x6c, 0xff, 0x28, 0x00, 0x00, 0x00, 0x00, 0xc6, 0xe3, 0x06,
    0x00, 0x6c, 0xff, 0x28, 0x00, 0x00, 0x00, 0x00, 0x47, 0xff, 0x68, 0x00, 0x0e, 0xdd, 0x32, 0x01, 0xba, 0x66, 0x00, 0x00,
    0x4e, 0xd8, 0x7f, 0xc2, 0x01, 0x00, 0x00, 0x00, 0xaa, 0xf8, 0x28, 0x00, 0x00, 0x00, 0x00, 0x00, 0x00, 0x00, 0x00, 0x00,
    0x8c, 0xe8, 0x18, 0xb1, 0xf3, 0x94, 0x00, 0x8c, 0xe9, 0xab, 0x3d, 0x05, 0x00, 0x00, 0x8c, 0xff, 0x4f, 0x00, 0x00, 0x00,
    0x00, 0x8c, 0xfe, 0x07, 0x00, 0x00, 0x00, 0x00, 0x8c, 0xed, 0x00, 0x00, 0x00, 0x00, 0x00, 0x8c, 0xe8, 0x00, 0x00, 0x00,
    0x00, 0x00, 0x8c, 0xe8, 0x00, 0x00, 0x00, 0x00, 0x00, 0x8c, 0xe8, 0x00, 0x00, 0x00, 0x00, 0x00, 0x8c, 0xe8, 0x00, 0x00,
    0x00, 0x00, 0x00, 0x00, 0x00, 0x00, 0x05, 0xc5, 0x99, 0x00, 0x00, 0x00, 0x00, 0x00, 0x00, 0x00, 0x8e, 0xb2, 0x03, 0x00,
    0x00, 0x00, 0x00, 0x00, 0x00, 0x00, 0x00, 0x00, 0x00, 0x00, 0x00, 0x00, 0x00, 0x00, 0x49, 0xbf, 0xe9, 0xf1, 0xca, 0x74,
    0x11, 0x00, 0x00, 0x62, 0xff, 0x8b, 0x1c, 0x0b, 0x53, 0xe4, 0x90, 0x00, 0x00, 0xd4, 0xca, 0x00, 0x00, 0x00, 0x00, 0x17,
    0x66, 0x00, 0x00, 0xe4, 0xb1, 0x00, 0x00, 0x00, 0x00, 0x00, 0x00, 0x00, 0x00, 0xac, 0xf5, 0x3e, 0x00, 0x00, 0x00, 0x00,
    0x00, 0x00, 0x00, 0x1c, 0xc5, 0xff, 0xd8, 0xa0, 0x61, 0x13, 0x00, 0x00, 0x00, 0x00, 0x00, 0x31, 0x75, 0xa9, 0xf2, 0xef,
    0x4e, 0x00, 0x00, 0x00, 0x00, 0x00, 0x00, 0x00, 0x15, 0xd1, 0xf0, 0x0d, 0x00, 0x00, 0x00, 0x00, 0x00, 0x00, 0x00, 0x6e,
    0xff, 0x37, 0x00, 0x86, 0x05, 0x00, 0x00, 0x00, 0x00, 0x88, 0xff, 0x28, 0x00, 0xe4, 0xcf, 0x4b, 0x0b, 0x14, 0x61, 0xf6,
    0xba, 0x00, 0x00, 0x27, 0x8b, 0xd1, 0xf4, 0xf6, 0xd3, 0x80, 0x0a, 0x00, 0x00, 0x00, 0x00, 0x00, 0x02, 0xbf, 0xb7, 0x03,
    0x00, 0x00, 0x00, 0x00, 0x7c, 0xd3, 0x0e, 0x00, 0x00, 0x00, 0x00, 0x3a, 0xe5, 0x1f, 0x00, 0x00, 0x00, 0x00, 0x00, 0x00,
    0x00, 0x00, 0x00, 0x00, 0x00, 0x1d, 0xa6, 0xe7, 0xf3, 0xca, 0x57, 0x00, 0x00, 0xc7, 0xbc, 0x23, 0x09, 0x32, 0xa6, 0x17,
    0x05, 0xfe, 0x61, 0x00, 0x00, 0x00, 0x00, 0x00, 0x00, 0xd7, 0xda, 0x57, 0x10, 0x00, 0x00, 0x00, 0x00, 0x27, 0xb4, 0xf9,
    0xfd, 0xc7, 0x58, 0x00, 0x00, 0x00, 0x00, 0x0a, 0x46, 0xac, 0xff, 0x4b, 0x00, 0x00, 0x00, 0x00, 0x00, 0x02, 0xf8, 0x82,
    0x1e, 0xb2, 0x44, 0x13, 0x0d, 0x68, 0xfe, 0x41, 0x00, 0x4b, 0xb8, 0xec, 0xf1, 0xc7, 0x52, 0x00, 0x00, 0x00, 0x0d, 0xcf,
    0x4c, 0x2b, 0xd8, 0x22, 0x00, 0x00, 0x00, 0x00, 0x00, 0x22, 0xe4, 0xe5, 0x41, 0x00, 0x00, 0x00, 0x00, 0x00, 0x00, 0x00,
    0x00, 0x00, 0x00, 0x00, 0x00, 0x00, 0x00, 0x00, 0x49, 0xbf, 0xe9, 0xf1, 0xca, 0x74, 0x11, 0x00, 0x00, 0x62, 0xff, 0x8b,
    0x1c, 0x0b, 0x53, 0xe4, 0x90, 0x00, 0x00, 0xd4, 0xca, 0x00, 0x00, 0x00, 0x00, 0x17, 0x66, 0x00, 0x00, 0xe4, 0xb1, 0x00,
    0x00, 0x00, 0x00, 0x00, 0x00, 0x00, 0x00, 0xac, 0xf5, 0x3e, 0x00, 0x00, 0x00, 0x00, 0x00, 0x00, 0x00, 0x1c, 0xc5, 0xff,
    0xd8, 0xa0, 0x61, 0x13, 0x00, 0x00, 0x00, 0x00, 0x00, 0x31, 0x75, 0xa9, 0xf2, 0xef, 0x4e, 0x00, 0x00, 0x00, 0x00, 0x00,
    0x00, 0x00, 0x15, 0xd1, 0xf0, 0x0d, 0x00, 0x00, 0x00, 0x00, 0x00, 0x00, 0x00, 0x6e, 0xff, 0x37, 0x00, 0x86, 0x05, 0x00,
    0x00, 0x00, 0x00, 0x88, 0xff, 0x28, 0x00, 0xe4, 0xcf, 0x4b, 0x0b, 0x14, 0x61, 0xf6, 0xba, 0x00, 0x00, 0x27, 0x8b, 0xd1,
    0xf4, 0xf6, 0xd3, 0x80, 0x0a, 0x00, 0x00, 0x05, 0xd0, 0x4c, 0x00, 0x9d, 0x82, 0x00, 0x00, 0x00, 0x35, 0xe8, 0x6d, 0xd8,
    0x07, 0x00, 0x00, 0x00, 0x00, 0x8e, 0xfe, 0x3e, 0x00, 0x00, 0x00, 0x00, 0x00, 0x00, 0x00, 0x00, 0x00, 0x00, 0x00, 0x1d,
    0xa6, 0xe7, 0xf3, 0xca, 0x57, 0x00, 0x00, 0xc7, 0xbc, 0x23, 0x09, 0x32, 0xa6, 0x17, 0x05, 0xfe, 0x61, 0x00, 0x00, 0x00,
    0x00, 0x00, 0x00, 0xd7, 0xda, 0x57, 0x10, 0x00, 0x00, 0x00, 0x00, 0x27, 0xb4, 0xf9, 0xfd, 0xc7, 0x58, 0x00, 0x00, 0x00,
    0x00, 0x0a, 0x46, 0xac, 0xff, 0x4b, 0x00, 0x00, 0x00, 0x00, 0x00, 0x02, 0xf8, 0x82, 0x1e, 0xb2, 0x44, 0x13, 0x0d, 0x68,
    0xfe, 0x41, 0x00, 0x4b, 0xb8, 0xec, 0xf1, 0xc7, 0x52, 0x00, 0x00, 0x00, 0x00, 0x24, 0xd9, 0x2b, 0x4d, 0xcd, 0x0c, 0x00,
    0x00, 0x00, 0x00, 0x00, 0x00, 0x43, 0xe5, 0xe4, 0x20, 0x00, 0x00, 0x00, 0x00, 0x00, 0x00, 0x00, 0x00, 0x00, 0x00, 0x00,
    0x00, 0x00, 0x00, 0x0c, 0xff, 0xff, 0xff, 0xff, 0xff, 0xff, 0xff, 0xff, 0xff, 0xd4, 0x00, 0x00, 0x00, 0x00, 0x00, 0xe8,
    0xb0, 0x00, 0x00, 0x00, 0x00, 0x00, 0x00, 0x00, 0x00, 0x00, 0xe8, 0xb0, 0x00, 0x00, 0x00, 0x00, 0x00, 0x00, 0x00, 0x00,
    0x00, 0xe8, 0xb0, 0x00, 0x00, 0x00, 0x00, 0x00, 0x00, 0x00, 0x00, 0x00, 0xe8, 0xb0, 0x00, 0x00, 0x00, 0x00, 0x00, 0x00,
    0x00, 0x00, 0x00, 0xe8, 0xb0, 0x00, 0x00, 0x00, 0x00, 0x00, 0x00, 0x00, 0x00, 0x00, 0xe8, 0xb0, 0x00, 0x00, 0x00, 0x00,
    0x00, 0x00, 0x00, 0x00, 0x00, 0xe8, 0xb0, 0x00, 0x00, 0x00, 0x00, 0x00, 0x00, 0x00, 0x00, 0x00, 0xe8, 0xb0, 0x00, 0x00,
    0x00, 0x00, 0x00, 0x00, 0x00, 0x00, 0x00, 0xe8, 0xb0, 0x00, 0x00, 0x00, 0x00, 0x00, 0x00, 0x00, 0x00, 0x00, 0xe8, 0xb0,
    0x00, 0x00, 0x00, 0x00, 0x00, 0x00, 0x00, 0x00, 0x00, 0xe8, 0xb0, 0x00, 0x00, 0x00, 0x00, 0x00, 0x00, 0x00, 0x00, 0xa9,
    0xd8, 0x00, 0x00, 0x00, 0x00, 0xd9, 0x89, 0x00, 0x84, 0xf0, 0x0a, 0xfd, 0x3b, 0x00, 0x84, 0xf0, 0x00, 0x00, 0x00, 0x90,
    0xff, 0xff, 0xff, 0xff, 0xe4, 0x00, 0x84, 0xf0, 0x00, 0x00, 0x00, 0x00, 0x84, 0xf0, 0x00, 0x00, 0x00, 0x00, 0x84, 0xf0,
    0x00, 0x00, 0x00, 0x00, 0x84, 0xf0, 0x00, 0x00, 0x00, 0x00, 0x84, 0xf0, 0x00, 0x00, 0x00, 0x00, 0x7a, 0xf6, 0x00, 0x00,
    0x00, 0x00, 0x51, 0xff, 0x41, 0x02, 0x00, 0x00, 0x02, 0x9d, 0xee, 0xff, 0xe4, 0x00, 0x00, 0x00, 0x00, 0x76, 0xee, 0xde,
    0x46, 0x00, 0x00, 0x00, 0x00, 0x00, 0x00, 0x00, 0x27, 0xdc, 0x19, 0x38, 0xe4, 0x00, 0x00, 0x00, 0x00, 0x00, 0x00, 0x00,
    0x27, 0xdb, 0x18, 0x36, 0xe4, 0x00, 0x00, 0x00, 0x00, 0x00, 0x9c, 0xfc, 0x00, 0x76, 0xee, 0xdf, 0x46, 0x44, 0xff, 0x54,
    0x00, 0x00, 0x9c, 0xfc, 0x00, 0x00, 0x00, 0x00, 0x00, 0x44, 0xff, 0x54, 0x00, 0x00, 0x9c, 0xfc, 0x00, 0x00, 0x00, 0x00,
    0x00, 0x44, 0xff, 0x54, 0x00, 0x00, 0x9c, 0xfc, 0x00, 0x00, 0x00, 0x00, 0x00, 0x44, 0xff, 0x54, 0x00, 0x00, 0x9c, 0xfc,
    0x00, 0x00, 0x00, 0x00, 0x00, 0x44, 0xff, 0x54, 0x00, 0x00, 0x9c, 0xfc, 0x00, 0x00, 0x00, 0x00, 0x00, 0x44, 0xff, 0x54,
    0x00, 0x00, 0x9c, 0xfc, 0x00, 0x00, 0x00, 0x00, 0x00, 0x44, 0xff, 0x54, 0x00, 0x00, 0x9a, 0xfd, 0x00, 0x00, 0x00, 0x00,
    0x00, 0x46, 0xff, 0x51, 0x00, 0x00, 0x87, 0xff, 0x11, 0x00, 0x00, 0x00, 0x00, 0x5a, 0xff, 0x3e, 0x00, 0x00, 0x4b, 0xff,
    0x52, 0x00, 0x00, 0x00, 0x00, 0x9d, 0xf4, 0x0c, 0x00, 0x00, 0x02, 0xc1, 0xe5, 0x4c, 0x0f, 0x1a, 0x75, 0xfc, 0x78, 0x00,
    0x00, 0x00, 0x00, 0x0a, 0x85, 0xda, 0xf9, 0xf4, 0xc8, 0x5c, 0x00, 0x00, 0x00, 0x00, 0x00, 0x00, 0x63, 0xe9, 0xe5, 0x57,
    0x00, 0x00, 0x00, 0x00, 0x00, 0x12, 0xe8, 0x22, 0x2a, 0xeb, 0x07, 0x00, 0x00, 0x00, 0x00, 0x12, 0xe7, 0x20, 0x28, 0xea,
    0x07, 0x00, 0x00, 0x00, 0x00, 0x00, 0x63, 0xe9, 0xe6, 0x57, 0x00, 0x00, 0x00, 0x00, 0x00, 0x00, 0x00, 0x00, 0x00, 0x00,
    0x00, 0x00, 0x00, 0x00, 0xa4, 0xcc, 0x00, 0x00, 0x00, 0x00, 0xc0, 0xb0, 0x00, 0x00, 0xa4, 0xcc, 0x00, 0x00, 0x00, 0x00,
    0xc0, 0xb0, 0x00, 0x00, 0xa4, 0xcc, 0x00, 0x00, 0x00, 0x00, 0xc0, 0xb0, 0x00, 0x00, 0xa4, 0xcc, 0x00, 0x00, 0x00, 0x00,
    0xc0, 0xb0, 0x00, 0x00, 0xa4, 0xcc, 0x00, 0x00, 0x00, 0x00, 0xc1, 0xb0, 0x00, 0x00, 0x96, 0xd8, 0x00, 0x00, 0x00, 0x00,
    0xda, 0xb0, 0x00, 0x00, 0x75, 0xf6, 0x0b, 0x00, 0x00, 0x24, 0xfc, 0xb0, 0x00, 0x00, 0x1c, 0xfa, 0x92, 0x10, 0x2d, 0xac,
    0xcc, 0xb0, 0x00, 0x00, 0x00, 0x53, 0xdb, 0xf8, 0xc2, 0x27, 0xc0, 0xb0, 0x00, 0x00, 0x00, 0x00, 0x00, 0x38, 0xef, 0x37,
    0x97, 0xc4, 0x08, 0x00, 0x00, 0x00, 0x00, 0x00, 0x13, 0xde, 0x4d, 0x59, 0xd7, 0x12, 0x00, 0x00, 0x00, 0x00, 0x00, 0x00,
    0x00, 0x00, 0x00, 0x00, 0x00, 0x00, 0x00, 0x00, 0x00, 0x00, 0x9c, 0xfc, 0x00, 0x00, 0x00, 0x00, 0x00, 0x44, 0xff, 0x54,
    0x00, 0x00, 0x9c, 0xfc, 0x00, 0x00, 0x00, 0x00, 0x00, 0x44, 0xff, 0x54, 0x00, 0x00, 0x9c, 0xfc, 0x00, 0x00, 0x00, 0x00,
    0x00, 0x44, 0xff, 0x54, 0x00, 0x00, 0x9c, 0xfc, 0x00, 0x00, 0x00, 0x00, 0x00, 0x44, 0xff, 0x54, 0x00, 0x00, 0x9c, 0xfc,
    0x00, 0x00, 0x00, 0x00, 0x00, 0x44, 0xff, 0x54, 0x00, 0x00, 0x9c, 0xfc, 0x00, 0x00, 0x00, 0x00, 0x00, 0x44, 0xff, 0x54,
    0x00, 0x00, 0x9c, 0xfc, 0x00, 0x00, 0x00, 0x00, 0x00, 0x44, 0xff, 0x54, 0x00, 0x00, 0x9a, 0xfd, 0x00, 0x00, 0x00, 0x00,
    0x00, 0x46, 0xff, 0x51, 0x00, 0x00, 0x87, 0xff, 0x11, 0x00, 0x00, 0x00, 0x00, 0x5a, 0xff, 0x3e, 0x00, 0x00, 0x4b, 0xff,
    0x52, 0x00, 0x00, 0x00, 0x00, 0x9d, 0xf4, 0x0c, 0x00, 0x00, 0x02, 0xc1, 0xe5, 0x4c, 0x0f, 0x1a, 0x75, 0xfc, 0x78, 0x00,
    0x00, 0x00, 0x00, 0x0a, 0x85, 0xda, 0xf9, 0xf4, 0xc8, 0x5c, 0x00, 0x00, 0x00, 0x00, 0x00, 0x00, 0x00, 0x84, 0xc4, 0x09,
    0xe3, 0x68, 0x00, 0x00, 0x00, 0x00, 0x11, 0xef, 0x33, 0x75, 0xc2, 0x01, 0x00, 0x00, 0x00, 0x00, 0x81, 0x9d, 0x0f, 0xe5,
    0x26, 0x00, 0x00, 0x00, 0x00, 0x00, 0x00, 0x00, 0x00, 0x00, 0x00, 0x00, 0x00, 0x00, 0xa4, 0xcc, 0x00, 0x00, 0x00, 0x00,
    0xc0, 0xb0, 0x00, 0x00, 0xa4, 0xcc, 0x00, 0x00, 0x00, 0x00, 0xc0, 0xb0, 0x00, 0x00, 0xa4, 0xcc, 0x00, 0x00, 0x00, 0x00,
    0xc0, 0xb0, 0x00, 0x00, 0xa4, 0xcc, 0x00, 0x00, 0x00, 0x00, 0xc0, 0xb0, 0x00, 0x00, 0xa4, 0xcc, 0x00, 0x00, 0x00, 0x00,
    0xc1, 0xb0, 0x00, 0x00, 0x96, 0xd8, 0x00, 0x00, 0x00, 0x00, 0xda, 0xb0, 0x00, 0x00, 0x75, 0xf6, 0x0b, 0x00, 0x00, 0x24,
    0xfc, 0xb0, 0x00, 0x00, 0x1c, 0xfa, 0x92, 0x10, 0x2d, 0xac, 0xcc, 0xb0, 0x00, 0x00, 0x00, 0x53, 0xdb, 0xf8, 0xc2, 0x27,
    0xc0, 0xb0, 0x00, 0x00, 0x00, 0x00, 0x6c, 0xff, 0x2c, 0x5c, 0xff, 0x38, 0x00, 0x00, 0x00, 0x00, 0x00, 0x6c, 0xff, 0x2c,
    0x5c, 0xff, 0x38, 0x00, 0x00, 0x00, 0x00, 0x00, 0x00, 0x00, 0x00, 0x00, 0x00, 0x00, 0x00, 0x00, 0x00, 0xb4, 0xea, 0x14,
    0x00, 0x00, 0x00, 0x00, 0x36, 0xfc, 0x7b, 0x00, 0x1b, 0xf0, 0xa7, 0x00, 0x00, 0x00, 0x06, 0xd4, 0xce, 0x04, 0x00, 0x00,
    0x64, 0xff, 0x4e, 0x00, 0x00, 0x81, 0xfb, 0x30, 0x00, 0x00, 0x00, 0x00, 0xbb, 0xe6, 0x10, 0x2d, 0xfa, 0x83, 0x00, 0x00,
    0x00, 0x00, 0x00, 0x20, 0xf3, 0xa1, 0xcb, 0xd4, 0x06, 0x00, 0x00, 0x00, 0x00, 0x00, 0x00, 0x6c, 0xff, 0xfc, 0x36, 0x00,
    0x00, 0x00, 0x00, 0x00, 0x00, 0x00, 0x01, 0xed, 0xb6, 0x00, 0x00, 0x00, 0x00, 0x00, 0x00, 0x00, 0x00, 0x00, 0xe8, 0xb0,
    0x00, 0x00, 0x00, 0x00, 0x00, 0x00, 0x00, 0x00, 0x00, 0xe8, 0xb0, 0x00, 0x00, 0x00, 0x00, 0x00, 0x00, 0x00, 0x00, 0x00,
    0xe8, 0xb0, 0x00, 0x00, 0x00, 0x00, 0x00, 0x00, 0x00, 0x00, 0x00, 0xe8, 0xb0, 0x00, 0x00, 0x00, 0x00, 0x00, 0x00, 0x00,
    0x00, 0x00, 0xe8, 0xb0, 0x00, 0x00, 0x00, 0x00, 0x00, 0x00, 0x00, 0x00, 0x05, 0xc5, 0x99, 0x00, 0x00, 0x00, 0x00, 0x00,
    0x00, 0x00, 0x00, 0x8e, 0xb2, 0x03, 0x00, 0x00, 0x00, 0x00, 0x00, 0x00, 0x00, 0x00, 0x00, 0x00, 0x00, 0x00, 0x00, 0x00,
    0x00, 0x18, 0xff, 0xff, 0xff, 0xff, 0xff, 0xff, 0xff, 0xff, 0xff, 0x10, 0x00, 0x00, 0x00, 0x00, 0x00, 0x00, 0x00, 0x4a,
    0xfe, 0xd8, 0x05, 0x00, 0x00, 0x00, 0x00, 0x00, 0x00, 0x1e, 0xed, 0xf6, 0x2d, 0x00, 0x00, 0x00, 0x00, 0x00, 0x00, 0x05,
    0xc8, 0xff, 0x61, 0x00, 0x00, 0x00, 0x00, 0x00, 0x00, 0x00, 0x90, 0xff, 0x9e, 0x00, 0x00, 0x00, 0x00, 0x00, 0x00, 0x00,
    0x52, 0xff, 0xd2, 0x09, 0x00, 0x00, 0x00, 0x00, 0x00, 0x00, 0x23, 0xf0, 0xf3, 0x27, 0x00, 0x00, 0x00, 0x00, 0x00, 0x00,
    0x07, 0xce, 0xff, 0x58, 0x00, 0x00, 0x00, 0x00, 0x00, 0x00, 0x00, 0x99, 0xff, 0x95, 0x00, 0x00, 0x00, 0x00, 0x00, 0x00,
    0x00, 0x5b, 0xff, 0xcc, 0x07, 0x00, 0x00, 0x00, 0x00, 0x00, 0x00, 0x21, 0xf4, 0xef, 0x21, 0x00, 0x00, 0x00, 0x00, 0x00,
    0x00, 0x00, 0x48, 0xff, 0xff, 0xff, 0xff, 0xff, 0xff, 0xff, 0xff, 0xff, 0x40, 0x00, 0x00, 0x00, 0x00, 0x02, 0xbf, 0xb7,
    0x03, 0x00, 0x00, 0x00, 0x00, 0x7c, 0xd3, 0x0e, 0x00, 0x00, 0x00, 0x00, 0x3a, 0xe5, 0x1f, 0x00, 0x00, 0x00, 0x00, 0x00,
    0x00, 0x00, 0x00, 0x00, 0x00, 0x1c, 0xff, 0xff, 0xff, 0xff, 0xff, 0xff, 0xb8, 0x00, 0x00, 0x00, 0x00, 0x00, 0x51, 0xfe,
    0x8f, 0x00, 0x00, 0x00, 0x00, 0x2d, 0xf3, 0xc6, 0x06, 0x00, 0x00, 0x00, 0x13, 0xde, 0xe3, 0x18, 0x00, 0x00, 0x00, 0x04,
    0xbe, 0xf6, 0x33, 0x00, 0x00, 0x00, 0x00, 0x94, 0xff, 0x5a, 0x00, 0x00, 0x00, 0x00, 0x64, 0xff, 0x88, 0x00, 0x00, 0x00,
    0x00, 0x2d, 0xf9, 0xb6, 0x02, 0x00, 0x00, 0x00, 0x00, 0x50, 0xff, 0xff, 0xff, 0xff, 0xff, 0xff, 0xb8, 0x00, 0x00, 0x00,
    0x00, 0x50, 0xff, 0x48, 0x00, 0x00, 0x00, 0x00, 0x00, 0x00, 0x00, 0x00, 0x50, 0xff, 0x48, 0x00, 0x00, 0x00, 0x00, 0x00,
    0x00, 0x00, 0x00, 0x00, 0x00, 0x00, 0x00, 0x00, 0x00, 0x00, 0x18, 0xff, 0xff, 0xff, 0xff, 0xff, 0xff, 0xff, 0xff, 0xff,
    0x10, 0x00, 0x00, 0x00, 0x00, 0x00, 0x00, 0x00, 0x4a, 0xfe, 0xd8, 0x05, 0x00, 0x00, 0x00, 0x00, 0x00, 0x00, 0x1e, 0xed,
    0xf6, 0x2d, 0x00, 0x00, 0x00, 0x00, 0x00, 0x00, 0x05, 0xc8, 0xff, 0x61, 0x00, 0x00, 0x00, 0x00, 0x00, 0x00, 0x00, 0x90,
    0xff, 0x9e, 0x00, 0x00, 0x00, 0x00, 0x00, 0x00, 0x00, 0x52, 0xff, 0xd2, 0x09, 0x00, 0x00, 0x00, 0x00, 0x00, 0x00, 0x23,
    0xf0, 0xf3, 0x27, 0x00, 0x00, 0x00, 0x00, 0x00, 0x00, 0x07, 0xce, 0xff, 0x58, 0x00, 0x00, 0x00, 0x00, 0x00, 0x00, 0x00,
    0x99, 0xff, 0x95, 0x00, 0x00, 0x00, 0x00, 0x00, 0x00, 0x00, 0x5b, 0xff, 0xcc, 0x07, 0x00, 0x00, 0x00, 0x00, 0x00, 0x00,
    0x21, 0xf4, 0xef, 0x21, 0x00, 0x00, 0x00, 0x00, 0x00, 0x00, 0x00, 0x48, 0xff, 0xff, 0xff, 0xff, 0xff, 0xff, 0xff, 0xff,
    0xff, 0x40, 0x00, 0x00, 0x00, 0x8c, 0xe4, 0x00, 0x00, 0x00, 0x00, 0x00, 0x00, 0x8c, 0xe4, 0x00, 0x00, 0x00, 0x00, 0x00,
    0x00, 0x00, 0x00, 0x00, 0x00, 0x00, 0x1c, 0xff, 0xff, 0xff, 0xff, 0xff, 0xff, 0xb8, 0x00, 0x00, 0x00, 0x00, 0x00, 0x51,
    0xfe, 0x8f, 0x00, 0x00, 0x00, 0x00, 0x2d, 0xf3, 0xc6, 0x06, 0x00, 0x00, 0x00, 0x13, 0xde, 0xe3, 0x18, 0x00, 0x00, 0x00,
    0x04, 0xbe, 0xf6, 0x33, 0x00, 0x00, 0x00, 0x00, 0x94, 0xff, 0x5a, 0x00, 0x00, 0x00, 0x00, 0x64, 0xff, 0x88, 0x00, 0x00,
    0x00, 0x00, 0x2d, 0xf9, 0xb6, 0x02, 0x00, 0x00, 0x00, 0x00, 0x50, 0xff, 0xff, 0xff, 0xff, 0xff, 0xff, 0xb8, 0x00, 0x00,
    0x00, 0x7f, 0xa7, 0x07, 0xaf, 0x72, 0x00, 0x00, 0x00, 0x00, 0x00, 0x00, 0x01, 0xa9, 0xe2, 0xa1, 0x00, 0x00, 0x00, 0x00,
    0x00, 0x00, 0x00, 0x00, 0x00, 0x00, 0x00, 0x00, 0x00, 0x00, 0x00, 0x18, 0xff, 0xff, 0xff, 0xff, 0xff, 0xff, 0xff, 0xff,
    0xff, 0x10, 0x00, 0x00, 0x00, 0x00, 0x00, 0x00, 0x00, 0x4a, 0xfe, 0xd8, 0x05, 0x00, 0x00, 0x00, 0x00, 0x00, 0x00, 0x1e,
    0xed, 0xf6, 0x2d, 0x00, 0x00, 0x00, 0x00, 0x00, 0x00, 0x05, 0xc8, 0xff, 0x61, 0x00, 0x00, 0x00, 0x00, 0x00, 0x00, 0x00,
    0x90, 0xff, 0x9e, 0x00, 0x00, 0x00, 0x00, 0x00, 0x00, 0x00, 0x52, 0xff, 0xd2, 0x09, 0x00, 0x00, 0x00, 0x00, 0x00, 0x00,
    0x23, 0xf0, 0xf3, 0x27, 0x00, 0x00, 0x00, 0x00, 0x00, 0x00, 0x07, 0xce, 0xff, 0x58, 0x00, 0x00, 0x00, 0x00, 0x00, 0x00,
    0x00, 0x99, 0xff, 0x95, 0x00, 0x00, 0x00, 0x00, 0x00, 0x00, 0x00, 0x5b, 0xff, 0xcc, 0x07, 0x00, 0x00, 0x00, 0x00, 0x00,
    0x00, 0x21, 0xf4, 0xef, 0x21, 0x00, 0x00, 0x00, 0x00, 0x00, 0x00, 0x00, 0x48, 0xff, 0xff, 0xff, 0xff, 0xff, 0xff, 0xff,
    0xff, 0xff, 0x40, 0x00, 0x0e, 0xdd, 0x32, 0x01, 0xba, 0x66, 0x00, 0x00, 0x00, 0x4e, 0xd8, 0x7f, 0xc2, 0x01, 0x00, 0x00,
    0x00, 0x00, 0xaa, 0xf8, 0x28, 0x00, 0x00, 0x00, 0x00, 0x00, 0x00, 0x00, 0x00, 0x00, 0x00, 0x1c, 0xff, 0xff, 0xff, 0xff,
    0xff, 0xff, 0xb8, 0x00, 0x00, 0x00, 0x00, 0x00, 0x51, 0xfe, 0x8f, 0x00, 0x00, 0x00, 0x00, 0x2d, 0xf3, 0xc6, 0x06, 0x00,
    0x00, 0x00, 0x13, 0xde, 0xe3, 0x18, 0x00, 0x00, 0x00, 0x04, 0xbe, 0xf6, 0x33, 0x00, 0x00, 0x00, 0x00, 0x94, 0xff, 0x5a,
    0x00, 0x00, 0x00, 0x00, 0x64, 0xff, 0x88, 0x00, 0x00, 0x00, 0x00, 0x2d, 0xf9, 0xb6, 0x02, 0x00, 0x00, 0x00, 0x00, 0x50,
    0xff, 0xff, 0xff, 0xff, 0xff, 0xff, 0xb8, 0x38, 0xff, 0xff, 0xff, 0xff, 0x00, 0x00, 0x00, 0x00, 0x00, 0x00, 0x00, 0x00,
    0x00, 0x00, 0x00, 0x00, 0x00, 0x00, 0x00, 0x00, 0x00, 0x00, 0x00, 0x00, 0x00, 0x00, 0x00, 0x00, 0x00, 0x38, 0xff, 0xff,
    0xff, 0xff, 0x00, 0x00, 0x00, 0x00, 0x00, 0x00, 0x00, 0x00, 0x00, 0x00, 0x00, 0x00, 0x00, 0x00, 0x00, 0x00, 0x00, 0x00,
    0x00, 0x00, 0x00, 0x00, 0x00, 0x00, 0x00, 0x38, 0xff, 0xff, 0xff, 0xff, 0xff, 0xff, 0xff, 0xff, 0x68, 0x00, 0x00, 0x00,
    0x00, 0x00, 0x00, 0x00, 0x00, 0x00, 0x00, 0x00, 0x00, 0x00, 0x00, 0x00, 0x00, 0x00, 0x00, 0x00, 0x00, 0x00, 0x00, 0x00,
    0x00, 0x00, 0x00, 0x00, 0x00, 0x00, 0x00, 0x00, 0x00, 0x00, 0x00, 0x00, 0x00, 0x00, 0x00, 0x00, 0x00, 0x38, 0xff, 0xff,
    0xff, 0xff, 0xff, 0xff, 0x38, 0x00, 0x00, 0x00, 0x00, 0x00, 0x00, 0x00, 0x00, 0x00, 0x00, 0x00, 0x00, 0x00, 0x00, 0x00,
    0x00, 0x00, 0x00, 0x00, 0x00, 0x00, 0x00, 0x00, 0x00, 0x00, 0x00, 0x00, 0x00, 0x00, 0x00, 0x00, 0x00, 0x38, 0xff, 0xff,
    0xff, 0xff, 0xff, 0xff, 0xff, 0xff, 0xff, 0xff, 0xff, 0xff, 0xff, 0xff, 0x38, 0x00, 0x00, 0x00, 0x00, 0x00, 0x00, 0x00,
    0x00, 0x00, 0x00, 0x00, 0x00, 0x00, 0x00, 0x00, 0x00, 0x00, 0x00, 0x00, 0x00, 0x00, 0x00, 0x00, 0x00, 0x00, 0x00, 0x00,
    0x00, 0x00, 0x00, 0x00, 0x00, 0x00, 0x00, 0x00, 0x00, 0x00, 0x00, 0x00, 0x00, 0x00, 0x00, 0x00, 0x00, 0x00, 0x00, 0x00,
    0x00, 0x00, 0x00, 0x00, 0x00, 0x00, 0x00, 0x00, 0x00, 0x00, 0x00, 0x00, 0x00, 0x00, 0x00, 0x00, 0x00, 0xff, 0xff, 0xff,
    0xff, 0xff, 0xff, 0xff, 0xff, 0xff, 0xff, 0xff, 0xff, 0xff, 0xff, 0xff, 0xff, 0x00, 0x00, 0x00, 0x00, 0x00, 0x00, 0x00,
    0x00, 0x00, 0x00, 0x00, 0x00, 0x00, 0x00, 0x00, 0x00, 0x00, 0x00, 0x00, 0x00, 0x00, 0x00, 0x00, 0x00, 0x00, 0x00, 0x00,
    0x00, 0x00, 0x00, 0x00, 0x00, 0x00, 0x00, 0x00, 0x00, 0x00, 0x00, 0x00, 0x00, 0x00, 0x00, 0x00, 0x00, 0x00, 0x00, 0x00,
    0x00, 0x00, 0x00, 0x00, 0x00, 0x00, 0x00, 0x00, 0x00, 0x00, 0x00, 0x00, 0x00, 0x00, 0x00, 0x00, 0x00, 0x00, 0x00, 0x9c,
    0x87, 0x00, 0x00, 0x1f, 0xfa, 0x48, 0x00, 0x00, 0x8d, 0xff, 0x0e, 0x00, 0x00, 0xa4, 0xff, 0x04, 0x00, 0x00, 0x00, 0x00,
    0x00, 0x00, 0x00, 0x00, 0x00, 0x00, 0x00, 0x00, 0x00, 0x00, 0x00, 0x00, 0x00, 0x00, 0x00, 0x00, 0x00, 0x00, 0x00, 0x00,
    0x00, 0x00, 0x00, 0x00, 0x00, 0x00, 0x00, 0x00, 0x00, 0x00, 0x00, 0x00, 0x00, 0x00, 0x00, 0x00, 0x00, 0x00, 0x00, 0xf8,
    0xb0, 0x00, 0x00, 0x09, 0xfd, 0x91, 0x00, 0x00, 0x41, 0xfc, 0x21, 0x00, 0x00, 0x7e, 0xa4, 0x00, 0x00, 0x00, 0x00, 0x00,
    0x00, 0x00, 0x00, 0x00, 0x00, 0x00, 0x00, 0x00, 0x00, 0x00, 0x00, 0x00, 0x00, 0x00, 0x00, 0x00, 0x00, 0x00, 0x00, 0x00,
    0x00, 0x00, 0x00, 0x00, 0x00, 0x00, 0x00, 0x00, 0x00, 0x00, 0x00, 0x00, 0x00, 0x00, 0x00, 0x00, 0x00, 0x00, 0x00, 0xff,
    0xa8, 0x00, 0x00, 0x0b, 0xff, 0x90, 0x00, 0x00, 0x46, 0xfb, 0x21, 0x00, 0x00, 0x85, 0x9e, 0x00, 0x00, 0x00, 0x68, 0xac,
    0x08, 0x00, 0x00, 0x8c, 0xff, 0x13, 0x00, 0x00, 0x20, 0xfa, 0x4c, 0x00, 0x00, 0x00, 0x98, 0x8d, 0x00, 0x00, 0x00, 0x01,
    0x02, 0x00, 0x00, 0x00, 0x00, 0x00, 0x00, 0x00, 0x00, 0x00, 0x00, 0x00, 0x00, 0x00, 0x00, 0x00, 0x00, 0x00, 0x00, 0x00,
    0x00, 0x00, 0x00, 0x00, 0x00, 0x00, 0x00, 0x00, 0x00, 0x00, 0x00, 0x00, 0x00, 0x00, 0x00, 0x00, 0x00, 0x00, 0x00, 0x9c,
    0x87, 0x00, 0x68, 0xbb, 0x00, 0x00, 0x1f, 0xfa, 0x48, 0x05, 0xe0, 0x7c, 0x00, 0x00, 0x8d, 0xff, 0x0e, 0x59, 0xff, 0x42,
    0x00, 0x00, 0xa4, 0xff, 0x04, 0x70, 0xff, 0x38, 0x00, 0x00, 0x00, 0x00, 0x00, 0x00, 0x00, 0x00, 0x00, 0x00, 0x00, 0x00,
    0x00, 0x00, 0x00, 0x00, 0x00, 0x00, 0x00, 0x00, 0x00, 0x00, 0x00, 0x00, 0x00, 0x00, 0x00, 0x00, 0x00, 0x00, 0x00, 0x00,
    0x00, 0x00, 0x00, 0x00, 0x00, 0x00, 0x00, 0x00, 0x00, 0x00, 0x00, 0x00, 0x00, 0x00, 0x00, 0x00, 0x00, 0x00, 0x00, 0x00,
    0x00, 0x00, 0x00, 0x00, 0x00, 0x00, 0x00, 0x00, 0x00, 0x00, 0x00, 0x00, 0x00, 0x00, 0x00, 0xff, 0xa8, 0x00, 0xcc, 0xdc,
    0x00, 0x00, 0x0b, 0xff, 0x90, 0x00, 0xd7, 0xc4, 0x00, 0x00, 0x46, 0xfb, 0x21, 0x13, 0xfe, 0x50, 0x00, 0x00, 0x85, 0x9e,
    0x00, 0x51, 0xd1, 0x01, 0x00, 0x00, 0x00, 0x00, 0x00, 0x00, 0x00, 0x00, 0x00, 0x00, 0x00, 0x00, 0x00, 0x00, 0x00, 0x00,
    0x00, 0x00, 0x00, 0x00, 0x00, 0x00, 0x00, 0x00, 0x00, 0x00, 0x00, 0x00, 0x00, 0x00, 0x00, 0x00, 0x00, 0x00, 0x00, 0x00,
    0x00, 0x00, 0x00, 0x00, 0x00, 0x00, 0x00, 0x00, 0x00, 0x00, 0x00, 0x00, 0x00, 0x00, 0x00, 0x00, 0x00, 0x00, 0x00, 0x00,
    0x00, 0x00, 0x00, 0x00, 0x00, 0x00, 0x00, 0x00, 0x00, 0x00, 0x00, 0xff, 0xa8, 0x00, 0xcc, 0xdc, 0x00, 0x00, 0x0b, 0xff,
    0x90, 0x00, 0xd7, 0xc4, 0x00, 0x00, 0x46, 0xfb, 0x21, 0x13, 0xfe, 0x50, 0x00, 0x00, 0x85, 0x9e, 0x00, 0x51, 0xd1, 0x01,
    0x00, 0x00, 0x6e, 0xac, 0x02, 0x4b, 0xac, 0x25, 0x00, 0x00, 0x9d, 0xff, 0x07, 0x69, 0xff, 0x3b, 0x00, 0x00, 0x39, 0xff,
    0x39, 0x13, 0xf1, 0x6d, 0x00, 0x00, 0x00, 0xb5, 0x7b, 0x00, 0x81, 0xaf, 0x00, 0x00, 0x00, 0x11, 0x1b, 0x00, 0x08, 0x24,
    0x00, 0x00, 0x00, 0x00, 0x00, 0x00, 0x00, 0x00, 0x00, 0x00, 0x00, 0x00, 0x00, 0x00, 0x00, 0x00, 0x00, 0x00, 0x00, 0x00,
    0x00, 0x00, 0x00, 0x00, 0x00, 0x00, 0x00, 0x00, 0x00, 0x00, 0x00, 0x00, 0x00, 0x00, 0x00, 0x00, 0x00, 0x00, 0x00, 0x00,
    0x00, 0x00, 0x00, 0x00, 0x00, 0x00, 0x00, 0x00, 0x00, 0x00, 0x00, 0x00, 0x00, 0x00, 0x00, 0x00, 0x00, 0x00, 0x00, 0x00,
    0xb0, 0xb0, 0x00, 0x00, 0x00, 0x00, 0x00, 0x00, 0xb0, 0xb0, 0x00, 0x00, 0x00, 0x00, 0x00, 0x00, 0xb0, 0xb0, 0x00, 0x00,
    0x00, 0x8c, 0xff, 0xff, 0xff, 0xff, 0xff, 0xff, 0x90, 0x00, 0x00, 0x00, 0xb0, 0xb0, 0x00, 0x00, 0x00, 0x00, 0x00, 0x00,
    0xb0, 0xb0, 0x00, 0x00, 0x00, 0x00, 0x00, 0x00, 0xb0, 0xb0, 0x00, 0x00, 0x00, 0x00, 0x00, 0x00, 0xb0, 0xb0, 0x00, 0x00,
    0x00, 0x00, 0x00, 0x00, 0xb0, 0xb0, 0x00, 0x00, 0x00, 0x00, 0x00, 0x00, 0xb0, 0xb0, 0x00, 0x00, 0x00, 0x00, 0x00, 0x00,
    0xb0, 0xb0, 0x00, 0x00, 0x00, 0x00, 0x00, 0x00, 0xb0, 0xb0, 0x00, 0x00, 0x00, 0x00, 0x00, 0x00, 0xb0, 0xb0, 0x00, 0x00,
    0x00, 0x00, 0x00, 0x00, 0xb0, 0xb0, 0x00, 0x00, 0x00, 0x00, 0x00, 0x00, 0xb0, 0xb0, 0x00, 0x00, 0x00, 0x00, 0x00, 0x00,
    0xb0, 0xb0, 0x00, 0x00, 0x00, 0x00, 0x00, 0x00, 0xb0, 0xb0, 0x00, 0x00, 0x00, 0x8c, 0xff, 0xff, 0xff, 0xff, 0xff, 0xff,
    0x90, 0x00, 0x00, 0x00, 0xb0, 0xb0, 0x00, 0x00, 0x00, 0x00, 0x00, 0x00, 0xb0, 0xb0, 0x00, 0x00, 0x00, 0x00, 0x00, 0x00,
    0xb0, 0xb0, 0x00, 0x00, 0x00, 0x00, 0x00, 0x00, 0xb0, 0xb0, 0x00, 0x00, 0x00, 0x00, 0x00, 0x00, 0xb0, 0xb0, 0x00, 0x00,
    0x00, 0x00, 0x00, 0x00, 0xb0, 0xb0, 0x00, 0x00, 0x00, 0x8c, 0xff, 0xff, 0xff, 0xff, 0xff, 0xff, 0x90, 0x00, 0x00, 0x00,
    0xb0, 0xb0, 0x00, 0x00, 0x00, 0x00, 0x00, 0x00, 0xb0, 0xb0, 0x00, 0x00, 0x00, 0x00, 0x00, 0x00, 0xb0, 0xb0, 0x00, 0x00,
    0x00, 0x00, 0x00, 0x02, 0x92, 0xf0, 0xd0, 0x2e, 0x00, 0x00, 0x00, 0x00, 0x5c, 0xff, 0xff, 0xff, 0xd0, 0x00, 0x00, 0x00,
    0x00, 0x8d, 0xff, 0xff, 0xff, 0xfd, 0x03, 0x00, 0x00, 0x00, 0x5b, 0xff, 0xff, 0xff, 0xce, 0x00, 0x00, 0x00, 0x00, 0x01,
    0x92, 0xf0, 0xcf, 0x2e, 0x00, 0x00, 0x00, 0x00, 0x00, 0x00, 0x00, 0x00, 0x00, 0x00, 0x00, 0x00, 0x00, 0x00, 0x00, 0x00,
    0x00, 0x00, 0x00, 0x00, 0x00, 0x00, 0x00, 0x00, 0x00, 0x00, 0x00, 0x00, 0x00, 0x00, 0x28, 0xff, 0x84, 0x00, 0x00, 0x00,
    0xd4, 0xd4, 0x00, 0x00, 0x00, 0x80, 0xff, 0x28, 0x00, 0x00, 0x28, 0xff, 0x84, 0x00, 0x00, 0x00, 0xd4, 0xd4, 0x00, 0x00,
    0x00, 0x80, 0xff, 0x28, 0x00, 0x00, 0x23, 0xbe, 0xf3, 0xce, 0x37, 0x00, 0x00, 0x00, 0x00, 0xae, 0x91, 0x00, 0x00, 0x00,
    0x00, 0x00, 0x00, 0x00, 0x00, 0x00, 0x00, 0xc4, 0x9e, 0x0e, 0x7d, 0xe5, 0x09, 0x00, 0x00, 0x49, 0xe7, 0x0f, 0x00, 0x00,
    0x00, 0x00, 0x00, 0x00, 0x00, 0x00, 0x00, 0x0a, 0xfe, 0x30, 0x00, 0x09, 0xfe, 0x35, 0x00, 0x08, 0xdc, 0x5a, 0x00, 0x00,
    0x00, 0x00, 0x00, 0x00, 0x00, 0x00, 0x00, 0x00, 0x0b, 0xff, 0x2f, 0x00, 0x09, 0xff, 0x34, 0x00, 0x81, 0xbe, 0x00, 0x00,
    0x00, 0x00, 0x00, 0x00, 0x00, 0x00, 0x00, 0x00, 0x00, 0x00, 0xc6, 0x9c, 0x0e, 0x7b, 0xe6, 0x09, 0x24, 0xf2, 0x29, 0x00,
    0x00, 0x00, 0x00, 0x00, 0x00, 0x00, 0x00, 0x00, 0x00, 0x00, 0x00, 0x25, 0xc0, 0xf4, 0xcf, 0x3a, 0x00, 0xb8, 0x87, 0x00,
    0x00, 0x00, 0x00, 0x00, 0x00, 0x00, 0x00, 0x00, 0x00, 0x00, 0x00, 0x00, 0x00, 0x00, 0x00, 0x00, 0x00, 0x54, 0xe1, 0x0a,
    0x1c, 0xb7, 0xf3, 0xd3, 0x3f, 0x00, 0x05, 0x93, 0xec, 0xe3, 0x6f, 0x00, 0x00, 0x00, 0x00, 0x00, 0x00, 0x0c, 0xe3, 0x50,
    0x00, 0xb7, 0xac, 0x0f, 0x6f, 0xec, 0x0e, 0x73, 0xdd, 0x1f, 0x37, 0xf7, 0x3e, 0x00, 0x00, 0x00, 0x00, 0x00, 0x8c, 0xb4,
    0x00, 0x03, 0xf9, 0x40, 0x00, 0x02, 0xf9, 0x40, 0xb9, 0x84, 0x00, 0x00, 0xb8, 0x84, 0x00, 0x00, 0x00, 0x00, 0x2b, 0xf2,
    0x21, 0x00, 0x03, 0xfa, 0x3f, 0x00, 0x02, 0xf9, 0x40, 0xba, 0x83, 0x00, 0x00, 0xb8, 0x84, 0x00, 0x00, 0x00, 0x00, 0xc1,
    0x7d, 0x00, 0x00, 0x00, 0xba, 0xac, 0x0f, 0x6f, 0xed, 0x0e, 0x76, 0xdd, 0x1f, 0x36, 0xf7, 0x40, 0x00, 0x00, 0x00, 0x5e,
    0xda, 0x07, 0x00, 0x00, 0x00, 0x1f, 0xba, 0xf3, 0xd4, 0x41, 0x00, 0x07, 0x97, 0xed, 0xe5, 0x72, 0x00, 0x00, 0x53, 0xa0,
    0x0a, 0x03, 0xdc, 0x59, 0x00, 0x57, 0x93, 0x00, 0x00, 0x28, 0x06, 0x00, 0x00, 0x00, 0x00, 0x00, 0x00, 0x00, 0x00, 0x00,
    0x00, 0x00, 0x00, 0x00, 0x00, 0x00, 0x00, 0x00, 0x00, 0x00, 0x00, 0x00, 0x00, 0x00, 0x00, 0x00, 0x00, 0x00, 0x00, 0x00,
    0x00, 0x00, 0x00, 0x00, 0x00, 0x00, 0x53, 0xa0, 0x23, 0xab, 0x39, 0x03, 0xdc, 0x59, 0x88, 0xb0, 0x00, 0x57, 0x93, 0x0e,
    0xcc, 0x0f, 0x00, 0x28, 0x06, 0x12, 0x1c, 0x00, 0x00, 0x00, 0x00, 0x00, 0x00, 0x00, 0x00, 0x00, 0x00, 0x00, 0x00, 0x00,
    0x00, 0x00, 0x00, 0x00, 0x00, 0x00, 0x00, 0x00, 0x00, 0x00, 0x00, 0x00, 0x00, 0x00, 0x00, 0x00, 0x00, 0x00, 0x00, 0x00,
    0x00, 0x00, 0x00, 0x00, 0x00, 0x00, 0x00, 0x00, 0x00, 0x00, 0x00, 0x00, 0x00, 0x00, 0x00, 0x00, 0x00, 0x00, 0x00, 0x00,
    0x06, 0x8c, 0x00, 0x00, 0x00, 0x11, 0xc0, 0xbb, 0x00, 0x00, 0x21, 0xd7, 0xaa, 0x08, 0x00, 0x00, 0xb9, 0xd2, 0x03, 0x00,
    0x00, 0x00, 0x21, 0xd7, 0xaa, 0x08, 0x00, 0x00, 0x00, 0x11, 0xc1, 0xbb, 0x00, 0x00, 0x00, 0x00, 0x06, 0x8c, 0x00, 0x00,
    0x00, 0x00, 0x00, 0x00, 0x00, 0x00, 0x61, 0x30, 0x00, 0x00, 0x00, 0x00, 0x52, 0xf0, 0x48, 0x00, 0x00, 0x00, 0x00, 0x52,
    0xf2, 0x65, 0x00, 0x00, 0x00, 0x00, 0x6d, 0xff, 0x22, 0x00, 0x00, 0x52, 0xf2, 0x65, 0x00, 0x00, 0x52, 0xf1, 0x49, 0x00,
    0x00, 0x00, 0x61, 0x30, 0x00, 0x00, 0x00, 0x00, 0x00, 0x00, 0x00, 0x00, 0x00, 0x00, 0x00, 0x00, 0x31, 0xb0, 0xee, 0xf2,
    0xc5, 0x55, 0x01, 0x00, 0x00, 0x32, 0xf7, 0xa6, 0x25, 0x0b, 0x5a, 0xf3, 0x20, 0x00, 0x00, 0xd6, 0xc6, 0x02, 0x00, 0x00,
    0x00, 0x44, 0x1d, 0x00, 0x2f, 0xff, 0x62, 0x00, 0x00, 0x00, 0x00, 0x00, 0x00, 0xc8, 0xff, 0xff, 0xff, 0xff, 0xff, 0xff,
    0x87, 0x00, 0x00, 0x00, 0x7c, 0xff, 0x18, 0x00, 0x00, 0x00, 0x00, 0x00, 0x00, 0x00, 0x7c, 0xff, 0x18, 0x00, 0x00, 0x00,
    0x00, 0x00, 0x00, 0xc8, 0xff, 0xff, 0xff, 0xff, 0xff, 0x5f, 0x00, 0x00, 0x00, 0x00, 0x30, 0xff, 0x61, 0x00, 0x00, 0x00,
    0x00, 0x00, 0x00, 0x00, 0x00, 0xd7, 0xc6, 0x02, 0x00, 0x00, 0x00, 0x43, 0x1d, 0x00, 0x00, 0x35, 0xf8, 0xa5, 0x25, 0x0b,
    0x58, 0xf2, 0x20, 0x00, 0x00, 0x00, 0x33, 0xb2, 0xf0, 0xf2, 0xc4, 0x54, 0x01, 0x00, 0x00, 0xb0, 0xff, 0xff, 0xff, 0x5c,
    0xc4, 0xd3, 0x02, 0x13, 0xf3, 0x8c, 0x00, 0x00, 0x00, 0x00, 0x00, 0x00, 0x20, 0xc4, 0x00, 0x00, 0xc4, 0xbd, 0x5b, 0x85,
    0xbe, 0x8c, 0x00, 0x00, 0x00, 0x00, 0x00, 0x00, 0x20, 0xc4, 0x00, 0x00, 0xc4, 0x3c, 0xd6, 0xd2, 0x5a, 0x8c, 0x00, 0x00,
    0x00, 0x00, 0x00, 0x00, 0x20, 0xc4, 0x00, 0x00, 0xc4, 0x20, 0x8c, 0x65, 0x54, 0x8c, 0x00, 0x00, 0x00, 0x00, 0x00, 0x00,
    0x20, 0xc4, 0x00, 0x00, 0xc4, 0x20, 0x00, 0x00, 0x54, 0x8c, 0x00, 0x00, 0x00, 0x00, 0x00, 0x00, 0x00, 0x00, 0x00, 0x00,
    0x00, 0x00, 0x00, 0x00, 0x00, 0x00, 0x00, 0x00, 0x00, 0x00, 0x00, 0x00, 0x00, 0x00, 0x00, 0x00, 0x00, 0x00, 0x00, 0x00,
    0x00, 0x00, 0x00, 0x00, 0x00, 0x00, 0x00, 0x00, 0x00, 0x00, 0x00, 0x00, 0x00, 0x00, 0x00, 0x00, 0x00, 0x00, 0x00, 0x00,
    0x00, 0x00, 0x00, 0x00, 0x00, 0x00, 0x00, 0x00, 0x00, 0x00, 0x00, 0x00, 0x00, 0x00, 0x00, 0x00, 0x00, 0x00, 0x00, 0x00,
    0x00, 0x00, 0x00, 0x00, 0x00, 0x00, 0x00, 0x00, 0x00, 0x00, 0x00, 0x00, 0x00, 0x00, 0x00, 0x00, 0x00, 0x00, 0x00, 0x00,
    0x00, 0x00, 0x00, 0x00, 0x00, 0x00, 0x00, 0x00, 0x00, 0x00, 0x00, 0x00, 0x00, 0x00, 0x00, 0x00, 0x00, 0x00, 0x00, 0x00,
    0x00, 0x00, 0x00, 0x00, 0x00,
};
const size_t kVlwSans16Size = 36985;

// 13 px: 256 glyphs, 26461 bytes
const uint8_t kVlwSans13[26461] = {
    0x00, 0x00, 0x01, 0x00, 0x00, 0x00, 0x00, 0x0b, 0x00, 0x00, 0x00, 0x0d, 0x00, 0x00, 0x00, 0x00, 0x00, 0x00, 0x00, 0x0d,
    0x00, 0x00, 0x00, 0x04, 0x00, 0x00, 0x00, 0x20, 0x00, 0x00, 0x00, 0x00, 0x00, 0x00, 0x00, 0x00, 0x00, 0x00, 0x00, 0x04,
    0x00, 0x00, 0x00, 0x00, 0x00, 0x00, 0x00, 0x00, 0x00, 0x00, 0x00, 0x00, 0x00, 0x00, 0x00, 0x21, 0x00, 0x00, 0x00, 0x09,
    0x00, 0x00, 0x00, 0x05, 0x00, 0x00, 0x00, 0x05, 0x00, 0x00, 0x00, 0x09, 0x00, 0x00, 0x00, 0x00, 0x00, 0x00, 0x00, 0x00,
    0x00, 0x00, 0x00, 0x22, 0x00, 0x00, 0x00, 0x09, 0x00, 0x00, 0x00, 0x06, 0x00, 0x00, 0x00, 0x06, 0x00, 0x00, 0x00, 0x09,
    0x00, 0x00, 0x00, 0x00, 0x00, 0x00, 0x00, 0x00, 0x00, 0x00, 0x00, 0x23, 0x00, 0x00, 0x00, 0x0a, 0x00, 0x00, 0x00, 0x0b,
    0x00, 0x00, 0x00, 0x0b, 0x00, 0x00, 0x00, 0x0a, 0x00, 0x00, 0x00, 0x00, 0x00, 0x00, 0x00, 0x00, 0x00, 0x00, 0x00, 0x24,
    0x00, 0x00, 0x00, 0x0b, 0x00, 0x00, 0x00, 0x08, 0x00, 0x00, 0x00, 0x08, 0x00, 0x00, 0x00, 0x09, 0x00, 0x00, 0x00, 0x00,
    0x00, 0x00, 0x00, 0x00, 0x00, 0x00, 0x00, 0x25, 0x00, 0x00, 0x00, 0x09, 0x00, 0x00, 0x00, 0x0c, 0x00, 0x00, 0x00, 0x0c,
    0x00, 0x00, 0x00, 0x09, 0x00, 0x00, 0x00, 0x00, 0x00, 0x00, 0x00, 0x00, 0x00, 0x00, 0x00, 0x26, 0x00, 0x00, 0x00, 0x09,
    0x00, 0x00, 0x00, 0x0a, 0x00, 0x00, 0x00, 0x0a, 0x00, 0x00, 0x00, 0x09, 0x00, 0x00, 0x00, 0x00, 0x00, 0x00, 0x00, 0x00,
    0x00, 0x00, 0x00, 0x27, 0x00, 0x00, 0x00, 0x09, 0x00, 0x00, 0x00, 0x04, 0x00, 0x00, 0x00, 0x04, 0x00, 0x00, 0x00, 0x09,
    0x00, 0x00, 0x00, 0x00, 0x00, 0x00, 0x00, 0x00, 0x00, 0x00, 0x00, 0x28, 0x00, 0x00, 0x00, 0x0c, 0x00, 0x00, 0x00, 0x05,
    0x00, 0x00, 0x00, 0x05, 0x00, 0x00, 0x00, 0x0b, 0x00, 0x00, 0x00, 0x00, 0x00, 0x00, 0x00, 0x00, 0x00, 0x00, 0x00, 0x29,
    0x00, 0x00, 0x00, 0x0c, 0x00, 0x00, 0x00, 0x05, 0x00, 0x00, 0x00, 0x05, 0x00, 0x00, 0x00, 0x0b, 0x00, 0x00, 0x00, 0x00,
    0x00, 0x00, 0x00, 0x00, 0x00, 0x00, 0x00, 0x2a, 0x00, 0x00, 0x00, 0x09, 0x00, 0x00, 0x00, 0x07, 0x00, 0x00, 0x00, 0x07,
    0x00, 0x00, 0x00, 0x09, 0x00, 0x00, 0x00, 0x00, 0x00, 0x00, 0x00, 0x00, 0x00, 0x00, 0x00, 0x2b, 0x00, 0x00, 0x00, 0x09,
    0x00, 0x00, 0x00, 0x0b, 0x00, 0x00, 0x00, 0x0b, 0x00, 0x00, 0x00, 0x09, 0x00, 0x00, 0x00, 0x00, 0x00, 0x00, 0x00, 0x00,
    0x00, 0x00, 0x00, 0x2c, 0x00, 0x00, 0x00, 0x03, 0x00, 0x00, 0x00, 0x04, 0x00, 0x00, 0x00, 0x04, 0x00, 0x00, 0x00, 0x02,
    0x00, 0x00, 0x00, 0x00, 0x00, 0x00, 0x00, 0x00, 0x00, 0x00, 0x00, 0x2d, 0x00, 0x00, 0x00, 0x04, 0x00, 0x00, 0x00, 0x05,
    0x00, 0x00, 0x00, 0x05, 0x00, 0x00, 0x00, 0x04, 0x00, 0x00, 0x00, 0x00, 0x00, 0x00, 0x00, 0x00, 0x00, 0x00, 0x00, 0x2e,
    0x00, 0x00, 0x00, 0x02, 0x00, 0x00, 0x00, 0x04, 0x00, 0x00, 0x00, 0x04, 0x00, 0x00, 0x00, 0x02, 0x00, 0x00, 0x00, 0x00,
    0x00, 0x00, 0x00, 0x00, 0x00, 0x00, 0x00, 0x2f, 0x00, 0x00, 0x00, 0x0b, 0x00, 0x00, 0x00, 0x05, 0x00, 0x00, 0x00, 0x04,
    0x00, 0x00, 0x00, 0x09, 0x00, 0x00, 0x00, 0x00, 0x00, 0x00, 0x00, 0x00, 0x00, 0x00, 0x00, 0x30, 0x00, 0x00, 0x00, 0x09,
    0x00, 0x00, 0x00, 0x08, 0x00, 0x00, 0x00, 0x08, 0x00, 0x00, 0x00, 0x09, 0x00, 0x00, 0x00, 0x00, 0x00, 0x00, 0x00, 0x00,
    0x00, 0x00, 0x00, 0x31, 0x00, 0x00, 0x00, 0x09, 0x00, 0x00, 0x00, 0x08, 0x00, 0x00, 0x00, 0x08, 0x00, 0x00, 0x00, 0x09,
    0x00, 0x00, 0x00, 0x00, 0x00, 0x00, 0x00, 0x00, 0x00, 0x00, 0x00, 0x32, 0x00, 0x00, 0x00, 0x09, 0x00, 0x00, 0x00, 0x08,
    0x00, 0x00, 0x00, 0x08, 0x00, 0x00, 0x00, 0x09, 0x00, 0x00, 0x00, 0x00, 0x00, 0x00, 0x00, 0x00, 0x00, 0x00, 0x00, 0x33,
    0x00, 0x00, 0x00, 0x09, 0x00, 0x00, 0x00, 0x08, 0x00, 0x00, 0x00, 0x08, 0x00, 0x00, 0x00, 0x09, 0x00, 0x00, 0x00, 0x00,
    0x00, 0x00, 0x00, 0x00, 0x00, 0x00, 0x00, 0x34, 0x00, 0x00, 0x00, 0x09, 0x00, 0x00, 0x00, 0x08, 0x00, 0x00, 0x00, 0x08,
    0x00, 0x00, 0x00, 0x09, 0x00, 0x00, 0x00, 0x00, 0x00, 0x00, 0x00, 0x00, 0x00, 0x00, 0x00, 0x35, 0x00, 0x00, 0x00, 0x09,
    0x00, 0x00, 0x00, 0x08, 0x00, 0x00, 0x00, 0x08, 0x00, 0x00, 0x00, 0x09, 0x00, 0x00, 0x00, 0x00, 0x00, 0x00, 0x00, 0x00,
    0x00, 0x00, 0x00, 0x36, 0x00, 0x00, 0x00, 0x09, 0x00, 0x00, 0x00, 0x08, 0x00, 0x00, 0x00, 0x08, 0x00, 0x00, 0x00, 0x09,
    0x00, 0x00, 0x00, 0x00, 0x00, 0x00, 0x00, 0x00, 0x00, 0x00, 0x00, 0x37, 0x00, 0x00, 0x00, 0x09, 0x00, 0x00, 0x00, 0x08,
    0x00, 0x00, 0x00, 0x08, 0x00, 0x00, 0x00, 0x09, 0x00, 0x00, 0x00, 0x00, 0x00, 0x00, 0x00, 0x00, 0x00, 0x00, 0x00, 0x38,
    0x00, 0x00, 0x00, 0x09, 0x00, 0x00, 0x00, 0x08, 0x00, 0x00, 0x00, 0x08, 0x00, 0x00, 0x00, 0x09, 0x00, 0x00, 0x00, 0x00,
    0x00, 0x00, 0x00, 0x00, 0x00, 0x00, 0x00, 0x39, 0x00, 0x00, 0x00, 0x09, 0x00, 0x00, 0x00, 0x08, 0x00, 0x00, 0x00, 0x08,
    0x00, 0x00, 0x00, 0x09, 0x00, 0x00, 0x00, 0x00, 0x00, 0x00, 0x00, 0x00, 0x00, 0x00, 0x00, 0x3a, 0x00, 0x00, 0x00, 0x07,
    0x00, 0x00, 0x00, 0x04, 0x00, 0x00, 0x00, 0x04, 0x00, 0x00, 0x00, 0x07, 0x00, 0x00, 0x00, 0x00, 0x00, 0x00, 0x00, 0x00,
    0x00, 0x00, 0x00, 0x3b, 0x00, 0x00, 0x00, 0x08, 0x00, 0x00, 0x00, 0x04, 0x00, 0x00, 0x00, 0x04, 0x00, 0x00, 0x00, 0x07,
    0x00, 0x00, 0x00, 0x00, 0x00, 0x00, 0x00, 0x00, 0x00, 0x00, 0x00, 0x3c, 0x00, 0x00, 0x00, 0x08, 0x00, 0x00, 0x00, 0x0b,
    0x00, 0x00, 0x00, 0x0b, 0x00, 0x00, 0x00, 0x08, 0x00, 0x00, 0x00, 0x00, 0x00, 0x00, 0x00, 0x00, 0x00, 0x00, 0x00, 0x3d,
    0x00, 0x00, 0x00, 0x06, 0x00, 0x00, 0x00, 0x0b, 0x00, 0x00, 0x00, 0x0b, 0x00, 0x00, 0x00, 0x06, 0x00, 0x00, 0x00, 0x00,
    0x00, 0x00, 0x00, 0x00, 0x00, 0x00, 0x00, 0x3e, 0x00, 0x00, 0x00, 0x08, 0x00, 0x00, 0x00, 0x0b, 0x00, 0x00, 0x00, 0x0b,
    0x00, 0x00, 0x00, 0x08, 0x00, 0x00, 0x00, 0x00, 0x00, 0x00, 0x00, 0x00, 0x00, 0x00, 0x00, 0x3f, 0x00, 0x00, 0x00, 0x09,
    0x00, 0x00, 0x00, 0x07, 0x00, 0x00, 0x00, 0x07, 0x00, 0x00, 0x00, 0x09, 0x00, 0x00, 0x00, 0x00, 0x00, 0x00, 0x00, 0x00,
    0x00, 0x00, 0x00, 0x40, 0x00, 0x00, 0x00, 0x0b, 0x00, 0x00, 0x00, 0x0d, 0x00, 0x00, 0x00, 0x0d, 0x00, 0x00, 0x00, 0x09,
    0x00, 0x00, 0x00, 0x00, 0x00, 0x00, 0x00, 0x00, 0x00, 0x00, 0x00, 0x41, 0x00, 0x00, 0x00, 0x09, 0x00, 0x00, 0x00, 0x09,
    0x00, 0x00, 0x00, 0x09, 0x00, 0x00, 0x00, 0x09, 0x00, 0x00, 0x00, 0x00, 0x00, 0x00, 0x00, 0x00, 0x00, 0x00, 0x00, 0x42,
    0x00, 0x00, 0x00, 0x09, 0x00, 0x00, 0x00, 0x09, 0x00, 0x00, 0x00, 0x09, 0x00, 0x00, 0x00, 0x09, 0x00, 0x00, 0x00, 0x00,
    0x00, 0x00, 0x00, 0x00, 0x00, 0x00, 0x00, 0x43, 0x00, 0x00, 0x00, 0x09, 0x00, 0x00, 0x00, 0x09, 0x00, 0x00, 0x00, 0x09,
    0x00, 0x00, 0x00, 0x09, 0x00, 0x00, 0x00, 0x00, 0x00, 0x00, 0x00, 0x00, 0x00, 0x00, 0x00, 0x44, 0x00, 0x00, 0x00, 0x09,
    0x00, 0x00, 0x00, 0x0a, 0x00, 0x00, 0x00, 0x0a, 0x00, 0x00, 0x00, 0x09, 0x00, 0x00, 0x00, 0x00, 0x00, 0x00, 0x00, 0x00,
    0x00, 0x00, 0x00, 0x45, 0x00, 0x00, 0x00, 0x09, 0x00, 0x00, 0x00, 0x08, 0x00, 0x00, 0x00, 0x08, 0x00, 0x00, 0x00, 0x09,
    0x00, 0x00, 0x00, 0x00, 0x00, 0x00, 0x00, 0x00, 0x00, 0x00, 0x00, 0x46, 0x00, 0x00, 0x00, 0x09, 0x00, 0x00, 0x00, 0x07,
    0x00, 0x00, 0x00, 0x07, 0x00, 0x00, 0x00, 0x09, 0x00, 0x00, 0x00, 0x00, 0x00, 0x00, 0x00, 0x00, 0x00, 0x00, 0x00, 0x47,
    0x00, 0x00, 0x00, 0x09, 0x00, 0x00, 0x00, 0x0a, 0x00, 0x00, 0x00, 0x0a, 0x00, 0x00, 0x00, 0x09, 0x00, 0x00, 0x00, 0x00,
    0x00, 0x00, 0x00, 0x00, 0x00, 0x00, 0x00, 0x48, 0x00, 0x00, 0x00, 0x09, 0x00, 0x00, 0x00, 0x0a, 0x00, 0x00, 0x00, 0x0a,
    0x00, 0x00, 0x00, 0x09, 0x00, 0x00, 0x00, 0x00, 0x00, 0x00, 0x00, 0x00, 0x00, 0x00, 0x00, 0x49, 0x00, 0x00, 0x00, 0x09,
    0x00, 0x00, 0x00, 0x04, 0x00, 0x00, 0x00, 0x04, 0x00, 0x00, 0x00, 0x09, 0x00, 0x00, 0x00, 0x00, 0x00, 0x00, 0x00, 0x00,
    0x00, 0x00, 0x00, 0x4a, 0x00, 0x00, 0x00, 0x0c, 0x00, 0x00, 0x00, 0x05, 0x00, 0x00, 0x00, 0x04, 0x00, 0x00, 0x00, 0x09,
    0xff, 0xff, 0xff, 0xff, 0x00, 0x00, 0x00, 0x00, 0x00, 0x00, 0x00, 0x4b, 0x00, 0x00, 0x00, 0x09, 0x00, 0x00, 0x00, 0x09,
    0x00, 0x00, 0x00, 0x09, 0x00, 0x00, 0x00, 0x09, 0x00, 0x00, 0x00, 0x00, 0x00, 0x00, 0x00, 0x00, 0x00, 0x00, 0x00, 0x4c,
    0x00, 0x00, 0x00, 0x09, 0x00, 0x00, 0x00, 0x08, 0x00, 0x00, 0x00, 0x07, 0x00, 0x00, 0x00, 0x09, 0x00, 0x00, 0x00, 0x00,
    0x00, 0x00, 0x00, 0x00, 0x00, 0x00, 0x00, 0x4d, 0x00, 0x00, 0x00, 0x09, 0x00, 0x00, 0x00, 0x0b, 0x00, 0x00, 0x00, 0x0b,
    0x00, 0x00, 0x00, 0x09, 0x00, 0x00, 0x00, 0x00, 0x00, 0x00, 0x00, 0x00, 0x00, 0x00, 0x00, 0x4e, 0x00, 0x00, 0x00, 0x09,
    0x00, 0x00, 0x00, 0x0a, 0x00, 0x00, 0x00, 0x0a, 0x00, 0x00, 0x00, 0x09, 0x00, 0x00, 0x00, 0x00, 0x00, 0x00, 0x00, 0x00,
    0x00, 0x00, 0x00, 0x4f, 0x00, 0x00, 0x00, 0x09, 0x00, 0x00, 0x00, 0x0a, 0x00, 0x00, 0x00, 0x0a, 0x00, 0x00, 0x00, 0x09,
    0x00, 0x00, 0x00, 0x00, 0x00, 0x00, 0x00, 0x00, 0x00, 0x00, 0x00, 0x50, 0x00, 0x00, 0x00, 0x09, 0x00, 0x00, 0x00, 0x08,
    0x00, 0x00, 0x00, 0x08, 0x00, 0x00, 0x00, 0x09, 0x00, 0x00, 0x00, 0x00, 0x00, 0x00, 0x00, 0x00, 0x00, 0x00, 0x00, 0x51,
    0x00, 0x00, 0x00, 0x0b, 0x00, 0x00, 0x00, 0x0a, 0x00, 0x00, 0x00, 0x0a, 0x00, 0x00, 0x00, 0x09, 0x00, 0x00, 0x00, 0x00,
    0x00, 0x00, 0x00, 0x00, 0x00, 0x00, 0x00, 0x52, 0x00, 0x00, 0x00, 0x09, 0x00, 0x00, 0x00, 0x09, 0x00, 0x00, 0x00, 0x09,
    0x00, 0x00, 0x00, 0x09, 0x00, 0x00, 0x00, 0x00, 0x00, 0x00, 0x00, 0x00, 0x00, 0x00, 0x00, 0x53, 0x00, 0x00, 0x00, 0x09,
    0x00, 0x00, 0x00, 0x08, 0x00, 0x00, 0x00, 0x08, 0x00, 0x00, 0x00, 0x09, 0x00, 0x00, 0x00, 0x00, 0x00, 0x00, 0x00, 0x00,
    0x00, 0x00, 0x00, 0x54, 0x00, 0x00, 0x00, 0x09, 0x00, 0x00, 0x00, 0x09, 0x00, 0x00, 0x00, 0x08, 0x00, 0x00, 0x00, 0x09,
    0xff, 0xff, 0xff, 0xff, 0x00, 0x00, 0x00, 0x00, 0x00, 0x00, 0x00, 0x55, 0x00, 0x00, 0x00, 0x09, 0x00, 0x00, 0x00, 0x0a,
    0x00, 0x00, 0x00, 0x0a, 0x00, 0x00, 0x00, 0x09, 0x00, 0x00, 0x00, 0x00, 0x00, 0x00, 0x00, 0x00, 0x00, 0x00, 0x00, 0x56,
    0x00, 0x00, 0x00, 0x09, 0x00, 0x00, 0x00, 0x09, 0x00, 0x00, 0x00, 0x09, 0x00, 0x00, 0x00, 0x09, 0x00, 0x00, 0x00, 0x00,
    0x00, 0x00, 0x00, 0x00, 0x00, 0x00, 0x00, 0x57, 0x00, 0x00, 0x00, 0x09, 0x00, 0x00, 0x00, 0x0d, 0x00, 0x00, 0x00, 0x0d,
    0x00, 0x00, 0x00, 0x09, 0x00, 0x00, 0x00, 0x00, 0x00, 0x00, 0x00, 0x00, 0x00, 0x00, 0x00, 0x58, 0x00, 0x00, 0x00, 0x09,
    0x00, 0x00, 0x00, 0x09, 0x00, 0x00, 0x00, 0x09, 0x00, 0x00, 0x00, 0x09, 0x00, 0x00, 0x00, 0x00, 0x00, 0x00, 0x00, 0x00,
    0x00, 0x00, 0x00, 0x59, 0x00, 0x00, 0x00, 0x09, 0x00, 0x00, 0x00, 0x09, 0x00, 0x00, 0x00, 0x08, 0x00, 0x00, 0x00, 0x09,
    0xff, 0xff, 0xff, 0xff, 0x00, 0x00, 0x00, 0x00, 0x00, 0x00, 0x00, 0x5a, 0x00, 0x00, 0x00, 0x09, 0x00, 0x00, 0x00, 0x09,
    0x00, 0x00, 0x00, 0x09, 0x00, 0x00, 0x00, 0x09, 0x00, 0x00, 0x00, 0x00, 0x00, 0x00, 0x00, 0x00, 0x00, 0x00, 0x00, 0x5b,
    0x00, 0x00, 0x00, 0x0c, 0x00, 0x00, 0x00, 0x05, 0x00, 0x00, 0x00, 0x05, 0x00, 0x00, 0x00, 0x0a, 0x00, 0x00, 0x00, 0x00,
    0x00, 0x00, 0x00, 0x00, 0x00, 0x00, 0x00, 0x5c, 0x00, 0x00, 0x00, 0x0b, 0x00, 0x00, 0x00, 0x05, 0x00, 0x00, 0x00, 0x04,
    0x00, 0x00, 0x00, 0x09, 0x00, 0x00, 0x00, 0x00, 0x00, 0x00, 0x00, 0x00, 0x00, 0x00, 0x00, 0x5d, 0x00, 0x00, 0x00, 0x0c,
    0x00, 0x00, 0x00, 0x05, 0x00, 0x00, 0x00, 0x05, 0x00, 0x00, 0x00, 0x0a, 0x00, 0x00, 0x00, 0x00, 0x00, 0x00, 0x00, 0x00,
    0x00, 0x00, 0x00, 0x5e, 0x00, 0x00, 0x00, 0x09, 0x00, 0x00, 0x00, 0x0b, 0x00, 0x00, 0x00, 0x0b, 0x00, 0x00, 0x00, 0x09,
    0x00, 0x00, 0x00, 0x00, 0x00, 0x00, 0x00, 0x00, 0x00, 0x00, 0x00, 0x5f, 0x00, 0x00, 0x00, 0x03, 0x00, 0x00, 0x00, 0x08,
    0x00, 0x00, 0x00, 0x07, 0x00, 0x00, 0x00, 0x00, 0xff, 0xff, 0xff, 0xff, 0x00, 0x00, 0x00, 0x00, 0x00, 0x00, 0x00, 0x60,
    0x00, 0x00, 0x00, 0x0a, 0x00, 0x00, 0x00, 0x07, 0x00, 0x00, 0x00, 0x07, 0x00, 0x00, 0x00, 0x0a, 0x00, 0x00, 0x00, 0x00,
    0x00, 0x00, 0x00, 0x00, 0x00, 0x00, 0x00, 0x61, 0x00, 0x00, 0x00, 0x07, 0x00, 0x00, 0x00, 0x08, 0x00, 0x00, 0x00, 0x08,
    0x00, 0x00, 0x00, 0x07, 0x00, 0x00, 0x00, 0x00, 0x00, 0x00, 0x00, 0x00, 0x00, 0x00, 0x00, 0x62, 0x00, 0x00, 0x00, 0x0b,
    0x00, 0x00, 0x00, 0x08, 0x00, 0x00, 0x00, 0x08, 0x00, 0x00, 0x00, 0x0b, 0x00, 0x00, 0x00, 0x00, 0x00, 0x00, 0x00, 0x00,
    0x00, 0x00, 0x00, 0x63, 0x00, 0x00, 0x00, 0x07, 0x00, 0x00, 0x00, 0x07, 0x00, 0x00, 0x00, 0x07, 0x00, 0x00, 0x00, 0x07,
    0x00, 0x00, 0x00, 0x00, 0x00, 0x00, 0x00, 0x00, 0x00, 0x00, 0x00, 0x64, 0x00, 0x00, 0x00, 0x0b, 0x00, 0x00, 0x00, 0x08,
    0x00, 0x00, 0x00, 0x08, 0x00, 0x00, 0x00, 0x0b, 0x00, 0x00, 0x00, 0x00, 0x00, 0x00, 0x00, 0x00, 0x00, 0x00, 0x00, 0x65,
    0x00, 0x00, 0x00, 0x07, 0x00, 0x00, 0x00, 0x08, 0x00, 0x00, 0x00, 0x08, 0x00, 0x00, 0x00, 0x07, 0x00, 0x00, 0x00, 0x00,
    0x00, 0x00, 0x00, 0x00, 0x00, 0x00, 0x00, 0x66, 0x00, 0x00, 0x00, 0x0b, 0x00, 0x00, 0x00, 0x05, 0x00, 0x00, 0x00, 0x05,
    0x00, 0x00, 0x00, 0x0b, 0x00, 0x00, 0x00, 0x00, 0x00, 0x00, 0x00, 0x00, 0x00, 0x00, 0x00, 0x67, 0x00, 0x00, 0x00, 0x0a,
    0x00, 0x00, 0x00, 0x08, 0x00, 0x00, 0x00, 0x08, 0x00, 0x00, 0x00, 0x07, 0x00, 0x00, 0x00, 0x00, 0x00, 0x00, 0x00, 0x00,
    0x00, 0x00, 0x00, 0x68, 0x00, 0x00, 0x00, 0x0b, 0x00, 0x00, 0x00, 0x08, 0x00, 0x00, 0x00, 0x08, 0x00, 0x00, 0x00, 0x0b,
    0x00, 0x00, 0x00, 0x00, 0x00, 0x00, 0x00, 0x00, 0x00, 0x00, 0x00, 0x69, 0x00, 0x00, 0x00, 0x0a, 0x00, 0x00, 0x00, 0x04,
    0x00, 0x00, 0x00, 0x04, 0x00, 0x00, 0x00, 0x0a, 0x00, 0x00, 0x00, 0x00, 0x00, 0x00, 0x00, 0x00, 0x00, 0x00, 0x00, 0x6a,
    0x00, 0x00, 0x00, 0x0d, 0x00, 0x00, 0x00, 0x05, 0x00, 0x00, 0x00, 0x04, 0x00, 0x00, 0x00, 0x0a, 0xff, 0xff, 0xff, 0xff,
    0x00, 0x00, 0x00, 0x00, 0x00, 0x00, 0x00, 0x6b, 0x00, 0x00, 0x00, 0x0b, 0x00, 0x00, 0x00, 0x08, 0x00, 0x00, 0x00, 0x08,
    0x00, 0x00, 0x00, 0x0b, 0x00, 0x00, 0x00, 0x00, 0x00, 0x00, 0x00, 0x00, 0x00, 0x00, 0x00, 0x6c, 0x00, 0x00, 0x00, 0x0b,
    0x00, 0x00, 0x00, 0x04, 0x00, 0x00, 0x00, 0x04, 0x00, 0x00, 0x00, 0x0b, 0x00, 0x00, 0x00, 0x00, 0x00, 0x00, 0x00, 0x00,
    0x00, 0x00, 0x00, 0x6d, 0x00, 0x00, 0x00, 0x07, 0x00, 0x00, 0x00, 0x0d, 0x00, 0x00, 0x00, 0x0d, 0x00, 0x00, 0x00, 0x07,
    0x00, 0x00, 0x00, 0x00, 0x00, 0x00, 0x00, 0x00, 0x00, 0x00, 0x00, 0x6e, 0x00, 0x00, 0x00, 0x07, 0x00, 0x00, 0x00, 0x08,
    0x00, 0x00, 0x00, 0x08, 0x00, 0x00, 0x00, 0x07, 0x00, 0x00, 0x00, 0x00, 0x00, 0x00, 0x00, 0x00, 0x00, 0x00, 0x00, 0x6f,
    0x00, 0x00, 0x00, 0x07, 0x00, 0x00, 0x00, 0x08, 0x00, 0x00, 0x00, 0x08, 0x00, 0x00, 0x00, 0x07, 0x00, 0x00, 0x00, 0x00,
    0x00, 0x00, 0x00, 0x00, 0x00, 0x00, 0x00, 0x70, 0x00, 0x00, 0x00, 0x0a, 0x00, 0x00, 0x00, 0x08, 0x00, 0x00, 0x00, 0x08,
    0x00, 0x00, 0x00, 0x07, 0x00, 0x00, 0x00, 0x00, 0x00, 0x00, 0x00, 0x00, 0x00, 0x00, 0x00, 0x71, 0x00, 0x00, 0x00, 0x0a,
    0x00, 0x00, 0x00, 0x08, 0x00, 0x00, 0x00, 0x08, 0x00, 0x00, 0x00, 0x07, 0x00, 0x00, 0x00, 0x00, 0x00, 0x00, 0x00, 0x00,
    0x00, 0x00, 0x00, 0x72, 0x00, 0x00, 0x00, 0x07, 0x00, 0x00, 0x00, 0x06, 0x00, 0x00, 0x00, 0x05, 0x00, 0x00, 0x00, 0x07,
    0x00, 0x00, 0x00, 0x00, 0x00, 0x00, 0x00, 0x00, 0x00, 0x00, 0x00, 0x73, 0x00, 0x00, 0x00, 0x07, 0x00, 0x00, 0x00, 0x07,
    0x00, 0x00, 0x00, 0x07, 0x00, 0x00, 0x00, 0x07, 0x00, 0x00, 0x00, 0x00, 0x00, 0x00, 0x00, 0x00, 0x00, 0x00, 0x00, 0x74,
    0x00, 0x00, 0x00, 0x09, 0x00, 0x00, 0x00, 0x05, 0x00, 0x00, 0x00, 0x05, 0x00, 0x00, 0x00, 0x09, 0x00, 0x00, 0x00, 0x00,
    0x00, 0x00, 0x00, 0x00, 0x00, 0x00, 0x00, 0x75, 0x00, 0x00, 0x00, 0x07, 0x00, 0x00, 0x00, 0x08, 0x00, 0x00, 0x00, 0x08,
    0x00, 0x00, 0x00, 0x07, 0x00, 0x00, 0x00, 0x00, 0x00, 0x00, 0x00, 0x00, 0x00, 0x00, 0x00, 0x76, 0x00, 0x00, 0x00, 0x07,
    0x00, 0x00, 0x00, 0x08, 0x00, 0x00, 0x00, 0x08, 0x00, 0x00, 0x00, 0x07, 0x00, 0x00, 0x00, 0x00, 0x00, 0x00, 0x00, 0x00,
    0x00, 0x00, 0x00, 0x77, 0x00, 0x00, 0x00, 0x07, 0x00, 0x00, 0x00, 0x0b, 0x00, 0x00, 0x00, 0x0b, 0x00, 0x00, 0x00, 0x07,
    0x00, 0x00, 0x00, 0x00, 0x00, 0x00, 0x00, 0x00, 0x00, 0x00, 0x00, 0x78, 0x00, 0x00, 0x00, 0x07, 0x00, 0x00, 0x00, 0x08,
    0x00, 0x00, 0x00, 0x08, 0x00, 0x00, 0x00, 0x07, 0x00, 0x00, 0x00, 0x00, 0x00, 0x00, 0x00, 0x00, 0x00, 0x00, 0x00, 0x79,
    0x00, 0x00, 0x00, 0x0a, 0x00, 0x00, 0x00, 0x08, 0x00, 0x00, 0x00, 0x08, 0x00, 0x00, 0x00, 0x07, 0x00, 0x00, 0x00, 0x00,
    0x00, 0x00, 0x00, 0x00, 0x00, 0x00, 0x00, 0x7a, 0x00, 0x00, 0x00, 0x07, 0x00, 0x00, 0x00, 0x07, 0x00, 0x00, 0x00, 0x07,
    0x00, 0x00, 0x00, 0x07, 0x00, 0x00, 0x00, 0x00, 0x00, 0x00, 0x00, 0x00, 0x00, 0x00, 0x00, 0x7b, 0x00, 0x00, 0x00, 0x0c,
    0x00, 0x00, 0x00, 0x08, 0x00, 0x00, 0x00, 0x08, 0x00, 0x00, 0x00, 0x0a, 0x00, 0x00, 0x00, 0x00, 0x00, 0x00, 0x00, 0x00,
    0x00, 0x00, 0x00, 0x7c, 0x00, 0x00, 0x00, 0x0d, 0x00, 0x00, 0x00, 0x04, 0x00, 0x00, 0x00, 0x04, 0x00, 0x00, 0x00, 0x0a,
    0x00, 0x00, 0x00, 0x00, 0x00, 0x00, 0x00, 0x00, 0x00, 0x00, 0x00, 0x7d, 0x00, 0x00, 0x00, 0x0c, 0x00, 0x00, 0x00, 0x08,
    0x00, 0x00, 0x00, 0x08, 0x00, 0x00, 0x00, 0x0a, 0x00, 0x00, 0x00, 0x00, 0x00, 0x00, 0x00, 0x00, 0x00, 0x00, 0x00, 0x7e,
    0x00, 0x00, 0x00, 0x06, 0x00, 0x00, 0x00, 0x0b, 0x00, 0x00, 0x00, 0x0b, 0x00, 0x00, 0x00, 0x06, 0x00, 0x00, 0x00, 0x00,
    0x00, 0x00, 0x00, 0x00, 0x00, 0x00, 0x00, 0xa0, 0x00, 0x00, 0x00, 0x00, 0x00, 0x00, 0x00, 0x00, 0x00, 0x00, 0x00, 0x04,
    0x00, 0x00, 0x00, 0x00, 0x00, 0x00, 0x00, 0x00, 0x00, 0x00, 0x00, 0x00, 0x00, 0x00, 0x00, 0xa1, 0x00, 0x00, 0x00, 0x09,
    0x00, 0x00, 0x00, 0x05, 0x00, 0x00, 0x00, 0x05, 0x00, 0x00, 0x00, 0x07, 0x00, 0x00, 0x00, 0x00, 0x00, 0x00, 0x00, 0x00,
    0x00, 0x00, 0x00, 0xa2, 0x00, 0x00, 0x00, 0x0b, 0x00, 0x00, 0x00, 0x08, 0x00, 0x00, 0x00, 0x08, 0x00, 0x00, 0x00, 0x09,
    0x00, 0x00, 0x00, 0x00, 0x00, 0x00, 0x00, 0x00, 0x00, 0x00, 0x00, 0xa3, 0x00, 0x00, 0x00, 0x09, 0x00, 0x00, 0x00, 0x08,
    0x00, 0x00, 0x00, 0x08, 0x00, 0x00, 0x00, 0x09, 0x00, 0x00, 0x00, 0x00, 0x00, 0x00, 0x00, 0x00, 0x00, 0x00, 0x00, 0xa4,
    0x00, 0x00, 0x00, 0x09, 0x00, 0x00, 0x00, 0x08, 0x00, 0x00, 0x00, 0x08, 0x00, 0x00, 0x00, 0x09, 0x00, 0x00, 0x00, 0x00,
    0x00, 0x00, 0x00, 0x00, 0x00, 0x00, 0x00, 0xa5, 0x00, 0x00, 0x00, 0x09, 0x00, 0x00, 0x00, 0x08, 0x00, 0x00, 0x00, 0x08,
    0x00, 0x00, 0x00, 0x09, 0x00, 0x00, 0x00, 0x00, 0x00, 0x00, 0x00, 0x00, 0x00, 0x00, 0x00, 0xa6, 0x00, 0x00, 0x00, 0x0c,
    0x00, 0x00, 0x00, 0x04, 0x00, 0x00, 0x00, 0x04, 0x00, 0x00, 0x00, 0x09, 0x00, 0x00, 0x00, 0x00, 0x00, 0x00, 0x00, 0x00,
    0x00, 0x00, 0x00, 0xa7, 0x00, 0x00, 0x00, 0x0a, 0x00, 0x00, 0x00, 0x07, 0x00, 0x00, 0x00, 0x07, 0x00, 0x00, 0x00, 0x09,
    0x00, 0x00, 0x00, 0x00, 0x00, 0x00, 0x00, 0x00, 0x00, 0x00, 0x00, 0xa8, 0x00, 0x00, 0x00, 0x0a, 0x00, 0x00, 0x00, 0x07,
    0x00, 0x00, 0x00, 0x07, 0x00, 0x00, 0x00, 0x0a, 0x00, 0x00, 0x00, 0x00, 0x00, 0x00, 0x00, 0x00, 0x00, 0x00, 0x00, 0xa9,
    0x00, 0x00, 0x00, 0x09, 0x00, 0x00, 0x00, 0x0d, 0x00, 0x00, 0x00, 0x0d, 0x00, 0x00, 0x00, 0x09, 0x00, 0x00, 0x00, 0x00,
    0x00, 0x00, 0x00, 0x00, 0x00, 0x00, 0x00, 0xaa, 0x00, 0x00, 0x00, 0x09, 0x00, 0x00, 0x00, 0x06, 0x00, 0x00, 0x00, 0x06,
    0x00, 0x00, 0x00, 0x09, 0x00, 0x00, 0x00, 0x00, 0x00, 0x00, 0x00, 0x00, 0x00, 0x00, 0x00, 0xab, 0x00, 0x00, 0x00, 0x07,
    0x00, 0x00, 0x00, 0x08, 0x00, 0x00, 0x00, 0x08, 0x00, 0x00, 0x00, 0x07, 0x00, 0x00, 0x00, 0x00, 0x00, 0x00, 0x00, 0x00,
    0x00, 0x00, 0x00, 0xac, 0x00, 0x00, 0x00, 0x05, 0x00, 0x00, 0x00, 0x0b, 0x00, 0x00, 0x00, 0x0b, 0x00, 0x00, 0x00, 0x05,
    0x00, 0x00, 0x00, 0x00, 0x00, 0x00, 0x00, 0x00, 0x00, 0x00, 0x00, 0xad, 0x00, 0x00, 0x00, 0x04, 0x00, 0x00, 0x00, 0x05,
    0x00, 0x00, 0x00, 0x05, 0x00, 0x00, 0x00, 0x04, 0x00, 0x00, 0x00, 0x00, 0x00, 0x00, 0x00, 0x00, 0x00, 0x00, 0x00, 0xae,
    0x00, 0x00, 0x00, 0x09, 0x00, 0x00, 0x00, 0x0d, 0x00, 0x00, 0x00, 0x0d, 0x00, 0x00, 0x00, 0x09, 0x00, 0x00, 0x00, 0x00,
    0x00, 0x00, 0x00, 0x00, 0x00, 0x00, 0x00, 0xaf, 0x00, 0x00, 0x00, 0x0a, 0x00, 0x00, 0x00, 0x07, 0x00, 0x00, 0x00, 0x07,
    0x00, 0x00, 0x00, 0x0a, 0x00, 0x00, 0x00, 0x00, 0x00, 0x00, 0x00, 0x00, 0x00, 0x00, 0x00, 0xb0, 0x00, 0x00, 0x00, 0x09,
    0x00, 0x00, 0x00, 0x07, 0x00, 0x00, 0x00, 0x07, 0x00, 0x00, 0x00, 0x09, 0x00, 0x00, 0x00, 0x00, 0x00, 0x00, 0x00, 0x00,
    0x00, 0x00, 0x00, 0xb1, 0x00, 0x00, 0x00, 0x08, 0x00, 0x00, 0x00, 0x0b, 0x00, 0x00, 0x00, 0x0b, 0x00, 0x00, 0x00, 0x08,
    0x00, 0x00, 0x00, 0x00, 0x00, 0x00, 0x00, 0x00, 0x00, 0x00, 0x00, 0xb2, 0x00, 0x00, 0x00, 0x09, 0x00, 0x00, 0x00, 0x05,
    0x00, 0x00, 0x00, 0x05, 0x00, 0x00, 0x00, 0x09, 0x00, 0x00, 0x00, 0x00, 0x00, 0x00, 0x00, 0x00, 0x00, 0x00, 0x00, 0xb3,
    0x00, 0x00, 0x00, 0x09, 0x00, 0x00, 0x00, 0x05, 0x00, 0x00, 0x00, 0x05, 0x00, 0x00, 0x00, 0x09, 0x00, 0x00, 0x00, 0x00,
    0x00, 0x00, 0x00, 0x00, 0x00, 0x00, 0x00, 0xb4, 0x00, 0x00, 0x00, 0x0a, 0x00, 0x00, 0x00, 0x07, 0x00, 0x00, 0x00, 0x07,
    0x00, 0x00, 0x00, 0x0a, 0x00, 0x00, 0x00, 0x00, 0x00, 0x00, 0x00, 0x00, 0x00, 0x00, 0x00, 0xb5, 0x00, 0x00, 0x00, 0x0a,
    0x00, 0x00, 0x00, 0x08, 0x00, 0x00, 0x00, 0x08, 0x00, 0x00, 0x00, 0x07, 0x00, 0x00, 0x00, 0x00, 0x00, 0x00, 0x00, 0x00,
    0x00, 0x00, 0x00, 0xb6, 0x00, 0x00, 0x00, 0x0a, 0x00, 0x00, 0x00, 0x08, 0x00, 0x00, 0x00, 0x08, 0x00, 0x00, 0x00, 0x09,
    0x00, 0x00, 0x00, 0x00, 0x00, 0x00, 0x00, 0x00, 0x00, 0x00, 0x00, 0xb7, 0x00, 0x00, 0x00, 0x05, 0x00, 0x00, 0x00, 0x04,
    0x00, 0x00, 0x00, 0x04, 0x00, 0x00, 0x00, 0x05, 0x00, 0x00, 0x00, 0x00, 0x00, 0x00, 0x00, 0x00, 0x00, 0x00, 0x00, 0xb8,
    0x00, 0x00, 0x00, 0x03, 0x00, 0x00, 0x00, 0x07, 0x00, 0x00, 0x00, 0x07, 0x00, 0x00, 0x00, 0x00, 0x00, 0x00, 0x00, 0x00,
    0x00, 0x00, 0x00, 0x00, 0x00, 0x00, 0x00, 0xb9, 0x00, 0x00, 0x00, 0x09, 0x00, 0x00, 0x00, 0x05, 0x00, 0x00, 0x00, 0x05,
    0x00, 0x00, 0x00, 0x09, 0x00, 0x00, 0x00, 0x00, 0x00, 0x00, 0x00, 0x00, 0x00, 0x00, 0x00, 0xba, 0x00, 0x00, 0x00, 0x09,
    0x00, 0x00, 0x00, 0x06, 0x00, 0x00, 0x00, 0x06, 0x00, 0x00, 0x00, 0x09, 0x00, 0x00, 0x00, 0x00, 0x00, 0x00, 0x00, 0x00,
    0x00, 0x00, 0x00, 0xbb, 0x00, 0x00, 0x00, 0x07, 0x00, 0x00, 0x00, 0x08, 0x00, 0x00, 0x00, 0x08, 0x00, 0x00, 0x00, 0x07,
    0x00, 0x00, 0x00, 0x00, 0x00, 0x00, 0x00, 0x00, 0x00, 0x00, 0x00, 0xbc, 0x00, 0x00, 0x00, 0x09, 0x00, 0x00, 0x00, 0x0d,
    0x00, 0x00, 0x00, 0x0d, 0x00, 0x00, 0x00, 0x09, 0x00, 0x00, 0x00, 0x00, 0x00, 0x00, 0x00, 0x00, 0x00, 0x00, 0x00, 0xbd,
    0x00, 0x00, 0x00, 0x09, 0x00, 0x00, 0x00, 0x0d, 0x00, 0x00, 0x00, 0x0d, 0x00, 0x00, 0x00, 0x09, 0x00, 0x00, 0x00, 0x00,
    0x00, 0x00, 0x00, 0x00, 0x00, 0x00, 0x00, 0xbe, 0x00, 0x00, 0x00, 0x09, 0x00, 0x00, 0x00, 0x0d, 0x00, 0x00, 0x00, 0x0d,
    0x00, 0x00, 0x00, 0x09, 0x00, 0x00, 0x00, 0x00, 0x00, 0x00, 0x00, 0x00, 0x00, 0x00, 0x00, 0xbf, 0x00, 0x00, 0x00, 0x0a,
    0x00, 0x00, 0x00, 0x07, 0x00, 0x00, 0x00, 0x07, 0x00, 0x00, 0x00, 0x07, 0x00, 0x00, 0x00, 0x00, 0x00, 0x00, 0x00, 0x00,
    0x00, 0x00, 0x00, 0xc0, 0x00, 0x00, 0x00, 0x0c, 0x00, 0x00, 0x00, 0x09, 0x00, 0x00, 0x00, 0x09, 0x00, 0x00, 0x00, 0x0c,
    0x00, 0x00, 0x00, 0x00, 0x00, 0x00, 0x00, 0x00, 0x00, 0x00, 0x00, 0xc1, 0x00, 0x00, 0x00, 0x0c, 0x00, 0x00, 0x00, 0x09,
    0x00, 0x00, 0x00, 0x09, 0x00, 0x00, 0x00, 0x0c, 0x00, 0x00, 0x00, 0x00, 0x00, 0x00, 0x00, 0x00, 0x00, 0x00, 0x00, 0xc2,
    0x00, 0x00, 0x00, 0x0c, 0x00, 0x00, 0x00, 0x09, 0x00, 0x00, 0x00, 0x09, 0x00, 0x00, 0x00, 0x0c, 0x00, 0x00, 0x00, 0x00,
    0x00, 0x00, 0x00, 0x00, 0x00, 0x00, 0x00, 0xc3, 0x00, 0x00, 0x00, 0x0c, 0x00, 0x00, 0x00, 0x09, 0x00, 0x00, 0x00, 0x09,
    0x00, 0x00, 0x00, 0x0c, 0x00, 0x00, 0x00, 0x00, 0x00, 0x00, 0x00, 0x00, 0x00, 0x00, 0x00, 0xc4, 0x00, 0x00, 0x00, 0x0b,
    0x00, 0x00, 0x00, 0x09, 0x00, 0x00, 0x00, 0x09, 0x00, 0x00, 0x00, 0x0b, 0x00, 0x00, 0x00, 0x00, 0x00, 0x00, 0x00, 0x00,
    0x00, 0x00, 0x00, 0xc5, 0x00, 0x00, 0x00, 0x0c, 0x00, 0x00, 0x00, 0x09, 0x00, 0x00, 0x00, 0x09, 0x00, 0x00, 0x00, 0x0c,
    0x00, 0x00, 0x00, 0x00, 0x00, 0x00, 0x00, 0x00, 0x00, 0x00, 0x00, 0xc6, 0x00, 0x00, 0x00, 0x09, 0x00, 0x00, 0x00, 0x0d,
    0x00, 0x00, 0x00, 0x0d, 0x00, 0x00, 0x00, 0x09, 0x00, 0x00, 0x00, 0x00, 0x00, 0x00, 0x00, 0x00, 0x00, 0x00, 0x00, 0xc7,
    0x00, 0x00, 0x00, 0x0c, 0x00, 0x00, 0x00, 0x09, 0x00, 0x00, 0x00, 0x09, 0x00, 0x00, 0x00, 0x09, 0x00, 0x00, 0x00, 0x00,
    0x00, 0x00, 0x00, 0x00, 0x00, 0x00, 0x00, 0xc8, 0x00, 0x00, 0x00, 0x0c, 0x00, 0x00, 0x00, 0x08, 0x00, 0x00, 0x00, 0x08,
    0x00, 0x00, 0x00, 0x0c, 0x00, 0x00, 0x00, 0x00, 0x00, 0x00, 0x00, 0x00, 0x00, 0x00, 0x00, 0xc9, 0x00, 0x00, 0x00, 0x0c,
    0x00, 0x00, 0x00, 0x08, 0x00, 0x00, 0x00, 0x08, 0x00, 0x00, 0x00, 0x0c, 0x00, 0x00, 0x00, 0x00, 0x00, 0x00, 0x00, 0x00,
    0x00, 0x00, 0x00, 0xca, 0x00, 0x00, 0x00, 0x0c, 0x00, 0x00, 0x00, 0x08, 0x00, 0x00, 0x00, 0x08, 0x00, 0x00, 0x00, 0x0c,
    0x00, 0x00, 0x00, 0x00, 0x00, 0x00, 0x00, 0x00, 0x00, 0x00, 0x00, 0xcb, 0x00, 0x00, 0x00, 0x0b, 0x00, 0x00, 0x00, 0x08,
    0x00, 0x00, 0x00, 0x08, 0x00, 0x00, 0x00, 0x0b, 0x00, 0x00, 0x00, 0x00, 0x00, 0x00, 0x00, 0x00, 0x00, 0x00, 0x00, 0xcc,
    0x00, 0x00, 0x00, 0x0c, 0x00, 0x00, 0x00, 0x04, 0x00, 0x00, 0x00, 0x04, 0x00, 0x00, 0x00, 0x0c, 0x00, 0x00, 0x00, 0x00,
    0x00, 0x00, 0x00, 0x00, 0x00, 0x00, 0x00, 0xcd, 0x00, 0x00, 0x00, 0x0c, 0x00, 0x00, 0x00, 0x04, 0x00, 0x00, 0x00, 0x04,
    0x00, 0x00, 0x00, 0x0c, 0x00, 0x00, 0x00, 0x00, 0x00, 0x00, 0x00, 0x00, 0x00, 0x00, 0x00, 0xce, 0x00, 0x00, 0x00, 0x0c,
    0x00, 0x00, 0x00, 0x05, 0x00, 0x00, 0x00, 0x04, 0x00, 0x00, 0x00, 0x0c, 0xff, 0xff, 0xff, 0xff, 0x00, 0x00, 0x00, 0x00,
    0x00, 0x00, 0x00, 0xcf, 0x00, 0x00, 0x00, 0x0b, 0x00, 0x00, 0x00, 0x04, 0x00, 0x00, 0x00, 0x04, 0x00, 0x00, 0x00, 0x0b,
    0x00, 0x00, 0x00, 0x00, 0x00, 0x00, 0x00, 0x00, 0x00, 0x00, 0x00, 0xd0, 0x00, 0x00, 0x00, 0x09, 0x00, 0x00, 0x00, 0x0a,
    0x00, 0x00, 0x00, 0x0a, 0x00, 0x00, 0x00, 0x09, 0x00, 0x00, 0x00, 0x00, 0x00, 0x00, 0x00, 0x00, 0x00, 0x00, 0x00, 0xd1,
    0x00, 0x00, 0x00, 0x0c, 0x00, 0x00, 0x00, 0x0a, 0x00, 0x00, 0x00, 0x0a, 0x00, 0x00, 0x00, 0x0c, 0x00, 0x00, 0x00, 0x00,
    0x00, 0x00, 0x00, 0x00, 0x00, 0x00, 0x00, 0xd2, 0x00, 0x00, 0x00, 0x0c, 0x00, 0x00, 0x00, 0x0a, 0x00, 0x00, 0x00, 0x0a,
    0x00, 0x00, 0x00, 0x0c, 0x00, 0x00, 0x00, 0x00, 0x00, 0x00, 0x00, 0x00, 0x00, 0x00, 0x00, 0xd3, 0x00, 0x00, 0x00, 0x0c,
    0x00, 0x00, 0x00, 0x0a, 0x00, 0x00, 0x00, 0x0a, 0x00, 0x00, 0x00, 0x0c, 0x00, 0x00, 0x00, 0x00, 0x00, 0x00, 0x00, 0x00,
    0x00, 0x00, 0x00, 0xd4, 0x00, 0x00, 0x00, 0x0c, 0x00, 0x00, 0x00, 0x0a, 0x00, 0x00, 0x00, 0x0a, 0x00, 0x00, 0x00, 0x0c,
    0x00, 0x00, 0x00, 0x00, 0x00, 0x00, 0x00, 0x00, 0x00, 0x00, 0x00, 0xd5, 0x00, 0x00, 0x00, 0x0c, 0x00, 0x00, 0x00, 0x0a,
    0x00, 0x00, 0x00, 0x0a, 0x00, 0x00, 0x00, 0x0c, 0x00, 0x00, 0x00, 0x00, 0x00, 0x00, 0x00, 0x00, 0x00, 0x00, 0x00, 0xd6,
    0x00, 0x00, 0x00, 0x0b, 0x00, 0x00, 0x00, 0x0a, 0x00, 0x00, 0x00, 0x0a, 0x00, 0x00, 0x00, 0x0b, 0x00, 0x00, 0x00, 0x00,
    0x00, 0x00, 0x00, 0x00, 0x00, 0x00, 0x00, 0xd7, 0x00, 0x00, 0x00, 0x08, 0x00, 0x00, 0x00, 0x0b, 0x00, 0x00, 0x00, 0x0b,
    0x00, 0x00, 0x00, 0x08, 0x00, 0x00, 0x00, 0x00, 0x00, 0x00, 0x00, 0x00, 0x00, 0x00, 0x00, 0xd8, 0x00, 0x00, 0x00, 0x0b,
    0x00, 0x00, 0x00, 0x0a, 0x00, 0x00, 0x00, 0x0a, 0x00, 0x00, 0x00, 0x0a, 0x00, 0x00, 0x00, 0x00, 0x00, 0x00, 0x00, 0x00,
    0x00, 0x00, 0x00, 0xd9, 0x00, 0x00, 0x00, 0x0c, 0x00, 0x00, 0x00, 0x0a, 0x00, 0x00, 0x00, 0x0a, 0x00, 0x00, 0x00, 0x0c,
    0x00, 0x00, 0x00, 0x00, 0x00, 0x00, 0x00, 0x00, 0x00, 0x00, 0x00, 0xda, 0x00, 0x00, 0x00, 0x0c, 0x00, 0x00, 0x00, 0x0a,
    0x00, 0x00, 0x00, 0x0a, 0x00, 0x00, 0x00, 0x0c, 0x00, 0x00, 0x00, 0x00, 0x00, 0x00, 0x00, 0x00, 0x00, 0x00, 0x00, 0xdb,
    0x00, 0x00, 0x00, 0x0c, 0x00, 0x00, 0x00, 0x0a, 0x00, 0x00, 0x00, 0x0a, 0x00, 0x00, 0x00, 0x0c, 0x00, 0x00, 0x00, 0x00,
    0x00, 0x00, 0x00, 0x00, 0x00, 0x00, 0x00, 0xdc, 0x00, 0x00, 0x00, 0x0b, 0x00, 0x00, 0x00, 0x0a, 0x00, 0x00, 0x00, 0x0a,
    0x00, 0x00, 0x00, 0x0b, 0x00, 0x00, 0x00, 0x00, 0x00, 0x00, 0x00, 0x00, 0x00, 0x00, 0x00, 0xdd, 0x00, 0x00, 0x00, 0x0c,
    0x00, 0x00, 0x00, 0x09, 0x00, 0x00, 0x00, 0x08, 0x00, 0x00, 0x00, 0x0c, 0xff, 0xff, 0xff, 0xff, 0x00, 0x00, 0x00, 0x00,
    0x00, 0x00, 0x00, 0xde, 0x00, 0x00, 0x00, 0x09, 0x00, 0x00, 0x00, 0x08, 0x00, 0x00, 0x00, 0x08, 0x00, 0x00, 0x00, 0x09,
    0x00, 0x00, 0x00, 0x00, 0x00, 0x00, 0x00, 0x00, 0x00, 0x00, 0x00, 0xdf, 0x00, 0x00, 0x00, 0x0b, 0x00, 0x00, 0x00, 0x08,
    0x00, 0x00, 0x00, 0x08, 0x00, 0x00, 0x00, 0x0b, 0x00, 0x00, 0x00, 0x00, 0x00, 0x00, 0x00, 0x00, 0x00, 0x00, 0x00, 0xe0,
    0x00, 0x00, 0x00, 0x0a, 0x00, 0x00, 0x00, 0x08, 0x00, 0x00, 0x00, 0x08, 0x00, 0x00, 0x00, 0x0a, 0x00, 0x00, 0x00, 0x00,
    0x00, 0x00, 0x00, 0x00, 0x00, 0x00, 0x00, 0xe1, 0x00, 0x00, 0x00, 0x0a, 0x00, 0x00, 0x00, 0x08, 0x00, 0x00, 0x00, 0x08,
    0x00, 0x00, 0x00, 0x0a, 0x00, 0x00, 0x00, 0x00, 0x00, 0x00, 0x00, 0x00, 0x00, 0x00, 0x00, 0xe2, 0x00, 0x00, 0x00, 0x0a,
    0x00, 0x00, 0x00, 0x08, 0x00, 0x00, 0x00, 0x08, 0x00, 0x00, 0x00, 0x0a, 0x00, 0x00, 0x00, 0x00, 0x00, 0x00, 0x00, 0x00,
    0x00, 0x00, 0x00, 0xe3, 0x00, 0x00, 0x00, 0x0a, 0x00, 0x00, 0x00, 0x08, 0x00, 0x00, 0x00, 0x08, 0x00, 0x00, 0x00, 0x0a,
    0x00, 0x00, 0x00, 0x00, 0x00, 0x00, 0x00, 0x00, 0x00, 0x00, 0x00, 0xe4, 0x00, 0x00, 0x00, 0x0a, 0x00, 0x00, 0x00, 0x08,
    0x00, 0x00, 0x00, 0x08, 0x00, 0x00, 0x00, 0x0a, 0x00, 0x00, 0x00, 0x00, 0x00, 0x00, 0x00, 0x00, 0x00, 0x00, 0x00, 0xe5,
    0x00, 0x00, 0x00, 0x0c, 0x00, 0x00, 0x00, 0x08, 0x00, 0x00, 0x00, 0x08, 0x00, 0x00, 0x00, 0x0c, 0x00, 0x00, 0x00, 0x00,
    0x00, 0x00, 0x00, 0x00, 0x00, 0x00, 0x00, 0xe6, 0x00, 0x00, 0x00, 0x07, 0x00, 0x00, 0x00, 0x0d, 0x00, 0x00, 0x00, 0x0d,
    0x00, 0x00, 0x00, 0x07, 0x00, 0x00, 0x00, 0x00, 0x00, 0x00, 0x00, 0x00, 0x00, 0x00, 0x00, 0xe7, 0x00, 0x00, 0x00, 0x0a,
    0x00, 0x00, 0x00, 0x07, 0x00, 0x00, 0x00, 0x07, 0x00, 0x00, 0x00, 0x07, 0x00, 0x00, 0x00, 0x00, 0x00, 0x00, 0x00, 0x00,
    0x00, 0x00, 0x00, 0xe8, 0x00, 0x00, 0x00, 0x0a, 0x00, 0x00, 0x00, 0x08, 0x00, 0x00, 0x00, 0x08, 0x00, 0x00, 0x00, 0x0a,
    0x00, 0x00, 0x00, 0x00, 0x00, 0x00, 0x00, 0x00, 0x00, 0x00, 0x00, 0xe9, 0x00, 0x00, 0x00, 0x0a, 0x00, 0x00, 0x00, 0x08,
    0x00, 0x00, 0x00, 0x08, 0x00, 0x00, 0x00, 0x0a, 0x00, 0x00, 0x00, 0x00, 0x00, 0x00, 0x00, 0x00, 0x00, 0x00, 0x00, 0xea,
    0x00, 0x00, 0x00, 0x0a, 0x00, 0x00, 0x00, 0x08, 0x00, 0x00, 0x00, 0x08, 0x00, 0x00, 0x00, 0x0a, 0x00, 0x00, 0x00, 0x00,
    0x00, 0x00, 0x00, 0x00, 0x00, 0x00, 0x00, 0xeb, 0x00, 0x00, 0x00, 0x0a, 0x00, 0x00, 0x00, 0x08, 0x00, 0x00, 0x00, 0x08,
    0x00, 0x00, 0x00, 0x0a, 0x00, 0x00, 0x00, 0x00, 0x00, 0x00, 0x00, 0x00, 0x00, 0x00, 0x00, 0xec, 0x00, 0x00, 0x00, 0x0a,
    0x00, 0x00, 0x00, 0x05, 0x00, 0x00, 0x00, 0x04, 0x00, 0x00, 0x00, 0x0a, 0xff, 0xff, 0xff, 0xff, 0x00, 0x00, 0x00, 0x00,
    0x00, 0x00, 0x00, 0xed, 0x00, 0x00, 0x00, 0x0a, 0x00, 0x00, 0x00, 0x04, 0x00, 0x00, 0x00, 0x04, 0x00, 0x00, 0x00, 0x0a,
    0x00, 0x00, 0x00, 0x00, 0x00, 0x00, 0x00, 0x00, 0x00, 0x00, 0x00, 0xee, 0x00, 0x00, 0x00, 0x0a, 0x00, 0x00, 0x00, 0x05,
    0x00, 0x00, 0x00, 0x04, 0x00, 0x00, 0x00, 0x0a, 0xff, 0xff, 0xff, 0xff, 0x00, 0x00, 0x00, 0x00, 0x00, 0x00, 0x00, 0xef,
    0x00, 0x00, 0x00, 0x0a, 0x00, 0x00, 0x00, 0x05, 0x00, 0x00, 0x00, 0x04, 0x00, 0x00, 0x00, 0x0a, 0xff, 0xff, 0xff, 0xff,
    0x00, 0x00, 0x00, 0x00, 0x00, 0x00, 0x00, 0xf0, 0x00, 0x00, 0x00, 0x0a, 0x00, 0x00, 0x00, 0x08, 0x00, 0x00, 0x00, 0x08,
    0x00, 0x00, 0x00, 0x0a, 0x00, 0x00, 0x00, 0x00, 0x00, 0x00, 0x00, 0x00, 0x00, 0x00, 0x00, 0xf1, 0x00, 0x00, 0x00, 0x0a,
    0x00, 0x00, 0x00, 0x08, 0x00, 0x00, 0x00, 0x08, 0x00, 0x00, 0x00, 0x0a, 0x00, 0x00, 0x00, 0x00, 0x00, 0x00, 0x00, 0x00,
    0x00, 0x00, 0x00, 0xf2, 0x00, 0x00, 0x00, 0x0a, 0x00, 0x00, 0x00, 0x08, 0x00, 0x00, 0x00, 0x08, 0x00, 0x00, 0x00, 0x0a,
    0x00, 0x00, 0x00, 0x00, 0x00, 0x00, 0x00, 0x00, 0x00, 0x00, 0x00, 0xf3, 0x00, 0x00, 0x00, 0x0a, 0x00, 0x00, 0x00, 0x08,
    0x00, 0x00, 0x00, 0x08, 0x00, 0x00, 0x00, 0x0a, 0x00, 0x00, 0x00, 0x00, 0x00, 0x00, 0x00, 0x00, 0x00, 0x00, 0x00, 0xf4,
    0x00, 0x00, 0x00, 0x0a, 0x00, 0x00, 0x00, 0x08, 0x00, 0x00, 0x00, 0x08, 0x00, 0x00, 0x00, 0x0a, 0x00, 0x00, 0x00, 0x00,
    0x00, 0x00, 0x00, 0x00, 0x00, 0x00, 0x00, 0xf5, 0x00, 0x00, 0x00, 0x0a, 0x00, 0x00, 0x00, 0x08, 0x00, 0x00, 0x00, 0x08,
    0x00, 0x00, 0x00, 0x0a, 0x00, 0x00, 0x00, 0x00, 0x00, 0x00, 0x00, 0x00, 0x00, 0x00, 0x00, 0xf6, 0x00, 0x00, 0x00, 0x0a,
    0x00, 0x00, 0x00, 0x08, 0x00, 0x00, 0x00, 0x08, 0x00, 0x00, 0x00, 0x0a, 0x00, 0x00, 0x00, 0x00, 0x00, 0x00, 0x00, 0x00,
    0x00, 0x00, 0x00, 0xf7, 0x00, 0x00, 0x00, 0x08, 0x00, 0x00, 0x00, 0x0b, 0x00, 0x00, 0x00, 0x0b, 0x00, 0x00, 0x00, 0x08,
    0x00, 0x00, 0x00, 0x00, 0x00, 0x00, 0x00, 0x00, 0x00, 0x00, 0x00, 0xf8, 0x00, 0x00, 0x00, 0x09, 0x00, 0x00, 0x00, 0x08,
    0x00, 0x00, 0x00, 0x08, 0x00, 0x00, 0x00, 0x08, 0x00, 0x00, 0x00, 0x00, 0x00, 0x00, 0x00, 0x00, 0x00, 0x00, 0x00, 0xf9,
    0x00, 0x00, 0x00, 0x0a, 0x00, 0x00, 0x00, 0x08, 0x00, 0x00, 0x00, 0x08, 0x00, 0x00, 0x00, 0x0a, 0x00, 0x00, 0x00, 0x00,
    0x00, 0x00, 0x00, 0x00, 0x00, 0x00, 0x00, 0xfa, 0x00, 0x00, 0x00, 0x0a, 0x00, 0x00, 0x00, 0x08, 0x00, 0x00, 0x00, 0x08,
    0x00, 0x00, 0x00, 0x0a, 0x00, 0x00, 0x00, 0x00, 0x00, 0x00, 0x00, 0x00, 0x00, 0x00, 0x00, 0xfb, 0x00, 0x00, 0x00, 0x0a,
    0x00, 0x00, 0x00, 0x08, 0x00, 0x00, 0x00, 0x08, 0x00, 0x00, 0x00, 0x0a, 0x00, 0x00, 0x00, 0x00, 0x00, 0x00, 0x00, 0x00,
    0x00, 0x00, 0x00, 0xfc, 0x00, 0x00, 0x00, 0x0a, 0x00, 0x00, 0x00, 0x08, 0x00, 0x00, 0x00, 0x08, 0x00, 0x00, 0x00, 0x0a,
    0x00, 0x00, 0x00, 0x00, 0x00, 0x00, 0x00, 0x00, 0x00, 0x00, 0x00, 0xfd, 0x00, 0x00, 0x00, 0x0d, 0x00, 0x00, 0x00, 0x08,
    0x00, 0x00, 0x00, 0x08, 0x00, 0x00, 0x00, 0x0a, 0x00, 0x00, 0x00, 0x00, 0x00, 0x00, 0x00, 0x00, 0x00, 0x00, 0x00, 0xfe,
    0x00, 0x00, 0x00, 0x0e, 0x00, 0x00, 0x00, 0x08, 0x00, 0x00, 0x00, 0x08, 0x00, 0x00, 0x00, 0x0b, 0x00, 0x00, 0x00, 0x00,
    0x00, 0x00, 0x00, 0x00, 0x00, 0x00, 0x00, 0xff, 0x00, 0x00, 0x00, 0x0d, 0x00, 0x00, 0x00, 0x08, 0x00, 0x00, 0x00, 0x08,
    0x00, 0x00, 0x00, 0x0a, 0x00, 0x00, 0x00, 0x00, 0x00, 0x00, 0x00, 0x00, 0x00, 0x00, 0x01, 0x04, 0x00, 0x00, 0x00, 0x0c,
    0x00, 0x00, 0x00, 0x0a, 0x00, 0x00, 0x00, 0x09, 0x00, 0x00, 0x00, 0x09, 0x00, 0x00, 0x00, 0x00, 0x00, 0x00, 0x00, 0x00,
    0x00, 0x00, 0x01, 0x05, 0x00, 0x00, 0x00, 0x0a, 0x00, 0x00, 0x00, 0x08, 0x00, 0x00, 0x00, 0x08, 0x00, 0x00, 0x00, 0x07,
    0x00, 0x00, 0x00, 0x00, 0x00, 0x00, 0x00, 0x00, 0x00, 0x00, 0x01, 0x06, 0x00, 0x00, 0x00, 0x0c, 0x00, 0x00, 0x00, 0x09,
    0x00, 0x00, 0x00, 0x09, 0x00, 0x00, 0x00, 0x0c, 0x00, 0x00, 0x00, 0x00, 0x00, 0x00, 0x00, 0x00, 0x00, 0x00, 0x01, 0x07,
    0x00, 0x00, 0x00, 0x0a, 0x00, 0x00, 0x00, 0x07, 0x00, 0x00, 0x00, 0x07, 0x00, 0x00, 0x00, 0x0a, 0x00, 0x00, 0x00, 0x00,
    0x00, 0x00, 0x00, 0x00, 0x00, 0x00, 0x01, 0x0c, 0x00, 0x00, 0x00, 0x0c, 0x00, 0x00, 0x00, 0x09, 0x00, 0x00, 0x00, 0x09,
    0x00, 0x00, 0x00, 0x0c, 0x00, 0x00, 0x00, 0x00, 0x00, 0x00, 0x00, 0x00, 0x00, 0x00, 0x01, 0x0d, 0x00, 0x00, 0x00, 0x0a,
    0x00, 0x00, 0x00, 0x07, 0x00, 0x00, 0x00, 0x07, 0x00, 0x00, 0x00, 0x0a, 0x00, 0x00, 0x00, 0x00, 0x00, 0x00, 0x00, 0x00,
    0x00, 0x00, 0x01, 0x18, 0x00, 0x00, 0x00, 0x0c, 0x00, 0x00, 0x00, 0x08, 0x00, 0x00, 0x00, 0x08, 0x00, 0x00, 0x00, 0x09,
    0x00, 0x00, 0x00, 0x00, 0x00, 0x00, 0x00, 0x00, 0x00, 0x00, 0x01, 0x19, 0x00, 0x00, 0x00, 0x0a, 0x00, 0x00, 0x00, 0x08,
    0x00, 0x00, 0x00, 0x08, 0x00, 0x00, 0x00, 0x07, 0x00, 0x00, 0x00, 0x00, 0x00, 0x00, 0x00, 0x00, 0x00, 0x00, 0x01, 0x1a,
    0x00, 0x00, 0x00, 0x0c, 0x00, 0x00, 0x00, 0x08, 0x00, 0x00, 0x00, 0x08, 0x00, 0x00, 0x00, 0x0c, 0x00, 0x00, 0x00, 0x00,
    0x00, 0x00, 0x00, 0x00, 0x00, 0x00, 0x01, 0x1b, 0x00, 0x00, 0x00, 0x0a, 0x00, 0x00, 0x00, 0x08, 0x00, 0x00, 0x00, 0x08,
    0x00, 0x00, 0x00, 0x0a, 0x00, 0x00, 0x00, 0x00, 0x00, 0x00, 0x00, 0x00, 0x00, 0x00, 0x01, 0x31, 0x00, 0x00, 0x00, 0x07,
    0x00, 0x00, 0x00, 0x04, 0x00, 0x00, 0x00, 0x04, 0x00, 0x00, 0x00, 0x07, 0x00, 0x00, 0x00, 0x00, 0x00, 0x00, 0x00, 0x00,
    0x00, 0x00, 0x01, 0x41, 0x00, 0x00, 0x00, 0x09, 0x00, 0x00, 0x00, 0x09, 0x00, 0x00, 0x00, 0x07, 0x00, 0x00, 0x00, 0x09,
    0xff, 0xff, 0xff, 0xff, 0x00, 0x00, 0x00, 0x00, 0x00, 0x00, 0x01, 0x42, 0x00, 0x00, 0x00, 0x0b, 0x00, 0x00, 0x00, 0x04,
    0x00, 0x00, 0x00, 0x04, 0x00, 0x00, 0x00, 0x0b, 0x00, 0x00, 0x00, 0x00, 0x00, 0x00, 0x00, 0x00, 0x00, 0x00, 0x01, 0x43,
    0x00, 0x00, 0x00, 0x0c, 0x00, 0x00, 0x00, 0x0a, 0x00, 0x00, 0x00, 0x0a, 0x00, 0x00, 0x00, 0x0c, 0x00, 0x00, 0x00, 0x00,
    0x00, 0x00, 0x00, 0x00, 0x00, 0x00, 0x01, 0x44, 0x00, 0x00, 0x00, 0x0a, 0x00, 0x00, 0x00, 0x08, 0x00, 0x00, 0x00, 0x08,
    0x00, 0x00, 0x00, 0x0a, 0x00, 0x00, 0x00, 0x00, 0x00, 0x00, 0x00, 0x00, 0x00, 0x00, 0x01, 0x47, 0x00, 0x00, 0x00, 0x0c,
    0x00, 0x00, 0x00, 0x0a, 0x00, 0x00, 0x00, 0x0a, 0x00, 0x00, 0x00, 0x0c, 0x00, 0x00, 0x00, 0x00, 0x00, 0x00, 0x00, 0x00,
    0x00, 0x00, 0x01, 0x48, 0x00, 0x00, 0x00, 0x0a, 0x00, 0x00, 0x00, 0x08, 0x00, 0x00, 0x00, 0x08, 0x00, 0x00, 0x00, 0x0a,
    0x00, 0x00, 0x00, 0x00, 0x00, 0x00, 0x00, 0x00, 0x00, 0x00, 0x01, 0x50, 0x00, 0x00, 0x00, 0x0c, 0x00, 0x00, 0x00, 0x0a,
    0x00, 0x00, 0x00, 0x0a, 0x00, 0x00, 0x00, 0x0c, 0x00, 0x00, 0x00, 0x00, 0x00, 0x00, 0x00, 0x00, 0x00, 0x00, 0x01, 0x51,
    0x00, 0x00, 0x00, 0x0a, 0x00, 0x00, 0x00, 0x08, 0x00, 0x00, 0x00, 0x08, 0x00, 0x00, 0x00, 0x0a, 0x00, 0x00, 0x00, 0x00,
    0x00, 0x00, 0x00, 0x00, 0x00, 0x00, 0x01, 0x52, 0x00, 0x00, 0x00, 0x09, 0x00, 0x00, 0x00, 0x0e, 0x00, 0x00, 0x00, 0x0e,
    0x00, 0x00, 0x00, 0x09, 0x00, 0x00, 0x00, 0x00, 0x00, 0x00, 0x00, 0x00, 0x00, 0x00, 0x01, 0x53, 0x00, 0x00, 0x00, 0x07,
    0x00, 0x00, 0x00, 0x0d, 0x00, 0x00, 0x00, 0x0d, 0x00, 0x00, 0x00, 0x07, 0x00, 0x00, 0x00, 0x00, 0x00, 0x00, 0x00, 0x00,
    0x00, 0x00, 0x01, 0x58, 0x00, 0x00, 0x00, 0x0c, 0x00, 0x00, 0x00, 0x09, 0x00, 0x00, 0x00, 0x09, 0x00, 0x00, 0x00, 0x0c,
    0x00, 0x00, 0x00, 0x00, 0x00, 0x00, 0x00, 0x00, 0x00, 0x00, 0x01, 0x59, 0x00, 0x00, 0x00, 0x0a, 0x00, 0x00, 0x00, 0x06,
    0x00, 0x00, 0x00, 0x05, 0x00, 0x00, 0x00, 0x0a, 0x00, 0x00, 0x00, 0x00, 0x00, 0x00, 0x00, 0x00, 0x00, 0x00, 0x01, 0x5a,
    0x00, 0x00, 0x00, 0x0c, 0x00, 0x00, 0x00, 0x08, 0x00, 0x00, 0x00, 0x08, 0x00, 0x00, 0x00, 0x0c, 0x00, 0x00, 0x00, 0x00,
    0x00, 0x00, 0x00, 0x00, 0x00, 0x00, 0x01, 0x5b, 0x00, 0x00, 0x00, 0x0a, 0x00, 0x00, 0x00, 0x07, 0x00, 0x00, 0x00, 0x07,
    0x00, 0x00, 0x00, 0x0a, 0x00, 0x00, 0x00, 0x00, 0x00, 0x00, 0x00, 0x00, 0x00, 0x00, 0x01, 0x60, 0x00, 0x00, 0x00, 0x0c,
    0x00, 0x00, 0x00, 0x08, 0x00, 0x00, 0x00, 0x08, 0x00, 0x00, 0x00, 0x0c, 0x00, 0x00, 0x00, 0x00, 0x00, 0x00, 0x00, 0x00,
    0x00, 0x00, 0x01, 0x61, 0x00, 0x00, 0x00, 0x0a, 0x00, 0x00, 0x00, 0x07, 0x00, 0x00, 0x00, 0x07, 0x00, 0x00, 0x00, 0x0a,
    0x00, 0x00, 0x00, 0x00, 0x00, 0x00, 0x00, 0x00, 0x00, 0x00, 0x01, 0x64, 0x00, 0x00, 0x00, 0x0c, 0x00, 0x00, 0x00, 0x09,
    0x00, 0x00, 0x00, 0x08, 0x00, 0x00, 0x00, 0x0c, 0xff, 0xff, 0xff, 0xff, 0x00, 0x00, 0x00, 0x00, 0x00, 0x00, 0x01, 0x65,
    0x00, 0x00, 0x00, 0x0a, 0x00, 0x00, 0x00, 0x05, 0x00, 0x00, 0x00, 0x05, 0x00, 0x00, 0x00, 0x0a, 0x00, 0x00, 0x00, 0x00,
    0x00, 0x00, 0x00, 0x00, 0x00, 0x00, 0x01, 0x6e, 0x00, 0x00, 0x00, 0x0d, 0x00, 0x00, 0x00, 0x0a, 0x00, 0x00, 0x00, 0x0a,
    0x00, 0x00, 0x00, 0x0d, 0x00, 0x00, 0x00, 0x00, 0x00, 0x00, 0x00, 0x00, 0x00, 0x00, 0x01, 0x6f, 0x00, 0x00, 0x00, 0x0c,
    0x00, 0x00, 0x00, 0x08, 0x00, 0x00, 0x00, 0x08, 0x00, 0x00, 0x00, 0x0c, 0x00, 0x00, 0x00, 0x00, 0x00, 0x00, 0x00, 0x00,
    0x00, 0x00, 0x01, 0x70, 0x00, 0x00, 0x00, 0x0c, 0x00, 0x00, 0x00, 0x0a, 0x00, 0x00, 0x00, 0x0a, 0x00, 0x00, 0x00, 0x0c,
    0x00, 0x00, 0x00, 0x00, 0x00, 0x00, 0x00, 0x00, 0x00, 0x00, 0x01, 0x71, 0x00, 0x00, 0x00, 0x0a, 0x00, 0x00, 0x00, 0x08,
    0x00, 0x00, 0x00, 0x08, 0x00, 0x00, 0x00, 0x0a, 0x00, 0x00, 0x00, 0x00, 0x00, 0x00, 0x00, 0x00, 0x00, 0x00, 0x01, 0x78,
    0x00, 0x00, 0x00, 0x0b, 0x00, 0x00, 0x00, 0x09, 0x00, 0x00, 0x00, 0x08, 0x00, 0x00, 0x00, 0x0b, 0xff, 0xff, 0xff, 0xff,
    0x00, 0x00, 0x00, 0x00, 0x00, 0x00, 0x01, 0x79, 0x00, 0x00, 0x00, 0x0c, 0x00, 0x00, 0x00, 0x09, 0x00, 0x00, 0x00, 0x09,
    0x00, 0x00, 0x00, 0x0c, 0x00, 0x00, 0x00, 0x00, 0x00, 0x00, 0x00, 0x00, 0x00, 0x00, 0x01, 0x7a, 0x00, 0x00, 0x00, 0x0a,
    0x00, 0x00, 0x00, 0x07, 0x00, 0x00, 0x00, 0x07, 0x00, 0x00, 0x00, 0x0a, 0x00, 0x00, 0x00, 0x00, 0x00, 0x00, 0x00, 0x00,
    0x00, 0x00, 0x01, 0x7b, 0x00, 0x00, 0x00, 0x0b, 0x00, 0x00, 0x00, 0x09, 0x00, 0x00, 0x00, 0x09, 0x00, 0x00, 0x00, 0x0b,
    0x00, 0x00, 0x00, 0x00, 0x00, 0x00, 0x00, 0x00, 0x00, 0x00, 0x01, 0x7c, 0x00, 0x00, 0x00, 0x0a, 0x00, 0x00, 0x00, 0x07,
    0x00, 0x00, 0x00, 0x07, 0x00, 0x00, 0x00, 0x0a, 0x00, 0x00, 0x00, 0x00, 0x00, 0x00, 0x00, 0x00, 0x00, 0x00, 0x01, 0x7d,
    0x00, 0x00, 0x00, 0x0c, 0x00, 0x00, 0x00, 0x09, 0x00, 0x00, 0x00, 0x09, 0x00, 0x00, 0x00, 0x0c, 0x00, 0x00, 0x00, 0x00,
    0x00, 0x00, 0x00, 0x00, 0x00, 0x00, 0x01, 0x7e, 0x00, 0x00, 0x00, 0x0a, 0x00, 0x00, 0x00, 0x07, 0x00, 0x00, 0x00, 0x07,
    0x00, 0x00, 0x00, 0x0a, 0x00, 0x00, 0x00, 0x00, 0x00, 0x00, 0x00, 0x00, 0x00, 0x00, 0x20, 0x10, 0x00, 0x00, 0x00, 0x04,
    0x00, 0x00, 0x00, 0x05, 0x00, 0x00, 0x00, 0x05, 0x00, 0x00, 0x00, 0x04, 0x00, 0x00, 0x00, 0x00, 0x00, 0x00, 0x00, 0x00,
    0x00, 0x00, 0x20, 0x11, 0x00, 0x00, 0x00, 0x04, 0x00, 0x00, 0x00, 0x05, 0x00, 0x00, 0x00, 0x05, 0x00, 0x00, 0x00, 0x04,
    0x00, 0x00, 0x00, 0x00, 0x00, 0x00, 0x00, 0x00, 0x00, 0x00, 0x20, 0x12, 0x00, 0x00, 0x00, 0x04, 0x00, 0x00, 0x00, 0x08,
    0x00, 0x00, 0x00, 0x08, 0x00, 0x00, 0x00, 0x04, 0x00, 0x00, 0x00, 0x00, 0x00, 0x00, 0x00, 0x00, 0x00, 0x00, 0x20, 0x13,
    0x00, 0x00, 0x00, 0x04, 0x00, 0x00, 0x00, 0x07, 0x00, 0x00, 0x00, 0x07, 0x00, 0x00, 0x00, 0x04, 0x00, 0x00, 0x00, 0x00,
    0x00, 0x00, 0x00, 0x00, 0x00, 0x00, 0x20, 0x14, 0x00, 0x00, 0x00, 0x04, 0x00, 0x00, 0x00, 0x0d, 0x00, 0x00, 0x00, 0x0d,
    0x00, 0x00, 0x00, 0x04, 0x00, 0x00, 0x00, 0x00, 0x00, 0x00, 0x00, 0x00, 0x00, 0x00, 0x20, 0x15, 0x00, 0x00, 0x00, 0x04,
    0x00, 0x00, 0x00, 0x0d, 0x00, 0x00, 0x00, 0x0d, 0x00, 0x00, 0x00, 0x04, 0x00, 0x00, 0x00, 0x00, 0x00, 0x00, 0x00, 0x00,
    0x00, 0x00, 0x20, 0x18, 0x00, 0x00, 0x00, 0x09, 0x00, 0x00, 0x00, 0x04, 0x00, 0x00, 0x00, 0x04, 0x00, 0x00, 0x00, 0x09,
    0x00, 0x00, 0x00, 0x00, 0x00, 0x00, 0x00, 0x00, 0x00, 0x00, 0x20, 0x19, 0x00, 0x00, 0x00, 0x09, 0x00, 0x00, 0x00, 0x04,
    0x00, 0x00, 0x00, 0x04, 0x00, 0x00, 0x00, 0x09, 0x00, 0x00, 0x00, 0x00, 0x00, 0x00, 0x00, 0x00, 0x00, 0x00, 0x20, 0x1a,
    0x00, 0x00, 0x00, 0x03, 0x00, 0x00, 0x00, 0x04, 0x00, 0x00, 0x00, 0x04, 0x00, 0x00, 0x00, 0x02, 0x00, 0x00, 0x00, 0x00,
    0x00, 0x00, 0x00, 0x00, 0x00, 0x00, 0x20, 0x1b, 0x00, 0x00, 0x00, 0x0a, 0x00, 0x00, 0x00, 0x04, 0x00, 0x00, 0x00, 0x04,
    0x00, 0x00, 0x00, 0x0a, 0x00, 0x00, 0x00, 0x00, 0x00, 0x00, 0x00, 0x00, 0x00, 0x00, 0x20, 0x1c, 0x00, 0x00, 0x00, 0x09,
    0x00, 0x00, 0x00, 0x07, 0x00, 0x00, 0x00, 0x07, 0x00, 0x00, 0x00, 0x09, 0x00, 0x00, 0x00, 0x00, 0x00, 0x00, 0x00, 0x00,
    0x00, 0x00, 0x20, 0x1d, 0x00, 0x00, 0x00, 0x09, 0x00, 0x00, 0x00, 0x07, 0x00, 0x00, 0x00, 0x07, 0x00, 0x00, 0x00, 0x09,
    0x00, 0x00, 0x00, 0x00, 0x00, 0x00, 0x00, 0x00, 0x00, 0x00, 0x20, 0x1e, 0x00, 0x00, 0x00, 0x03, 0x00, 0x00, 0x00, 0x07,
    0x00, 0x00, 0x00, 0x07, 0x00, 0x00, 0x00, 0x02, 0x00, 0x00, 0x00, 0x00, 0x00, 0x00, 0x00, 0x00, 0x00, 0x00, 0x20, 0x1f,
    0x00, 0x00, 0x00, 0x0a, 0x00, 0x00, 0x00, 0x07, 0x00, 0x00, 0x00, 0x07, 0x00, 0x00, 0x00, 0x0a, 0x00, 0x00, 0x00, 0x00,
    0x00, 0x00, 0x00, 0x00, 0x00, 0x00, 0x20, 0x20, 0x00, 0x00, 0x00, 0x0a, 0x00, 0x00, 0x00, 0x07, 0x00, 0x00, 0x00, 0x07,
    0x00, 0x00, 0x00, 0x09, 0x00, 0x00, 0x00, 0x00, 0x00, 0x00, 0x00, 0x00, 0x00, 0x00, 0x20, 0x21, 0x00, 0x00, 0x00, 0x0a,
    0x00, 0x00, 0x00, 0x07, 0x00, 0x00, 0x00, 0x07, 0x00, 0x00, 0x00, 0x09, 0x00, 0x00, 0x00, 0x00, 0x00, 0x00, 0x00, 0x00,
    0x00, 0x00, 0x20, 0x22, 0x00, 0x00, 0x00, 0x07, 0x00, 0x00, 0x00, 0x08, 0x00, 0x00, 0x00, 0x08, 0x00, 0x00, 0x00, 0x07,
    0x00, 0x00, 0x00, 0x00, 0x00, 0x00, 0x00, 0x00, 0x00, 0x00, 0x20, 0x26, 0x00, 0x00, 0x00, 0x02, 0x00, 0x00, 0x00, 0x0d,
    0x00, 0x00, 0x00, 0x0d, 0x00, 0x00, 0x00, 0x02, 0x00, 0x00, 0x00, 0x00, 0x00, 0x00, 0x00, 0x00, 0x00, 0x00, 0x20, 0x30,
    0x00, 0x00, 0x00, 0x09, 0x00, 0x00, 0x00, 0x11, 0x00, 0x00, 0x00, 0x11, 0x00, 0x00, 0x00, 0x09, 0x00, 0x00, 0x00, 0x00,
    0x00, 0x00, 0x00, 0x00, 0x00, 0x00, 0x20, 0x32, 0x00, 0x00, 0x00, 0x0a, 0x00, 0x00, 0x00, 0x03, 0x00, 0x00, 0x00, 0x03,
    0x00, 0x00, 0x00, 0x0a, 0x00, 0x00, 0x00, 0x00, 0x00, 0x00, 0x00, 0x00, 0x00, 0x00, 0x20, 0x33, 0x00, 0x00, 0x00, 0x0a,
    0x00, 0x00, 0x00, 0x05, 0x00, 0x00, 0x00, 0x05, 0x00, 0x00, 0x00, 0x0a, 0x00, 0x00, 0x00, 0x00, 0x00, 0x00, 0x00, 0x00,
    0x00, 0x00, 0x20, 0x39, 0x00, 0x00, 0x00, 0x07, 0x00, 0x00, 0x00, 0x05, 0x00, 0x00, 0x00, 0x05, 0x00, 0x00, 0x00, 0x07,
    0x00, 0x00, 0x00, 0x00, 0x00, 0x00, 0x00, 0x00, 0x00, 0x00, 0x20, 0x3a, 0x00, 0x00, 0x00, 0x07, 0x00, 0x00, 0x00, 0x05,
    0x00, 0x00, 0x00, 0x05, 0x00, 0x00, 0x00, 0x07, 0x00, 0x00, 0x00, 0x00, 0x00, 0x00, 0x00, 0x00, 0x00, 0x00, 0x20, 0xac,
    0x00, 0x00, 0x00, 0x09, 0x00, 0x00, 0x00, 0x08, 0x00, 0x00, 0x00, 0x08, 0x00, 0x00, 0x00, 0x09, 0x00, 0x00, 0x00, 0x00,
    0x00, 0x00, 0x00, 0x00, 0x00, 0x00, 0x21, 0x22, 0x00, 0x00, 0x00, 0x09, 0x00, 0x00, 0x00, 0x0d, 0x00, 0x00, 0x00, 0x0d,
    0x00, 0x00, 0x00, 0x09, 0x00, 0x00, 0x00, 0x00, 0x00, 0x00, 0x00, 0x00, 0x00, 0x08, 0xff, 0x40, 0x00, 0x00, 0x08, 0xff,
    0x40, 0x00, 0x00, 0x08, 0xff, 0x40, 0x00, 0x00, 0x07, 0xff, 0x3f, 0x00, 0x00, 0x01, 0xfd, 0x36, 0x00, 0x00, 0x00, 0xf0,
    0x27, 0x00, 0x00, 0x00, 0x00, 0x00, 0x00, 0x00, 0x08, 0xff, 0x40, 0x00, 0x00, 0x08, 0xff, 0x40, 0x00, 0x00, 0xc0, 0x54,
    0x58, 0xbc, 0x00, 0x00, 0xc0, 0x54, 0x58, 0xbc, 0x00, 0x00, 0xc0, 0x54, 0x58, 0xbc, 0x00, 0x00, 0xc0, 0x54, 0x58, 0xbc,
    0x00, 0x00, 0x00, 0x00, 0x00, 0x00, 0x00, 0x00, 0x00, 0x00, 0x00, 0x00, 0x00, 0x00, 0x00, 0x00, 0x00, 0x00, 0x00, 0x00,
    0x00, 0x00, 0x00, 0x00, 0x00, 0x00, 0x00, 0x00, 0x00, 0x00, 0x00, 0x00, 0x00, 0x00, 0x00, 0x71, 0x93, 0x00, 0x91, 0x74,
    0x00, 0x00, 0x00, 0x00, 0x00, 0x00, 0xa9, 0x5b, 0x00, 0xc9, 0x3d, 0x00, 0x00, 0x00, 0x00, 0x00, 0x00, 0xe0, 0x23, 0x06,
    0xf5, 0x0a, 0x00, 0x00, 0x00, 0x44, 0xff, 0xff, 0xff, 0xff, 0xff, 0xff, 0xff, 0xe4, 0x00, 0x00, 0x00, 0x00, 0x5f, 0xa9,
    0x00, 0x7e, 0x89, 0x00, 0x00, 0x00, 0x00, 0x00, 0x00, 0xa2, 0x65, 0x00, 0xbf, 0x45, 0x00, 0x00, 0x00, 0x00, 0xff, 0xff,
    0xff, 0xff, 0xff, 0xff, 0xff, 0xff, 0x2c, 0x00, 0x00, 0x00, 0x1c, 0xe7, 0x00, 0x3d, 0xca, 0x00, 0x00, 0x00, 0x00, 0x00,
    0x00, 0x55, 0xaf, 0x00, 0x75, 0x91, 0x00, 0x00, 0x00, 0x00, 0x00, 0x00, 0x8c, 0x77, 0x00, 0xac, 0x58, 0x00, 0x00, 0x00,
    0x00, 0x00, 0x00, 0x00, 0x3c, 0x64, 0x00, 0x00, 0x00, 0x00, 0x23, 0xb5, 0xf2, 0xf4, 0xa8, 0x1e, 0x00, 0x00, 0xc0, 0xa3,
    0x4d, 0x70, 0x56, 0x7d, 0x00, 0x00, 0xdc, 0x51, 0x3c, 0x64, 0x00, 0x00, 0x00, 0x00, 0x61, 0xdd, 0xa4, 0x91, 0x19, 0x00,
    0x00, 0x00, 0x00, 0x16, 0x79, 0xbd, 0xd9, 0x8a, 0x00, 0x00, 0x00, 0x00, 0x3c, 0x64, 0x14, 0xff, 0x1d, 0x00, 0xad, 0x42,
    0x49, 0x6d, 0x6a, 0xf4, 0x0c, 0x00, 0x3b, 0xb8, 0xf1, 0xf5, 0xc3, 0x40, 0x00, 0x00, 0x00, 0x00, 0x3c, 0x64, 0x00, 0x00,
    0x00, 0x00, 0x00, 0x00, 0x3c, 0x64, 0x00, 0x00, 0x00, 0x00, 0x6d, 0xeb, 0xe0, 0x48, 0x00, 0x00, 0x00, 0xb0, 0x53, 0x00,
    0x00, 0x1b, 0xed, 0x24, 0x45, 0xe7, 0x00, 0x00, 0x59, 0xaa, 0x00, 0x00, 0x00, 0x3f, 0xc3, 0x00, 0x00, 0xf4, 0x0e, 0x16,
    0xd7, 0x16, 0x00, 0x00, 0x00, 0x1c, 0xed, 0x22, 0x42, 0xe7, 0x00, 0xab, 0x58, 0x00, 0x00, 0x00, 0x00, 0x00, 0x70, 0xec,
    0xe1, 0x48, 0x54, 0xaf, 0x17, 0xbe, 0xf3, 0xae, 0x0a, 0x00, 0x00, 0x00, 0x00, 0x13, 0xd7, 0x18, 0x90, 0x97, 0x0d, 0xb0,
    0x72, 0x00, 0x00, 0x00, 0x00, 0xa6, 0x5d, 0x00, 0xb7, 0x4b, 0x00, 0x68, 0x9a, 0x00, 0x00, 0x00, 0x4f, 0xb4, 0x00, 0x00,
    0x90, 0x96, 0x0c, 0xae, 0x73, 0x00, 0x00, 0x11, 0xd7, 0x1b, 0x00, 0x00, 0x17, 0xbe, 0xf4, 0xb1, 0x0b, 0x00, 0x00, 0x49,
    0xd5, 0xf3, 0xb2, 0x1f, 0x00, 0x00, 0x00, 0x00, 0x05, 0xf3, 0x71, 0x09, 0x48, 0x78, 0x00, 0x00, 0x00, 0x00, 0x09, 0xf8,
    0x41, 0x00, 0x00, 0x00, 0x00, 0x00, 0x00, 0x00, 0x00, 0xb6, 0xe4, 0x29, 0x00, 0x00, 0x00, 0x00, 0x00, 0x00, 0x8a, 0xa9,
    0x57, 0xe7, 0x38, 0x00, 0x04, 0xf8, 0x2a, 0x14, 0xfc, 0x22, 0x00, 0x4d, 0xed, 0x49, 0x42, 0xe2, 0x00, 0x1b, 0xff, 0x2c,
    0x00, 0x00, 0x46, 0xf1, 0xdd, 0x5f, 0x00, 0x00, 0xc1, 0xca, 0x2f, 0x0a, 0x3a, 0xd2, 0xfd, 0x59, 0x00, 0x00, 0x12, 0x95,
    0xe3, 0xf9, 0xd2, 0x67, 0x4c, 0xf7, 0x4a, 0x00, 0xc0, 0x54, 0x00, 0x00, 0xc0, 0x54, 0x00, 0x00, 0xc0, 0x54, 0x00, 0x00,
    0xc0, 0x54, 0x00, 0x00, 0x00, 0x00, 0x00, 0x00, 0x00, 0x00, 0x00, 0x00, 0x00, 0x00, 0x00, 0x00, 0x00, 0x00, 0x00, 0x00,
    0x00, 0x00, 0x00, 0x00, 0x00, 0x41, 0xc8, 0x00, 0x00, 0x00, 0xc8, 0x4f, 0x00, 0x00, 0x31, 0xec, 0x05, 0x00, 0x00, 0x83,
    0xa9, 0x00, 0x00, 0x00, 0xbb, 0x79, 0x00, 0x00, 0x00, 0xd6, 0x64, 0x00, 0x00, 0x00, 0xd6, 0x64, 0x00, 0x00, 0x00, 0xbc,
    0x79, 0x00, 0x00, 0x00, 0x84, 0xa9, 0x00, 0x00, 0x00, 0x33, 0xeb, 0x04, 0x00, 0x00, 0x00, 0xc8, 0x4e, 0x00, 0x00, 0x00,
    0x42, 0xc8, 0x00, 0x00, 0xb6, 0x54, 0x00, 0x00, 0x00, 0x3d, 0xd9, 0x01, 0x00, 0x00, 0x00, 0xdf, 0x45, 0x00, 0x00, 0x00,
    0x99, 0x97, 0x00, 0x00, 0x00, 0x67, 0xcf, 0x00, 0x00, 0x00, 0x51, 0xe9, 0x00, 0x00, 0x00, 0x51, 0xe9, 0x00, 0x00, 0x00,
    0x67, 0xcf, 0x00, 0x00, 0x00, 0x99, 0x98, 0x00, 0x00, 0x00, 0xde, 0x46, 0x00, 0x00, 0x3c, 0xda, 0x02, 0x00, 0x00, 0xb5,
    0x55, 0x00, 0x00, 0x00, 0x00, 0x1c, 0x9c, 0x00, 0x00, 0x00, 0x60, 0x83, 0x22, 0x9c, 0x33, 0xb2, 0x03, 0x00, 0x51, 0xc0,
    0xe3, 0x98, 0x16, 0x00, 0x00, 0x50, 0xc0, 0xe3, 0x97, 0x15, 0x00, 0x60, 0x84, 0x23, 0x9c, 0x34, 0xb3, 0x03, 0x00, 0x00,
    0x1c, 0x9c, 0x00, 0x00, 0x00, 0x00, 0x00, 0x00, 0x00, 0x00, 0x00, 0x00, 0x00, 0x00, 0x00, 0x00, 0x00, 0x00, 0x00, 0x00,
    0x00, 0x00, 0x00, 0x00, 0x00, 0x00, 0x00, 0x00, 0x00, 0x00, 0x18, 0xfc, 0x00, 0x00, 0x00, 0x00, 0x00, 0x00, 0x00, 0x00,
    0x00, 0x18, 0xfc, 0x00, 0x00, 0x00, 0x00, 0x00, 0x00, 0x00, 0x00, 0x00, 0x18, 0xfc, 0x00, 0x00, 0x00, 0x00, 0x00, 0x00,
    0x00, 0x00, 0x00, 0x18, 0xfc, 0x00, 0x00, 0x00, 0x00, 0x00, 0x00, 0xa0, 0xff, 0xff, 0xff, 0xff, 0xff, 0xff, 0xff, 0x84,
    0x00, 0x00, 0x00, 0x00, 0x00, 0x18, 0xfc, 0x00, 0x00, 0x00, 0x00, 0x00, 0x00, 0x00, 0x00, 0x00, 0x18, 0xfc, 0x00, 0x00,
    0x00, 0x00, 0x00, 0x00, 0x00, 0x00, 0x00, 0x18, 0xfc, 0x00, 0x00, 0x00, 0x00, 0x00, 0x00, 0x00, 0x00, 0x00, 0x18, 0xfc,
    0x00, 0x00, 0x00, 0x00, 0x00, 0x00, 0x78, 0xdc, 0x00, 0x00, 0x97, 0x9e, 0x00, 0x00, 0xd6, 0x1e, 0x00, 0x5c, 0xff, 0xff,
    0xff, 0x10, 0x00, 0x00, 0x00, 0x00, 0x00, 0x00, 0x00, 0x00, 0x00, 0x00, 0x00, 0x00, 0x00, 0x00, 0x00, 0x00, 0x9c, 0xbc,
    0x00, 0x00, 0x9c, 0xbc, 0x00, 0x00, 0x00, 0x00, 0xda, 0x39, 0x00, 0x00, 0x27, 0xea, 0x02, 0x00, 0x00, 0x74, 0x9f, 0x00,
    0x00, 0x00, 0xc1, 0x53, 0x00, 0x00, 0x11, 0xf5, 0x0d, 0x00, 0x00, 0x5a, 0xb9, 0x00, 0x00, 0x00, 0xa7, 0x6c, 0x00, 0x00,
    0x04, 0xef, 0x20, 0x00, 0x00, 0x40, 0xd3, 0x00, 0x00, 0x00, 0x8d, 0x86, 0x00, 0x00, 0x00, 0xda, 0x3a, 0x00, 0x00, 0x00,
    0x00, 0x03, 0x8b, 0xeb, 0xf5, 0xaf, 0x17, 0x00, 0x00, 0x7c, 0xe2, 0x2f, 0x19, 0xb6, 0xbf, 0x00, 0x00, 0xe4, 0x6d, 0x00,
    0x00, 0x29, 0xff, 0x27, 0x13, 0xff, 0x38, 0x00, 0x00, 0x00, 0xf5, 0x56, 0x21, 0xff, 0x29, 0x00, 0x00, 0x00, 0xe5, 0x64,
    0x13, 0xff, 0x38, 0x00, 0x00, 0x00, 0xf5, 0x56, 0x00, 0xe4, 0x6d, 0x00, 0x00, 0x29, 0xff, 0x27, 0x00, 0x7c, 0xe2, 0x2f,
    0x18, 0xb6, 0xc0, 0x00, 0x00, 0x03, 0x8c, 0xec, 0xf6, 0xb0, 0x17, 0x00, 0x00, 0x94, 0xff, 0xff, 0xfc, 0x00, 0x00, 0x00,
    0x00, 0x00, 0x00, 0x4c, 0xfc, 0x00, 0x00, 0x00, 0x00, 0x00, 0x00, 0x4c, 0xfc, 0x00, 0x00, 0x00, 0x00, 0x00, 0x00, 0x4c,
    0xfc, 0x00, 0x00, 0x00, 0x00, 0x00, 0x00, 0x4c, 0xfc, 0x00, 0x00, 0x00, 0x00, 0x00, 0x00, 0x4c, 0xfc, 0x00, 0x00, 0x00,
    0x00, 0x00, 0x00, 0x4c, 0xfc, 0x00, 0x00, 0x00, 0x00, 0x00, 0x00, 0x4c, 0xfc, 0x00, 0x00, 0x00, 0x00, 0x64, 0xff, 0xff,
    0xff, 0xff, 0xff, 0x14, 0x00, 0x3f, 0xb8, 0xf1, 0xe5, 0x96, 0x0e, 0x00, 0x00, 0xbb, 0x45, 0x0e, 0x2b, 0xd4, 0xa1, 0x00,
    0x00, 0x00, 0x00, 0x00, 0x00, 0x6f, 0xde, 0x00, 0x00, 0x00, 0x00, 0x00, 0x00, 0xae, 0xae, 0x00, 0x00, 0x00, 0x00, 0x00,
    0x6d, 0xed, 0x23, 0x00, 0x00, 0x00, 0x00, 0x6d, 0xea, 0x31, 0x00, 0x00, 0x00, 0x00, 0x79, 0xe7, 0x2b, 0x00, 0x00, 0x00,
    0x00, 0x85, 0xe1, 0x25, 0x00, 0x00, 0x00, 0x00, 0x0c, 0xff, 0xff, 0xff, 0xff, 0xff, 0xf8, 0x00, 0x00, 0x24, 0xa6, 0xeb,
    0xeb, 0xa9, 0x1b, 0x00, 0x00, 0x8d, 0x51, 0x10, 0x1e, 0xb5, 0xc3, 0x00, 0x00, 0x00, 0x00, 0x00, 0x00, 0x51, 0xf7, 0x00,
    0x00, 0x00, 0x00, 0x00, 0x1a, 0xb1, 0xa8, 0x00, 0x00, 0x00, 0x60, 0xff, 0xff, 0xd1, 0x1b, 0x00, 0x00, 0x00, 0x00, 0x01,
    0x19, 0x95, 0xe0, 0x0a, 0x00, 0x00, 0x00, 0x00, 0x00, 0x1b, 0xff, 0x2e, 0x03, 0xaa, 0x30, 0x08, 0x1f, 0x9c, 0xe7, 0x07,
    0x00, 0x4d, 0xc7, 0xf6, 0xe6, 0xaa, 0x28, 0x00, 0x00, 0x00, 0x00, 0x01, 0xc1, 0xff, 0x30, 0x00, 0x00, 0x00, 0x00, 0x71,
    0xb8, 0xff, 0x30, 0x00, 0x00, 0x00, 0x27, 0xde, 0x29, 0xff, 0x30, 0x00, 0x00, 0x03, 0xc8, 0x50, 0x18, 0xff, 0x30, 0x00,
    0x00, 0x7b, 0xa8, 0x00, 0x18, 0xff, 0x30, 0x00, 0x2a, 0xe4, 0x15, 0x00, 0x18, 0xff, 0x30, 0x00, 0x5c, 0xff, 0xff, 0xff,
    0xff, 0xff, 0xff, 0x8c, 0x00, 0x00, 0x00, 0x00, 0x18, 0xff, 0x30, 0x00, 0x00, 0x00, 0x00, 0x00, 0x18, 0xff, 0x30, 0x00,
    0x00, 0x98, 0xff, 0xff, 0xff, 0xff, 0x70, 0x00, 0x00, 0x98, 0x94, 0x00, 0x00, 0x00, 0x00, 0x00, 0x00, 0x98, 0x94, 0x00,
    0x00, 0x00, 0x00, 0x00, 0x00, 0x98, 0xf2, 0xf8, 0xe2, 0x94, 0x0f, 0x00, 0x00, 0x00, 0x00, 0x04, 0x33, 0xcf, 0xb1, 0x00,
    0x00, 0x00, 0x00, 0x00, 0x00, 0x3f, 0xfe, 0x0d, 0x00, 0x00, 0x00, 0x00, 0x00, 0x3f, 0xfe, 0x0d, 0x00, 0xaf, 0x32, 0x0a,
    0x31, 0xcd, 0xb4, 0x00, 0x00, 0x4b, 0xc7, 0xf5, 0xe0, 0x91, 0x11, 0x00, 0x00, 0x00, 0x3e, 0xc4, 0xf6, 0xd2, 0x42, 0x00,
    0x00, 0x3a, 0xf4, 0x67, 0x11, 0x23, 0x94, 0x00, 0x00, 0xbf, 0x92, 0x00, 0x00, 0x00, 0x00, 0x00, 0x05, 0xfb, 0x7e, 0xd4,
    0xf5, 0xca, 0x3f, 0x00, 0x14, 0xff, 0xe3, 0x33, 0x0d, 0x7b, 0xf3, 0x1c, 0x09, 0xfe, 0x80, 0x00, 0x00, 0x00, 0xeb, 0x5e,
    0x00, 0xd7, 0x80, 0x00, 0x00, 0x01, 0xec, 0x5c, 0x00, 0x6d, 0xe5, 0x33, 0x0c, 0x7b, 0xef, 0x19, 0x00, 0x00, 0x7c, 0xe6,
    0xf5, 0xc5, 0x39, 0x00, 0x00, 0xf0, 0xff, 0xff, 0xff, 0xff, 0xff, 0x1c, 0x00, 0x00, 0x00, 0x00, 0x00, 0x95, 0xc1, 0x00,
    0x00, 0x00, 0x00, 0x00, 0x0b, 0xf1, 0x5a, 0x00, 0x00, 0x00, 0x00, 0x00, 0x65, 0xeb, 0x07, 0x00, 0x00, 0x00, 0x00, 0x00,
    0xcc, 0x8a, 0x00, 0x00, 0x00, 0x00, 0x00, 0x34, 0xfe, 0x24, 0x00, 0x00, 0x00, 0x00, 0x00, 0x9d, 0xbb, 0x00, 0x00, 0x00,
    0x00, 0x00, 0x0f, 0xf5, 0x53, 0x00, 0x00, 0x00, 0x00, 0x00, 0x6c, 0xe7, 0x04, 0x00, 0x00, 0x00, 0x00, 0x16, 0xa6, 0xeb,
    0xf2, 0xc1, 0x34, 0x00, 0x00, 0xaa, 0xc4, 0x1e, 0x0e, 0x92, 0xe9, 0x03, 0x00, 0xd8, 0x6b, 0x00, 0x00, 0x28, 0xff, 0x1c,
    0x00, 0x85, 0xc2, 0x1c, 0x0e, 0x90, 0xc5, 0x01, 0x00, 0x0c, 0xbc, 0xff, 0xff, 0xe0, 0x2a, 0x00, 0x00, 0xc8, 0xa6, 0x19,
    0x0c, 0x71, 0xef, 0x1a, 0x14, 0xff, 0x39, 0x00, 0x00, 0x00, 0xf5, 0x53, 0x00, 0xdf, 0xa4, 0x17, 0x0b, 0x6e, 0xfa, 0x24,
    0x00, 0x2c, 0xb7, 0xee, 0xf4, 0xcc, 0x4f, 0x00, 0x00, 0x19, 0xa7, 0xeb, 0xf1, 0xa2, 0x0e, 0x00, 0x00, 0xc5, 0xb5, 0x18,
    0x1b, 0xbd, 0xad, 0x00, 0x1a, 0xff, 0x31, 0x00, 0x00, 0x39, 0xfe, 0x1a, 0x1b, 0xff, 0x30, 0x00, 0x00, 0x39, 0xff, 0x4a,
    0x00, 0xcc, 0xb3, 0x18, 0x1a, 0xbb, 0xfe, 0x58, 0x00, 0x20, 0xb2, 0xf0, 0xe9, 0x6f, 0xfd, 0x44, 0x00, 0x00, 0x00, 0x00,
    0x00, 0x4d, 0xf5, 0x0e, 0x00, 0x72, 0x42, 0x0c, 0x42, 0xe0, 0x7b, 0x00, 0x00, 0x1f, 0xb6, 0xf6, 0xda, 0x6d, 0x00, 0x00,
    0x00, 0x78, 0xdc, 0x00, 0x00, 0x78, 0xdc, 0x00, 0x00, 0x00, 0x00, 0x00, 0x00, 0x00, 0x00, 0x00, 0x00, 0x00, 0x00, 0x00,
    0x00, 0x78, 0xdc, 0x00, 0x00, 0x78, 0xdc, 0x00, 0x00, 0x78, 0xdc, 0x00, 0x00, 0x78, 0xdc, 0x00, 0x00, 0x00, 0x00, 0x00,
    0x00, 0x00, 0x00, 0x00, 0x00, 0x00, 0x00, 0x00, 0x00, 0x78, 0xdc, 0x00, 0x00, 0x97, 0x9e, 0x00, 0x00, 0xd6, 0x1e, 0x00,
    0x00, 0x00, 0x00, 0x00, 0x00, 0x00, 0x02, 0x43, 0xa0, 0x77, 0x00, 0x00, 0x00, 0x00, 0x00, 0x2b, 0x88, 0xe3, 0xdf, 0x85,
    0x21, 0x00, 0x00, 0x17, 0x70, 0xce, 0xed, 0x98, 0x3d, 0x01, 0x00, 0x00, 0x00, 0x00, 0xa0, 0xff, 0x9f, 0x0c, 0x00, 0x00,
    0x00, 0x00, 0x00, 0x00, 0x00, 0x17, 0x71, 0xcf, 0xed, 0x97, 0x3c, 0x01, 0x00, 0x00, 0x00, 0x00, 0x00, 0x00, 0x00, 0x2c,
    0x89, 0xe4, 0xdf, 0x84, 0x20, 0x00, 0x00, 0x00, 0x00, 0x00, 0x00, 0x00, 0x02, 0x44, 0xa1, 0x77, 0x00, 0x00, 0x00, 0x00,
    0x00, 0x00, 0x00, 0x00, 0x00, 0x00, 0x00, 0x00, 0x00, 0xa0, 0xff, 0xff, 0xff, 0xff, 0xff, 0xff, 0xff, 0x84, 0x00, 0x00,
    0x00, 0x00, 0x00, 0x00, 0x00, 0x00, 0x00, 0x00, 0x00, 0x00, 0x00, 0x00, 0x00, 0x00, 0x00, 0x00, 0x00, 0x00, 0x00, 0x00,
    0x00, 0x00, 0xa0, 0xff, 0xff, 0xff, 0xff, 0xff, 0xff, 0xff, 0x84, 0x00, 0x00, 0x00, 0x00, 0x00, 0x00, 0x00, 0x00, 0x00,
    0x00, 0x00, 0x00, 0x00, 0x00, 0x00, 0x00, 0x00, 0x00, 0x00, 0x00, 0x00, 0x00, 0x00, 0x00, 0x8d, 0x96, 0x39, 0x00, 0x00,
    0x00, 0x00, 0x00, 0x00, 0x00, 0x00, 0x2b, 0x8f, 0xe7, 0xdb, 0x7e, 0x22, 0x00, 0x00, 0x00, 0x00, 0x00, 0x00, 0x00, 0x03,
    0x47, 0xa2, 0xf2, 0xc3, 0x66, 0x10, 0x00, 0x00, 0x00, 0x00, 0x00, 0x00, 0x00, 0x14, 0xb2, 0xff, 0x84, 0x00, 0x00, 0x00,
    0x00, 0x03, 0x46, 0xa1, 0xf2, 0xc4, 0x67, 0x10, 0x00, 0x00, 0x2a, 0x8e, 0xe7, 0xdb, 0x7f, 0x22, 0x00, 0x00, 0x00, 0x00,
    0x00, 0x8d, 0x97, 0x3a, 0x00, 0x00, 0x00, 0x00, 0x00, 0x00, 0x00, 0x00, 0x00, 0x00, 0x00, 0x00, 0x00, 0x00, 0x00, 0x00,
    0x00, 0x00, 0x00, 0x59, 0xd0, 0xf5, 0xcc, 0x39, 0x00, 0x0f, 0xa6, 0x24, 0x0d, 0x9d, 0xdf, 0x00, 0x00, 0x00, 0x00, 0x00,
    0x70, 0xdb, 0x00, 0x00, 0x00, 0x00, 0x54, 0xe6, 0x3d, 0x00, 0x00, 0x00, 0x44, 0xea, 0x24, 0x00, 0x00, 0x00, 0x00, 0x7a,
    0xbc, 0x00, 0x00, 0x00, 0x00, 0x00, 0x00, 0x00, 0x00, 0x00, 0x00, 0x00, 0x00, 0x84, 0xc4, 0x00, 0x00, 0x00, 0x00, 0x00,
    0x84, 0xc4, 0x00, 0x00, 0x00, 0x00, 0x00, 0x00, 0x23, 0x96, 0xdd, 0xf9, 0xeb, 0xb3, 0x49, 0x00, 0x00, 0x00, 0x00, 0x00,
    0x58, 0xe5, 0x80, 0x2a, 0x09, 0x14, 0x53, 0xcc, 0x99, 0x02, 0x00, 0x00, 0x37, 0xdd, 0x21, 0x00, 0x00, 0x00, 0x00, 0x00,
    0x05, 0xb2, 0x6a, 0x00, 0x00, 0xbc, 0x46, 0x00, 0x40, 0xd6, 0xf6, 0xa6, 0xbe, 0x34, 0x18, 0xde, 0x00, 0x0a, 0xe1, 0x00,
    0x05, 0xe9, 0x55, 0x09, 0x4c, 0xfb, 0x34, 0x00, 0xdf, 0x0d, 0x1e, 0xc7, 0x00, 0x21, 0xe3, 0x00, 0x00, 0x00, 0xd8, 0x34,
    0x0b, 0xea, 0x04, 0x0a, 0xdf, 0x00, 0x06, 0xeb, 0x52, 0x08, 0x4c, 0xfb, 0x4c, 0xa8, 0x89, 0x00, 0x00, 0xc1, 0x41, 0x00,
    0x44, 0xd8, 0xef, 0xa7, 0xb5, 0xcf, 0x68, 0x02, 0x00, 0x00, 0x3f, 0xdc, 0x1b, 0x00, 0x00, 0x00, 0x00, 0x00, 0x00, 0x00,
    0x00, 0x00, 0x00, 0x00, 0x63, 0xe5, 0x70, 0x20, 0x06, 0x23, 0x68, 0xc8, 0x0a, 0x00, 0x00, 0x00, 0x00, 0x00, 0x2c, 0xa0,
    0xe3, 0xf9, 0xe2, 0xb5, 0x50, 0x02, 0x00, 0x00, 0x00, 0x00, 0x00, 0x7c, 0xff, 0x5e, 0x00, 0x00, 0x00, 0x00, 0x00, 0x02,
    0xdf, 0x9c, 0xc5, 0x00, 0x00, 0x00, 0x00, 0x00, 0x49, 0xcd, 0x06, 0xe6, 0x2c, 0x00, 0x00, 0x00, 0x00, 0xb0, 0x5c, 0x00,
    0x7b, 0x92, 0x00, 0x00, 0x00, 0x1a, 0xe2, 0x05, 0x00, 0x13, 0xe5, 0x09, 0x00, 0x00, 0x7d, 0xff, 0xff, 0xff, 0xff, 0xff,
    0x60, 0x00, 0x02, 0xe1, 0x2a, 0x00, 0x00, 0x00, 0x44, 0xc6, 0x00, 0x4a, 0xe1, 0x00, 0x00, 0x00, 0x00, 0x06, 0xf3, 0x2d,
    0xb1, 0x98, 0x00, 0x00, 0x00, 0x00, 0x00, 0xb1, 0x94, 0x00, 0xb8, 0xff, 0xff, 0xfc, 0xe1, 0x83, 0x02, 0x00, 0x00, 0xb8,
    0x90, 0x00, 0x04, 0x3b, 0xf1, 0x65, 0x00, 0x00, 0xb8, 0x90, 0x00, 0x00, 0x00, 0xbb, 0x91, 0x00, 0x00, 0xb8, 0x90, 0x00,
    0x04, 0x38, 0xf0, 0x54, 0x00, 0x00, 0xb8, 0xff, 0xff, 0xff, 0xff, 0xa4, 0x04, 0x00, 0x00, 0xb8, 0x90, 0x00, 0x02, 0x22,
    0xc1, 0xa2, 0x00, 0x00, 0xb8, 0x90, 0x00, 0x00, 0x00, 0x68, 0xf3, 0x00, 0x00, 0xb8, 0x90, 0x00, 0x01, 0x20, 0xc0, 0xc4,
    0x00, 0x00, 0xb8, 0xff, 0xff, 0xfe, 0xe9, 0xaa, 0x1e, 0x00, 0x00, 0x00, 0x36, 0xb1, 0xec, 0xf6, 0xd2, 0x77, 0x09, 0x00,
    0x48, 0xf8, 0x8c, 0x26, 0x0a, 0x2c, 0x86, 0x56, 0x01, 0xdf, 0x96, 0x00, 0x00, 0x00, 0x00, 0x00, 0x00, 0x2a, 0xff, 0x38,
    0x00, 0x00, 0x00, 0x00, 0x00, 0x00, 0x3f, 0xff, 0x1d, 0x00, 0x00, 0x00, 0x00, 0x00, 0x00, 0x2a, 0xff, 0x38, 0x00, 0x00,
    0x00, 0x00, 0x00, 0x00, 0x01, 0xdf, 0x94, 0x00, 0x00, 0x00, 0x00, 0x00, 0x00, 0x00, 0x48, 0xf7, 0x88, 0x25, 0x0a, 0x2b,
    0x85, 0x56, 0x00, 0x00, 0x36, 0xb2, 0xed, 0xf6, 0xd2, 0x76, 0x09, 0x00, 0xb8, 0xff, 0xff, 0xf7, 0xde, 0xa4, 0x34, 0x00,
    0x00, 0x00, 0xb8, 0x90, 0x00, 0x06, 0x27, 0x8b, 0xfb, 0x51, 0x00, 0x00, 0xb8, 0x90, 0x00, 0x00, 0x00, 0x00, 0x9d, 0xe4,
    0x01, 0x00, 0xb8, 0x90, 0x00, 0x00, 0x00, 0x00, 0x42, 0xff, 0x28, 0x00, 0xb8, 0x90, 0x00, 0x00, 0x00, 0x00, 0x25, 0xff,
    0x3b, 0x00, 0xb8, 0x90, 0x00, 0x00, 0x00, 0x00, 0x42, 0xff, 0x27, 0x00, 0xb8, 0x90, 0x00, 0x00, 0x00, 0x00, 0x9d, 0xe3,
    0x01, 0x00, 0xb8, 0x90, 0x00, 0x05, 0x27, 0x8a, 0xfb, 0x51, 0x00, 0x00, 0xb8, 0xff, 0xff, 0xf8, 0xdf, 0xa4, 0x34, 0x00,
    0x00, 0x00, 0xb8, 0xff, 0xff, 0xff, 0xff, 0xff, 0x44, 0x00, 0xb8, 0x90, 0x00, 0x00, 0x00, 0x00, 0x00, 0x00, 0xb8, 0x90,
    0x00, 0x00, 0x00, 0x00, 0x00, 0x00, 0xb8, 0x90, 0x00, 0x00, 0x00, 0x00, 0x00, 0x00, 0xb8, 0xff, 0xff, 0xff, 0xff, 0xff,
    0x14, 0x00, 0xb8, 0x90, 0x00, 0x00, 0x00, 0x00, 0x00, 0x00, 0xb8, 0x90, 0x00, 0x00, 0x00, 0x00, 0x00, 0x00, 0xb8, 0x90,
    0x00, 0x00, 0x00, 0x00, 0x00, 0x00, 0xb8, 0xff, 0xff, 0xff, 0xff, 0xff, 0x60, 0x00, 0xb8, 0xff, 0xff, 0xff, 0xff, 0xb8,
    0x00, 0xb8, 0x90, 0x00, 0x00, 0x00, 0x00, 0x00, 0xb8, 0x90, 0x00, 0x00, 0x00, 0x00, 0x00, 0xb8, 0x90, 0x00, 0x00, 0x00,
    0x00, 0x00, 0xb8, 0xff, 0xff, 0xff, 0xff, 0x50, 0x00, 0xb8, 0x90, 0x00, 0x00, 0x00, 0x00, 0x00, 0xb8, 0x90, 0x00, 0x00,
    0x00, 0x00, 0x00, 0xb8, 0x90, 0x00, 0x00, 0x00, 0x00, 0x00, 0xb8, 0x90, 0x00, 0x00, 0x00, 0x00, 0x00, 0x00, 0x35, 0xae,
    0xea, 0xf8, 0xd9, 0x9a, 0x24, 0x00, 0x00, 0x49, 0xf8, 0x8e, 0x28, 0x09, 0x24, 0x62, 0x9f, 0x00, 0x01, 0xdf, 0x96, 0x00,
    0x00, 0x00, 0x00, 0x00, 0x00, 0x00, 0x2a, 0xff, 0x38, 0x00, 0x00, 0x00, 0x00, 0x00, 0x00, 0x00, 0x3f, 0xff, 0x1d, 0x00,
    0x00, 0x5c, 0xff, 0xff, 0xff, 0x00, 0x2a, 0xff, 0x38, 0x00, 0x00, 0x00, 0x00, 0x44, 0xff, 0x00, 0x01, 0xdf, 0x94, 0x00,
    0x00, 0x00, 0x00, 0x44, 0xff, 0x00, 0x00, 0x49, 0xf7, 0x8b, 0x26, 0x07, 0x17, 0x83, 0xff, 0x00, 0x00, 0x00, 0x35, 0xaf,
    0xeb, 0xf9, 0xdd, 0xa9, 0x37, 0x00, 0x00, 0xb8, 0x90, 0x00, 0x00, 0x00, 0x00, 0xc8, 0x80, 0x00, 0x00, 0xb8, 0x90, 0x00,
    0x00, 0x00, 0x00, 0xc8, 0x80, 0x00, 0x00, 0xb8, 0x90, 0x00, 0x00, 0x00, 0x00, 0xc8, 0x80, 0x00, 0x00, 0xb8, 0x90, 0x00,
    0x00, 0x00, 0x00, 0xc8, 0x80, 0x00, 0x00, 0xb8, 0xff, 0xff, 0xff, 0xff, 0xff, 0xff, 0x80, 0x00, 0x00, 0xb8, 0x90, 0x00,
    0x00, 0x00, 0x00, 0xc8, 0x80, 0x00, 0x00, 0xb8, 0x90, 0x00, 0x00, 0x00, 0x00, 0xc8, 0x80, 0x00, 0x00, 0xb8, 0x90, 0x00,
    0x00, 0x00, 0x00, 0xc8, 0x80, 0x00, 0x00, 0xb8, 0x90, 0x00, 0x00, 0x00, 0x00, 0xc8, 0x80, 0x00, 0x00, 0xb8, 0x90, 0x00,
    0x00, 0xb8, 0x90, 0x00, 0x00, 0xb8, 0x90, 0x00, 0x00, 0xb8, 0x90, 0x00, 0x00, 0xb8, 0x90, 0x00, 0x00, 0xb8, 0x90, 0x00,
    0x00, 0xb8, 0x90, 0x00, 0x00, 0xb8, 0x90, 0x00, 0x00, 0xb8, 0x90, 0x00, 0x00, 0x00, 0xb8, 0x90, 0x00, 0x00, 0x00, 0xb8,
    0x90, 0x00, 0x00, 0x00, 0xb8, 0x90, 0x00, 0x00, 0x00, 0xb8, 0x90, 0x00, 0x00, 0x00, 0xb8, 0x90, 0x00, 0x00, 0x00, 0xb8,
    0x90, 0x00, 0x00, 0x00, 0xb8, 0x90, 0x00, 0x00, 0x00, 0xb8, 0x90, 0x00, 0x00, 0x00, 0xb8, 0x8f, 0x00, 0x00, 0x00, 0xc8,
    0x7b, 0x00, 0x01, 0x37, 0xfa, 0x43, 0x00, 0xab, 0xe6, 0x83, 0x00, 0x00, 0x00, 0xb8, 0x90, 0x00, 0x00, 0x0a, 0xb4, 0xcf,
    0x19, 0x00, 0xb8, 0x90, 0x00, 0x14, 0xc9, 0xbc, 0x0e, 0x00, 0x00, 0xb8, 0x90, 0x21, 0xda, 0xa5, 0x06, 0x00, 0x00, 0x00,
    0xb8, 0xbc, 0xe8, 0x8c, 0x01, 0x00, 0x00, 0x00, 0x00, 0xb8, 0xf1, 0xf2, 0x2b, 0x00, 0x00, 0x00, 0x00, 0x00, 0xb8, 0x91,
    0x90, 0xec, 0x33, 0x00, 0x00, 0x00, 0x00, 0xb8, 0x90, 0x00, 0x84, 0xf0, 0x3b, 0x00, 0x00, 0x00, 0xb8, 0x90, 0x00, 0x00,
    0x78, 0xf4, 0x43, 0x00, 0x00, 0xb8, 0x90, 0x00, 0x00, 0x00, 0x6c, 0xf6, 0x4d, 0x00, 0xb8, 0x90, 0x00, 0x00, 0x00, 0x00,
    0x00, 0x00, 0xb8, 0x90, 0x00, 0x00, 0x00, 0x00, 0x00, 0x00, 0xb8, 0x90, 0x00, 0x00, 0x00, 0x00, 0x00, 0x00, 0xb8, 0x90,
    0x00, 0x00, 0x00, 0x00, 0x00, 0x00, 0xb8, 0x90, 0x00, 0x00, 0x00, 0x00, 0x00, 0x00, 0xb8, 0x90, 0x00, 0x00, 0x00, 0x00,
    0x00, 0x00, 0xb8, 0x90, 0x00, 0x00, 0x00, 0x00, 0x00, 0x00, 0xb8, 0x90, 0x00, 0x00, 0x00, 0x00, 0x00, 0x00, 0xb8, 0xff,
    0xff, 0xff, 0xff, 0xff, 0x2c, 0x00, 0xb8, 0xff, 0x64, 0x00, 0x00, 0x00, 0x2d, 0xff, 0xf4, 0x00, 0x00, 0xb8, 0xd1, 0xcd,
    0x00, 0x00, 0x00, 0x96, 0xd1, 0xf4, 0x00, 0x00, 0xb8, 0x86, 0xe1, 0x36, 0x00, 0x0c, 0xef, 0x6a, 0xf4, 0x00, 0x00, 0xb8,
    0x84, 0x7b, 0xa0, 0x00, 0x69, 0xb2, 0x4c, 0xf4, 0x00, 0x00, 0xb8, 0x84, 0x16, 0xf0, 0x12, 0xd1, 0x48, 0x4c, 0xf4, 0x00,
    0x00, 0xb8, 0x84, 0x00, 0xa7, 0xac, 0xdc, 0x01, 0x4c, 0xf4, 0x00, 0x00, 0xb8, 0x84, 0x00, 0x3d, 0xff, 0x74, 0x00, 0x4c,
    0xf4, 0x00, 0x00, 0xb8, 0x84, 0x00, 0x00, 0x00, 0x00, 0x00, 0x4c, 0xf4, 0x00, 0x00, 0xb8, 0x84, 0x00, 0x00, 0x00, 0x00,
    0x00, 0x4c, 0xf4, 0x00, 0x00, 0xb8, 0xff, 0x47, 0x00, 0x00, 0x00, 0xcc, 0x74, 0x00, 0x00, 0xb8, 0xec, 0xd2, 0x03, 0x00,
    0x00, 0xcc, 0x74, 0x00, 0x00, 0xb8, 0x8c, 0xe0, 0x64, 0x00, 0x00, 0xcc, 0x74, 0x00, 0x00, 0xb8, 0x84, 0x5a, 0xe7, 0x0c,
    0x00, 0xcc, 0x74, 0x00, 0x00, 0xb8, 0x84, 0x01, 0xc9, 0x82, 0x00, 0xcc, 0x74, 0x00, 0x00, 0xb8, 0x84, 0x00, 0x3c, 0xf5,
    0x1b, 0xcc, 0x74, 0x00, 0x00, 0xb8, 0x84, 0x00, 0x00, 0xad, 0xa0, 0xcc, 0x74, 0x00, 0x00, 0xb8, 0x84, 0x00, 0x00, 0x24,
    0xf8, 0xed, 0x74, 0x00, 0x00, 0xb8, 0x84, 0x00, 0x00, 0x00, 0x8f, 0xff, 0x74, 0x00, 0x00, 0x00, 0x3b, 0xb9, 0xf2, 0xf7,
    0xcd, 0x5d, 0x00, 0x00, 0x00, 0x4a, 0xf8, 0x80, 0x1e, 0x13, 0x5e, 0xf0, 0x7e, 0x00, 0x01, 0xdf, 0x94, 0x00, 0x00, 0x00,
    0x00, 0x5c, 0xfb, 0x1f, 0x2a, 0xff, 0x37, 0x00, 0x00, 0x00, 0x00, 0x03, 0xf9, 0x64, 0x3f, 0xff, 0x1c, 0x00, 0x00, 0x00,
    0x00, 0x00, 0xe1, 0x7a, 0x2a, 0xff, 0x37, 0x00, 0x00, 0x00, 0x00, 0x03, 0xf9, 0x64, 0x01, 0xe0, 0x94, 0x00, 0x00, 0x00,
    0x00, 0x5c, 0xfc, 0x1f, 0x00, 0x4d, 0xf9, 0x80, 0x1d, 0x12, 0x5d, 0xf0, 0x81, 0x00, 0x00, 0x00, 0x3e, 0xbb, 0xf3, 0xf8,
    0xce, 0x60, 0x00, 0x00, 0x00, 0xb8, 0xff, 0xff, 0xf3, 0xc6, 0x3f, 0x00, 0x00, 0xb8, 0x90, 0x00, 0x0e, 0x93, 0xf1, 0x16,
    0x00, 0xb8, 0x90, 0x00, 0x00, 0x0a, 0xfe, 0x4f, 0x00, 0xb8, 0x90, 0x00, 0x00, 0x0a, 0xfe, 0x4f, 0x00, 0xb8, 0x90, 0x00,
    0x0e, 0x91, 0xf2, 0x17, 0x00, 0xb8, 0xff, 0xff, 0xf4, 0xc8, 0x42, 0x00, 0x00, 0xb8, 0x90, 0x00, 0x00, 0x00, 0x00, 0x00,
    0x00, 0xb8, 0x90, 0x00, 0x00, 0x00, 0x00, 0x00, 0x00, 0xb8, 0x90, 0x00, 0x00, 0x00, 0x00, 0x00, 0x00, 0x00, 0x3b, 0xb9,
    0xf2, 0xf7, 0xcd, 0x5f, 0x00, 0x00, 0x00, 0x4a, 0xf8, 0x80, 0x1e, 0x13, 0x5e, 0xf0, 0x81, 0x00, 0x01, 0xdf, 0x94, 0x00,
    0x00, 0x00, 0x00, 0x5c, 0xfc, 0x20, 0x2a, 0xff, 0x37, 0x00, 0x00, 0x00, 0x00, 0x03, 0xf9, 0x64, 0x3f, 0xff, 0x1c, 0x00,
    0x00, 0x00, 0x00, 0x00, 0xe1, 0x79, 0x2a, 0xff, 0x37, 0x00, 0x00, 0x00, 0x00, 0x03, 0xf9, 0x60, 0x01, 0xdf, 0x94, 0x00,
    0x00, 0x00, 0x00, 0x5c, 0xfa, 0x18, 0x00, 0x4c, 0xf9, 0x80, 0x1d, 0x12, 0x5d, 0xf0, 0x75, 0x00, 0x00, 0x00, 0x3e, 0xbb,
    0xf3, 0xff, 0xfe, 0x56, 0x00, 0x00, 0x00, 0x00, 0x00, 0x00, 0x00, 0x15, 0xe8, 0x87, 0x00, 0x00, 0x00, 0x00, 0x00, 0x00,
    0x00, 0x00, 0x4b, 0xfd, 0x41, 0x00, 0x00, 0xb8, 0xff, 0xff, 0xf6, 0xd2, 0x5b, 0x00, 0x00, 0x00, 0xb8, 0x90, 0x00, 0x0a,
    0x6d, 0xfd, 0x2c, 0x00, 0x00, 0xb8, 0x90, 0x00, 0x00, 0x02, 0xfc, 0x59, 0x00, 0x00, 0xb8, 0x90, 0x00, 0x0a, 0x6d, 0xfb,
    0x25, 0x00, 0x00, 0xb8, 0xff, 0xff, 0xff, 0xf9, 0x4b, 0x00, 0x00, 0x00, 0xb8, 0x90, 0x00, 0x15, 0xac, 0xca, 0x03, 0x00,
    0x00, 0xb8, 0x90, 0x00, 0x00, 0x10, 0xed, 0x66, 0x00, 0x00, 0xb8, 0x90, 0x00, 0x00, 0x00, 0x79, 0xe1, 0x06, 0x00, 0xb8,
    0x90, 0x00, 0x00, 0x00, 0x0c, 0xeb, 0x67, 0x00, 0x26, 0xaf, 0xea, 0xef, 0xb7, 0x3d, 0x00, 0x00, 0xdc, 0xa3, 0x1c, 0x0d,
    0x45, 0xb5, 0x00, 0x17, 0xff, 0x30, 0x00, 0x00, 0x00, 0x00, 0x00, 0x01, 0xda, 0xaf, 0x38, 0x08, 0x00, 0x00, 0x00, 0x00,
    0x1b, 0x94, 0xdb, 0xfa, 0xc6, 0x52, 0x00, 0x00, 0x00, 0x00, 0x00, 0x0e, 0x6b, 0xfd, 0x40, 0x00, 0x00, 0x00, 0x00, 0x00,
    0x00, 0xdd, 0x7b, 0x1b, 0xb3, 0x43, 0x11, 0x0f, 0x67, 0xfd, 0x44, 0x00, 0x4b, 0xba, 0xee, 0xf1, 0xcc, 0x5e, 0x00, 0x08,
    0xff, 0xff, 0xff, 0xff, 0xff, 0xff, 0xff, 0xfc, 0x00, 0x00, 0x00, 0x00, 0xac, 0x9c, 0x00, 0x00, 0x00, 0x00, 0x00, 0x00,
    0x00, 0xac, 0x9c, 0x00, 0x00, 0x00, 0x00, 0x00, 0x00, 0x00, 0xac, 0x9c, 0x00, 0x00, 0x00, 0x00, 0x00, 0x00, 0x00, 0xac,
    0x9c, 0x00, 0x00, 0x00, 0x00, 0x00, 0x00, 0x00, 0xac, 0x9c, 0x00, 0x00, 0x00, 0x00, 0x00, 0x00, 0x00, 0xac, 0x9c, 0x00,
    0x00, 0x00, 0x00, 0x00, 0x00, 0x00, 0xac, 0x9c, 0x00, 0x00, 0x00, 0x00, 0x00, 0x00, 0x00, 0xac, 0x9c, 0x00, 0x00, 0x00,
    0x00, 0xe0, 0x6c, 0x00, 0x00, 0x00, 0x00, 0xe8, 0x64, 0x00, 0x00, 0xe0, 0x6c, 0x00, 0x00, 0x00, 0x00, 0xe8, 0x64, 0x00,
    0x00, 0xe0, 0x6c, 0x00, 0x00, 0x00, 0x00, 0xe8, 0x64, 0x00, 0x00, 0xe0, 0x6c, 0x00, 0x00, 0x00, 0x00, 0xe8, 0x64, 0x00,
    0x00, 0xe0, 0x6c, 0x00, 0x00, 0x00, 0x00, 0xe8, 0x64, 0x00, 0x00, 0xdb, 0x71, 0x00, 0x00, 0x00, 0x00, 0xee, 0x5e, 0x00,
    0x00, 0xb9, 0x96, 0x00, 0x00, 0x00, 0x14, 0xff, 0x3c, 0x00, 0x00, 0x56, 0xf3, 0x4e, 0x0b, 0x1d, 0xab, 0xd4, 0x05, 0x00,
    0x00, 0x00, 0x5f, 0xd0, 0xf4, 0xe6, 0xa7, 0x1e, 0x00, 0x00, 0xb1, 0xa2, 0x00, 0x00, 0x00, 0x00, 0x00, 0xbf, 0x94, 0x4a,
    0xf6, 0x10, 0x00, 0x00, 0x00, 0x25, 0xfe, 0x2e, 0x02, 0xe1, 0x6d, 0x00, 0x00, 0x00, 0x8b, 0xc6, 0x00, 0x00, 0x7d, 0xd2,
    0x00, 0x00, 0x06, 0xea, 0x60, 0x00, 0x00, 0x1a, 0xfb, 0x37, 0x00, 0x57, 0xef, 0x0a, 0x00, 0x00, 0x00, 0xb0, 0x9d, 0x00,
    0xbd, 0x92, 0x00, 0x00, 0x00, 0x00, 0x49, 0xf4, 0x31, 0xfe, 0x2c, 0x00, 0x00, 0x00, 0x00, 0x02, 0xe0, 0xde, 0xc5, 0x00,
    0x00, 0x00, 0x00, 0x00, 0x00, 0x7b, 0xff, 0x5f, 0x00, 0x00, 0x00, 0x6f, 0xdc, 0x00, 0x00, 0x00, 0x6e, 0xff, 0x45, 0x00,
    0x00, 0x09, 0xf8, 0x49, 0x2b, 0xff, 0x1f, 0x00, 0x00, 0xb0, 0xd4, 0x88, 0x00, 0x00, 0x44, 0xfa, 0x0c, 0x00, 0xe6, 0x62,
    0x00, 0x03, 0xef, 0x54, 0xcb, 0x00, 0x00, 0x87, 0xc2, 0x00, 0x00, 0xa4, 0xa5, 0x00, 0x36, 0xd7, 0x05, 0xf1, 0x11, 0x00,
    0xca, 0x7f, 0x00, 0x00, 0x60, 0xe7, 0x00, 0x79, 0x95, 0x00, 0xb7, 0x52, 0x0f, 0xfc, 0x3b, 0x00, 0x00, 0x1d, 0xff, 0x2a,
    0xbb, 0x53, 0x00, 0x76, 0x95, 0x4f, 0xf3, 0x05, 0x00, 0x00, 0x00, 0xd9, 0x75, 0xf4, 0x13, 0x00, 0x34, 0xd8, 0x92, 0xb4,
    0x00, 0x00, 0x00, 0x00, 0x96, 0xe7, 0xcf, 0x00, 0x00, 0x02, 0xef, 0xe7, 0x71, 0x00, 0x00, 0x00, 0x00, 0x52, 0xff, 0x8d,
    0x00, 0x00, 0x00, 0xb1, 0xff, 0x2d, 0x00, 0x00, 0x06, 0xd0, 0x89, 0x00, 0x00, 0x00, 0x71, 0xdf, 0x0f, 0x00, 0x2b, 0xf5,
    0x3f, 0x00, 0x31, 0xf5, 0x39, 0x00, 0x00, 0x00, 0x70, 0xe1, 0x1b, 0xd9, 0x7b, 0x00, 0x00, 0x00, 0x00, 0x01, 0xbb, 0xee,
    0xbe, 0x02, 0x00, 0x00, 0x00, 0x00, 0x00, 0x67, 0xff, 0x65, 0x00, 0x00, 0x00, 0x00, 0x00, 0x21, 0xf0, 0x9a, 0xee, 0x1b,
    0x00, 0x00, 0x00, 0x04, 0xc7, 0x97, 0x00, 0xa0, 0xbc, 0x01, 0x00, 0x00, 0x86, 0xd4, 0x09, 0x00, 0x0e, 0xdf, 0x72, 0x00,
    0x41, 0xf5, 0x2d, 0x00, 0x00, 0x00, 0x3c, 0xf5, 0x2d, 0x00, 0xad, 0xb2, 0x00, 0x00, 0x00, 0x02, 0xc0, 0x9c, 0x00, 0x12,
    0xe4, 0x69, 0x00, 0x00, 0x77, 0xda, 0x0b, 0x00, 0x00, 0x42, 0xf4, 0x29, 0x31, 0xf4, 0x35, 0x00, 0x00, 0x00, 0x00, 0x8a,
    0xcf, 0xd6, 0x79, 0x00, 0x00, 0x00, 0x00, 0x00, 0x06, 0xd5, 0xc8, 0x02, 0x00, 0x00, 0x00, 0x00, 0x00, 0x00, 0xac, 0x9c,
    0x00, 0x00, 0x00, 0x00, 0x00, 0x00, 0x00, 0xac, 0x9c, 0x00, 0x00, 0x00, 0x00, 0x00, 0x00, 0x00, 0xac, 0x9c, 0x00, 0x00,
    0x00, 0x00, 0x00, 0x00, 0x00, 0xac, 0x9c, 0x00, 0x00, 0x00, 0x44, 0xff, 0xff, 0xff, 0xff, 0xff, 0xff, 0xff, 0x2b, 0x00,
    0x00, 0x00, 0x00, 0x00, 0x0b, 0xcd, 0xaf, 0x02, 0x00, 0x00, 0x00, 0x00, 0x02, 0xb0, 0xcd, 0x0b, 0x00, 0x00, 0x00, 0x00,
    0x00, 0x8c, 0xe4, 0x1b, 0x00, 0x00, 0x00, 0x00, 0x00, 0x65, 0xf4, 0x32, 0x00, 0x00, 0x00, 0x00, 0x00, 0x43, 0xf8, 0x50,
    0x00, 0x00, 0x00, 0x00, 0x00, 0x28, 0xef, 0x74, 0x00, 0x00, 0x00, 0x00, 0x00, 0x14, 0xdd, 0x9c, 0x00, 0x00, 0x00, 0x00,
    0x00, 0x00, 0x6b, 0xff, 0xff, 0xff, 0xff, 0xff, 0xff, 0xff, 0x54, 0x00, 0xe0, 0xff, 0xd0, 0x00, 0x00, 0xe0, 0x48, 0x00,
    0x00, 0x00, 0xe0, 0x48, 0x00, 0x00, 0x00, 0xe0, 0x48, 0x00, 0x00, 0x00, 0xe0, 0x48, 0x00, 0x00, 0x00, 0xe0, 0x48, 0x00,
    0x00, 0x00, 0xe0, 0x48, 0x00, 0x00, 0x00, 0xe0, 0x48, 0x00, 0x00, 0x00, 0xe0, 0x48, 0x00, 0x00, 0x00, 0xe0, 0x48, 0x00,
    0x00, 0x00, 0xe0, 0x48, 0x00, 0x00, 0x00, 0xe0, 0xff, 0xd0, 0x00, 0xda, 0x39, 0x00, 0x00, 0x00, 0x8d, 0x86, 0x00, 0x00,
    0x00, 0x40, 0xd3, 0x00, 0x00, 0x00, 0x04, 0xef, 0x20, 0x00, 0x00, 0x00, 0xa7, 0x6c, 0x00, 0x00, 0x00, 0x5a, 0xb9, 0x00,
    0x00, 0x00, 0x11, 0xf5, 0x0d, 0x00, 0x00, 0x00, 0xc1, 0x53, 0x00, 0x00, 0x00, 0x74, 0x9f, 0x00, 0x00, 0x00, 0x27, 0xea,
    0x02, 0x00, 0x00, 0x00, 0xda, 0x39, 0x00, 0xbc, 0xff, 0xf4, 0x00, 0x00, 0x00, 0x38, 0xf4, 0x00, 0x00, 0x00, 0x38, 0xf4,
    0x00, 0x00, 0x00, 0x38, 0xf4, 0x00, 0x00, 0x00, 0x38, 0xf4, 0x00, 0x00, 0x00, 0x38, 0xf4, 0x00, 0x00, 0x00, 0x38, 0xf4,
    0x00, 0x00, 0x00, 0x38, 0xf4, 0x00, 0x00, 0x00, 0x38, 0xf4, 0x00, 0x00, 0x00, 0x38, 0xf4, 0x00, 0x00, 0x00, 0x38, 0xf4,
    0x00, 0x00, 0xbc, 0xff, 0xf4, 0x00, 0x00, 0x00, 0x00, 0x00, 0x9a, 0xff, 0x7d, 0x00, 0x00, 0x00, 0x00, 0x00, 0x00, 0x00,
    0x78, 0xed, 0x6a, 0xf5, 0x5b, 0x00, 0x00, 0x00, 0x00, 0x00, 0x56, 0xed, 0x32, 0x00, 0x44, 0xf0, 0x3e, 0x00, 0x00, 0x00,
    0x39, 0xe8, 0x35, 0x00, 0x00, 0x00, 0x48, 0xe6, 0x27, 0x00, 0x00, 0x00, 0x00, 0x00, 0x00, 0x00, 0x00, 0x00, 0x00, 0x00,
    0x00, 0x00, 0x00, 0x00, 0x00, 0x00, 0x00, 0x00, 0x00, 0x00, 0x00, 0x00, 0x00, 0x00, 0x00, 0x00, 0x00, 0x00, 0x00, 0x00,
    0x00, 0x00, 0x00, 0x00, 0x00, 0x00, 0x00, 0x00, 0x00, 0x00, 0x00, 0x00, 0x00, 0x00, 0x00, 0x00, 0x00, 0x00, 0x00, 0x00,
    0x00, 0x00, 0x00, 0x00, 0x00, 0x00, 0x00, 0x00, 0x00, 0x00, 0x00, 0x00, 0x00, 0x00, 0x00, 0x00, 0x00, 0x00, 0x00, 0x00,
    0x00, 0x20, 0xff, 0xff, 0xff, 0xff, 0xff, 0xff, 0xa0, 0x00, 0x69, 0xbd, 0x07, 0x00, 0x00, 0x00, 0x00, 0x00, 0x60, 0xa7,
    0x02, 0x00, 0x00, 0x00, 0x00, 0x00, 0x00, 0x00, 0x00, 0x00, 0x00, 0x00, 0x00, 0x00, 0x00, 0x00, 0x00, 0x00, 0x00, 0x00,
    0x00, 0x00, 0x00, 0x00, 0x00, 0x00, 0x00, 0x00, 0x00, 0x00, 0x00, 0x00, 0x00, 0x00, 0x00, 0x00, 0x00, 0x00, 0x00, 0x00,
    0x00, 0x00, 0x00, 0x00, 0x00, 0x00, 0x00, 0x00, 0x00, 0x00, 0x00, 0x00, 0x00, 0x00, 0x00, 0x00, 0x00, 0x00, 0x00, 0x00,
    0xb4, 0xff, 0xfe, 0xdf, 0x7c, 0x01, 0x00, 0x00, 0x00, 0x00, 0x03, 0x31, 0xdb, 0x5a, 0x00, 0x00, 0x00, 0x00, 0x00, 0x00,
    0x6e, 0xa8, 0x00, 0x00, 0x55, 0xce, 0xf4, 0xff, 0xff, 0xc4, 0x00, 0x17, 0xfc, 0x50, 0x0d, 0x01, 0x70, 0xc8, 0x00, 0x20,
    0xfe, 0x41, 0x07, 0x39, 0xe1, 0xc8, 0x00, 0x00, 0x74, 0xe8, 0xf9, 0xc7, 0x8f, 0xc8, 0x00, 0x00, 0xd0, 0x5c, 0x00, 0x00,
    0x00, 0x00, 0x00, 0x00, 0xd0, 0x5c, 0x00, 0x00, 0x00, 0x00, 0x00, 0x00, 0xd0, 0x5c, 0x00, 0x00, 0x00, 0x00, 0x00, 0x00,
    0xd0, 0x5c, 0x00, 0x00, 0x00, 0x00, 0x00, 0x00, 0xd0, 0x86, 0xc3, 0xf2, 0xce, 0x3b, 0x00, 0x00, 0xd0, 0xee, 0x40, 0x0e,
    0x77, 0xf1, 0x15, 0x00, 0xd0, 0x86, 0x00, 0x00, 0x00, 0xd6, 0x66, 0x00, 0xd0, 0x64, 0x00, 0x00, 0x00, 0xb4, 0x82, 0x00,
    0xd0, 0x85, 0x00, 0x00, 0x00, 0xd6, 0x66, 0x00, 0xd0, 0xed, 0x3f, 0x0d, 0x74, 0xf2, 0x15, 0x00, 0xd0, 0x87, 0xc4, 0xf3,
    0xcf, 0x3d, 0x00, 0x00, 0x0e, 0x91, 0xdf, 0xef, 0x99, 0x0b, 0x00, 0xb1, 0xc3, 0x2a, 0x10, 0x66, 0x4c, 0x1e, 0xff, 0x24,
    0x00, 0x00, 0x00, 0x00, 0x3e, 0xfc, 0x01, 0x00, 0x00, 0x00, 0x00, 0x1e, 0xff, 0x24, 0x00, 0x00, 0x00, 0x00, 0x00, 0xb3,
    0xc2, 0x29, 0x0f, 0x65, 0x4c, 0x00, 0x0f, 0x95, 0xe2, 0xed, 0x98, 0x0b, 0x00, 0x00, 0x00, 0x00, 0x00, 0x18, 0xff, 0x14,
    0x00, 0x00, 0x00, 0x00, 0x00, 0x18, 0xff, 0x14, 0x00, 0x00, 0x00, 0x00, 0x00, 0x18, 0xff, 0x14, 0x00, 0x00, 0x00, 0x00,
    0x00, 0x18, 0xff, 0x14, 0x00, 0x19, 0xb4, 0xf2, 0xd6, 0x6b, 0xff, 0x14, 0x00, 0xc2, 0xac, 0x16, 0x23, 0xcb, 0xff, 0x14,
    0x23, 0xff, 0x16, 0x00, 0x00, 0x43, 0xff, 0x14, 0x3f, 0xf4, 0x00, 0x00, 0x00, 0x20, 0xff, 0x14, 0x23, 0xff, 0x16, 0x00,
    0x00, 0x42, 0xff, 0x14, 0x00, 0xc4, 0xaa, 0x15, 0x22, 0xc9, 0xff, 0x14, 0x00, 0x1b, 0xb6, 0xf2, 0xd6, 0x6b, 0xff, 0x14,
    0x00, 0x0c, 0x91, 0xe1, 0xf0, 0xb4, 0x1f, 0x00, 0x00, 0xae, 0xb6, 0x21, 0x0e, 0x8c, 0xce, 0x02, 0x1c, 0xff, 0x1a, 0x00,
    0x00, 0x02, 0xf1, 0x2d, 0x3d, 0xff, 0xff, 0xff, 0xff, 0xff, 0xff, 0x4d, 0x1e, 0xfd, 0x13, 0x00, 0x00, 0x00, 0x00, 0x00,
    0x00, 0xaf, 0xb3, 0x26, 0x0a, 0x35, 0xaf, 0x07, 0x00, 0x0d, 0x8b, 0xdd, 0xf4, 0xc8, 0x4f, 0x00, 0x00, 0x05, 0xa1, 0xf3,
    0xd4, 0x00, 0x54, 0xd6, 0x0f, 0x00, 0x00, 0x84, 0x9f, 0x00, 0x00, 0x00, 0x93, 0x98, 0x00, 0x00, 0xb4, 0xff, 0xff, 0xff,
    0x84, 0x00, 0x94, 0x98, 0x00, 0x00, 0x00, 0x94, 0x98, 0x00, 0x00, 0x00, 0x94, 0x98, 0x00, 0x00, 0x00, 0x94, 0x98, 0x00,
    0x00, 0x00, 0x94, 0x98, 0x00, 0x00, 0x00, 0x94, 0x98, 0x00, 0x00, 0x00, 0x1b, 0xb6, 0xf2, 0xd6, 0x6d, 0xff, 0x14, 0x00,
    0xc4, 0xa7, 0x15, 0x22, 0xc9, 0xff, 0x14, 0x24, 0xff, 0x14, 0x00, 0x00, 0x42, 0xff, 0x14, 0x3f, 0xf3, 0x00, 0x00, 0x00,
    0x20, 0xff, 0x14, 0x24, 0xff, 0x14, 0x00, 0x00, 0x42, 0xff, 0x14, 0x00, 0xc6, 0xa7, 0x15, 0x22, 0xc9, 0xff, 0x14, 0x00,
    0x1d, 0xb7, 0xf2, 0xd7, 0x74, 0xff, 0x0e, 0x00, 0x00, 0x00, 0x00, 0x00, 0x4a, 0xee, 0x00, 0x00, 0x57, 0x53, 0x0d, 0x2f,
    0xd3, 0x96, 0x00, 0x00, 0x13, 0xa8, 0xee, 0xe3, 0x91, 0x09, 0x00, 0x00, 0xd0, 0x5c, 0x00, 0x00, 0x00, 0x00, 0x00, 0x00,
    0xd0, 0x5c, 0x00, 0x00, 0x00, 0x00, 0x00, 0x00, 0xd0, 0x5c, 0x00, 0x00, 0x00, 0x00, 0x00, 0x00, 0xd0, 0x5c, 0x00, 0x00,
    0x00, 0x00, 0x00, 0x00, 0xd0, 0x83, 0xbe, 0xf2, 0xd9, 0x46, 0x00, 0x00, 0xd0, 0xe1, 0x36, 0x0a, 0x7b, 0xe9, 0x01, 0x00,
    0xd0, 0x72, 0x00, 0x00, 0x11, 0xff, 0x1b, 0x00, 0xd0, 0x5c, 0x00, 0x00, 0x08, 0xff, 0x24, 0x00, 0xd0, 0x5c, 0x00, 0x00,
    0x08, 0xff, 0x24, 0x00, 0xd0, 0x5c, 0x00, 0x00, 0x08, 0xff, 0x24, 0x00, 0xd0, 0x5c, 0x00, 0x00, 0x08, 0xff, 0x24, 0x00,
    0xc8, 0x64, 0x00, 0x00, 0x00, 0x00, 0x00, 0x00, 0x00, 0x00, 0x00, 0x00, 0xc8, 0x64, 0x00, 0x00, 0xc8, 0x64, 0x00, 0x00,
    0xc8, 0x64, 0x00, 0x00, 0xc8, 0x64, 0x00, 0x00, 0xc8, 0x64, 0x00, 0x00, 0xc8, 0x64, 0x00, 0x00, 0xc8, 0x64, 0x00, 0x00,
    0x00, 0xc8, 0x64, 0x00, 0x00, 0x00, 0x00, 0x00, 0x00, 0x00, 0x00, 0x00, 0x00, 0x00, 0x00, 0x00, 0xc8, 0x64, 0x00, 0x00,
    0x00, 0xc8, 0x64, 0x00, 0x00, 0x00, 0xc8, 0x64, 0x00, 0x00, 0x00, 0xc8, 0x64, 0x00, 0x00, 0x00, 0xc8, 0x64, 0x00, 0x00,
    0x00, 0xc8, 0x64, 0x00, 0x00, 0x00, 0xc8, 0x64, 0x00, 0x00, 0x00, 0xcc, 0x5e, 0x00, 0x00, 0x19, 0xef, 0x3c, 0x00, 0x3c,
    0xf3, 0x9f, 0x00, 0x00, 0x00, 0xd0, 0x5c, 0x00, 0x00, 0x00, 0x00, 0x00, 0x00, 0xd0, 0x5c, 0x00, 0x00, 0x00, 0x00, 0x00,
    0x00, 0xd0, 0x5c, 0x00, 0x00, 0x00, 0x00, 0x00, 0x00, 0xd0, 0x5c, 0x00, 0x00, 0x00, 0x00, 0x00, 0x00, 0xd0, 0x5c, 0x00,
    0x0a, 0xb1, 0xb5, 0x0b, 0x00, 0xd0, 0x5c, 0x18, 0xcb, 0x97, 0x03, 0x00, 0x00, 0xd0, 0x86, 0xde, 0x77, 0x00, 0x00, 0x00,
    0x00, 0xd0, 0xe8, 0xd4, 0x0c, 0x00, 0x00, 0x00, 0x00, 0xd0, 0x60, 0xa7, 0xc7, 0x11, 0x00, 0x00, 0x00, 0xd0, 0x5c, 0x02,
    0x9b, 0xd0, 0x16, 0x00, 0x00, 0xd0, 0x5c, 0x00, 0x00, 0x8e, 0xd8, 0x1c, 0x00, 0xc8, 0x64, 0x00, 0x00, 0xc8, 0x64, 0x00,
    0x00, 0xc8, 0x64, 0x00, 0x00, 0xc8, 0x64, 0x00, 0x00, 0xc8, 0x64, 0x00, 0x00, 0xc8, 0x64, 0x00, 0x00, 0xc8, 0x64, 0x00,
    0x00, 0xc8, 0x64, 0x00, 0x00, 0xc8, 0x64, 0x00, 0x00, 0xc8, 0x64, 0x00, 0x00, 0xc8, 0x64, 0x00, 0x00, 0xd0, 0x8e, 0xc3,
    0xf4, 0xd6, 0x37, 0x73, 0xe4, 0xf1, 0x9a, 0x02, 0x00, 0x00, 0xd0, 0xdf, 0x33, 0x0c, 0x9e, 0xf2, 0x9a, 0x12, 0x25, 0xe7,
    0x55, 0x00, 0x00, 0xd0, 0x71, 0x00, 0x00, 0x40, 0xfe, 0x0b, 0x00, 0x00, 0xa4, 0x87, 0x00, 0x00, 0xd0, 0x5c, 0x00, 0x00,
    0x38, 0xf4, 0x00, 0x00, 0x00, 0x9c, 0x90, 0x00, 0x00, 0xd0, 0x5c, 0x00, 0x00, 0x38, 0xf4, 0x00, 0x00, 0x00, 0x9c, 0x90,
    0x00, 0x00, 0xd0, 0x5c, 0x00, 0x00, 0x38, 0xf4, 0x00, 0x00, 0x00, 0x9c, 0x90, 0x00, 0x00, 0xd0, 0x5c, 0x00, 0x00, 0x38,
    0xf4, 0x00, 0x00, 0x00, 0x9c, 0x90, 0x00, 0x00, 0xd0, 0x83, 0xbe, 0xf2, 0xd9, 0x46, 0x00, 0x00, 0xd0, 0xe1, 0x36, 0x0a,
    0x7b, 0xe9, 0x01, 0x00, 0xd0, 0x72, 0x00, 0x00, 0x11, 0xff, 0x1b, 0x00, 0xd0, 0x5c, 0x00, 0x00, 0x08, 0xff, 0x24, 0x00,
    0xd0, 0x5c, 0x00, 0x00, 0x08, 0xff, 0x24, 0x00, 0xd0, 0x5c, 0x00, 0x00, 0x08, 0xff, 0x24, 0x00, 0xd0, 0x5c, 0x00, 0x00,
    0x08, 0xff, 0x24, 0x00, 0x16, 0xa6, 0xea, 0xe9, 0xa1, 0x12, 0x00, 0x00, 0xc0, 0xb5, 0x1a, 0x1d, 0xbe, 0xb5, 0x00, 0x22,
    0xff, 0x20, 0x00, 0x00, 0x2c, 0xff, 0x19, 0x3f, 0xfb, 0x00, 0x00, 0x00, 0x08, 0xff, 0x36, 0x22, 0xff, 0x1e, 0x00, 0x00,
    0x2c, 0xff, 0x19, 0x00, 0xc1, 0xb3, 0x19, 0x1d, 0xbe, 0xb6, 0x00, 0x00, 0x18, 0xa7, 0xeb, 0xea, 0xa3, 0x14, 0x00, 0x00,
    0xd0, 0x86, 0xc3, 0xf2, 0xce, 0x3b, 0x00, 0x00, 0xd0, 0xee, 0x40, 0x0e, 0x77, 0xf1, 0x15, 0x00, 0xd0, 0x86, 0x00, 0x00,
    0x00, 0xd6, 0x66, 0x00, 0xd0, 0x64, 0x00, 0x00, 0x00, 0xb4, 0x82, 0x00, 0xd0, 0x85, 0x00, 0x00, 0x00, 0xd6, 0x66, 0x00,
    0xd0, 0xed, 0x3f, 0x0d, 0x74, 0xf2, 0x15, 0x00, 0xd0, 0x87, 0xc4, 0xf3, 0xcf, 0x3d, 0x00, 0x00, 0xd0, 0x5c, 0x00, 0x00,
    0x00, 0x00, 0x00, 0x00, 0xd0, 0x5c, 0x00, 0x00, 0x00, 0x00, 0x00, 0x00, 0xd0, 0x5c, 0x00, 0x00, 0x00, 0x00, 0x00, 0x00,
    0x19, 0xb4, 0xf2, 0xd6, 0x6b, 0xff, 0x14, 0x00, 0xc2, 0xac, 0x16, 0x23, 0xcb, 0xff, 0x14, 0x23, 0xff, 0x16, 0x00, 0x00,
    0x43, 0xff, 0x14, 0x3f, 0xf4, 0x00, 0x00, 0x00, 0x20, 0xff, 0x14, 0x23, 0xff, 0x16, 0x00, 0x00, 0x42, 0xff, 0x14, 0x00,
    0xc4, 0xaa, 0x15, 0x22, 0xc9, 0xff, 0x14, 0x00, 0x1b, 0xb6, 0xf2, 0xd6, 0x6b, 0xff, 0x14, 0x00, 0x00, 0x00, 0x00, 0x00,
    0x18, 0xff, 0x14, 0x00, 0x00, 0x00, 0x00, 0x00, 0x18, 0xff, 0x14, 0x00, 0x00, 0x00, 0x00, 0x00, 0x18, 0xff, 0x14, 0x00,
    0xd0, 0x85, 0xc0, 0xf3, 0x58, 0x00, 0xd0, 0xe7, 0x3a, 0x03, 0x00, 0x00, 0xd0, 0x7b, 0x00, 0x00, 0x00, 0x00, 0xd0, 0x5d,
    0x00, 0x00, 0x00, 0x00, 0xd0, 0x5c, 0x00, 0x00, 0x00, 0x00, 0xd0, 0x5c, 0x00, 0x00, 0x00, 0x00, 0xd0, 0x5c, 0x00, 0x00,
    0x00, 0x00, 0x6e, 0xdf, 0xf5, 0xc3, 0x32, 0x00, 0x26, 0xfa, 0x3b, 0x08, 0x38, 0x8b, 0x00, 0x21, 0xf4, 0x2d, 0x00, 0x00,
    0x00, 0x00, 0x00, 0x4d, 0xb8, 0xcc, 0x9e, 0x2f, 0x00, 0x00, 0x00, 0x00, 0x02, 0x5c, 0xf1, 0x0a, 0x45, 0x86, 0x24, 0x07,
    0x5f, 0xfa, 0x0c, 0x06, 0x76, 0xdb, 0xf6, 0xd0, 0x50, 0x00, 0x00, 0xcc, 0x60, 0x00, 0x00, 0x00, 0xcc, 0x60, 0x00, 0x00,
    0xa8, 0xff, 0xff, 0xff, 0xc8, 0x00, 0xcc, 0x60, 0x00, 0x00, 0x00, 0xcc, 0x60, 0x00, 0x00, 0x00, 0xcc, 0x60, 0x00, 0x00,
    0x00, 0xca, 0x60, 0x00, 0x00, 0x00, 0xb1, 0x8e, 0x04, 0x00, 0x00, 0x3b, 0xd7, 0xfb, 0xc8, 0x00, 0xe4, 0x44, 0x00, 0x00,
    0x1c, 0xff, 0x10, 0x00, 0xe4, 0x44, 0x00, 0x00, 0x1c, 0xff, 0x10, 0x00, 0xe4, 0x44, 0x00, 0x00, 0x1c, 0xff, 0x10, 0x00,
    0xe4, 0x44, 0x00, 0x00, 0x1c, 0xff, 0x10, 0x00, 0xdb, 0x4d, 0x00, 0x00, 0x32, 0xff, 0x10, 0x00, 0xab, 0xae, 0x10, 0x1f,
    0xbb, 0xff, 0x10, 0x00, 0x22, 0xc2, 0xf5, 0xd3, 0x69, 0xff, 0x10, 0x6c, 0xcf, 0x00, 0x00, 0x00, 0x21, 0xfd, 0x20, 0x11,
    0xf8, 0x30, 0x00, 0x00, 0x81, 0xbd, 0x00, 0x00, 0xa9, 0x91, 0x00, 0x01, 0xe0, 0x5b, 0x00, 0x00, 0x48, 0xec, 0x06, 0x43,
    0xf0, 0x09, 0x00, 0x00, 0x02, 0xe4, 0x52, 0xa3, 0x98, 0x00, 0x00, 0x00, 0x00, 0x86, 0xc0, 0xf5, 0x36, 0x00, 0x00, 0x00,
    0x00, 0x25, 0xff, 0xd4, 0x00, 0x00, 0x00, 0x53, 0xd9, 0x00, 0x00, 0x83, 0xff, 0x22, 0x00, 0x37, 0xf1, 0x04, 0x11, 0xfd,
    0x1e, 0x00, 0xc7, 0xda, 0x66, 0x00, 0x7b, 0xb1, 0x00, 0x00, 0xcb, 0x62, 0x0e, 0xf0, 0x62, 0xab, 0x00, 0xbf, 0x6d, 0x00,
    0x00, 0x87, 0xa6, 0x4f, 0xb7, 0x18, 0xed, 0x0c, 0xf8, 0x29, 0x00, 0x00, 0x43, 0xe8, 0x94, 0x72, 0x00, 0xd3, 0x7c, 0xe5,
    0x00, 0x00, 0x00, 0x07, 0xf6, 0xf1, 0x2e, 0x00, 0x8f, 0xf1, 0xa1, 0x00, 0x00, 0x00, 0x00, 0xba, 0xe9, 0x01, 0x00, 0x4a,
    0xff, 0x5d, 0x00, 0x00, 0x1a, 0xe9, 0x5c, 0x00, 0x00, 0x9d, 0xbf, 0x03, 0x00, 0x44, 0xf2, 0x29, 0x5e, 0xe8, 0x18, 0x00,
    0x00, 0x00, 0x80, 0xda, 0xf2, 0x42, 0x00, 0x00, 0x00, 0x00, 0x18, 0xf9, 0xc1, 0x00, 0x00, 0x00, 0x00, 0x02, 0xb9, 0xad,
    0xe6, 0x62, 0x00, 0x00, 0x00, 0x7e, 0xd6, 0x0b, 0x40, 0xf2, 0x2c, 0x00, 0x41, 0xf2, 0x2b, 0x00, 0x00, 0x7c, 0xd7, 0x0b,
    0x68, 0xd3, 0x00, 0x00, 0x00, 0x25, 0xfc, 0x1f, 0x0c, 0xf1, 0x3b, 0x00, 0x00, 0x8c, 0xb7, 0x00, 0x00, 0x94, 0xa3, 0x00,
    0x07, 0xec, 0x52, 0x00, 0x00, 0x2a, 0xf7, 0x13, 0x5c, 0xe8, 0x05, 0x00, 0x00, 0x00, 0xc0, 0x73, 0xc4, 0x88, 0x00, 0x00,
    0x00, 0x00, 0x56, 0xe9, 0xfe, 0x24, 0x00, 0x00, 0x00, 0x00, 0x05, 0xe7, 0xbd, 0x00, 0x00, 0x00, 0x00, 0x00, 0x07, 0xed,
    0x58, 0x00, 0x00, 0x00, 0x00, 0x01, 0x72, 0xe4, 0x05, 0x00, 0x00, 0x00, 0x00, 0xf7, 0xe7, 0x49, 0x00, 0x00, 0x00, 0x00,
    0x48, 0xff, 0xff, 0xff, 0xff, 0xff, 0x44, 0x00, 0x00, 0x00, 0x00, 0x7e, 0xcd, 0x0c, 0x00, 0x00, 0x00, 0x5f, 0xde, 0x18,
    0x00, 0x00, 0x00, 0x46, 0xe8, 0x28, 0x00, 0x00, 0x00, 0x30, 0xea, 0x3b, 0x00, 0x00, 0x00, 0x1f, 0xe4, 0x53, 0x00, 0x00,
    0x00, 0x00, 0x70, 0xff, 0xff, 0xff, 0xff, 0xff, 0x44, 0x00, 0x00, 0x00, 0x08, 0xb7, 0xf4, 0xa3, 0x00, 0x00, 0x00, 0x00,
    0x50, 0xe9, 0x1a, 0x00, 0x00, 0x00, 0x00, 0x00, 0x67, 0xc8, 0x00, 0x00, 0x00, 0x00, 0x00, 0x00, 0x6b, 0xc6, 0x00, 0x00,
    0x00, 0x00, 0x00, 0x0f, 0xb0, 0xa4, 0x00, 0x00, 0x00, 0x00, 0x60, 0xff, 0xe6, 0x21, 0x00, 0x00, 0x00, 0x00, 0x00, 0x15,
    0xc5, 0x95, 0x00, 0x00, 0x00, 0x00, 0x00, 0x00, 0x73, 0xc2, 0x00, 0x00, 0x00, 0x00, 0x00, 0x00, 0x68, 0xc8, 0x00, 0x00,
    0x00, 0x00, 0x00, 0x00, 0x64, 0xcb, 0x00, 0x00, 0x00, 0x00, 0x00, 0x00, 0x48, 0xee, 0x1f, 0x00, 0x00, 0x00, 0x00, 0x00,
    0x04, 0xb0, 0xf3, 0xa3, 0x00, 0x00, 0x58, 0xbc, 0x00, 0x00, 0x58, 0xbc, 0x00, 0x00, 0x58, 0xbc, 0x00, 0x00, 0x58, 0xbc,
    0x00, 0x00, 0x58, 0xbc, 0x00, 0x00, 0x58, 0xbc, 0x00, 0x00, 0x58, 0xbc, 0x00, 0x00, 0x58, 0xbc, 0x00, 0x00, 0x58, 0xbc,
    0x00, 0x00, 0x58, 0xbc, 0x00, 0x00, 0x58, 0xbc, 0x00, 0x00, 0x58, 0xbc, 0x00, 0x00, 0x58, 0xbc, 0x00, 0x00, 0x60, 0xfa,
    0xd2, 0x2b, 0x00, 0x00, 0x00, 0x00, 0x00, 0x0a, 0xb1, 0x94, 0x00, 0x00, 0x00, 0x00, 0x00, 0x00, 0x80, 0xab, 0x00, 0x00,
    0x00, 0x00, 0x00, 0x00, 0x7e, 0xaf, 0x00, 0x00, 0x00, 0x00, 0x00, 0x00, 0x5e, 0xe3, 0x1f, 0x00, 0x00, 0x00, 0x00, 0x00,
    0x03, 0xbe, 0xff, 0xa4, 0x00, 0x00, 0x00, 0x00, 0x50, 0xf0, 0x2d, 0x01, 0x00, 0x00, 0x00, 0x00, 0x7a, 0xb7, 0x00, 0x00,
    0x00, 0x00, 0x00, 0x00, 0x80, 0xac, 0x00, 0x00, 0x00, 0x00, 0x00, 0x00, 0x83, 0xa8, 0x00, 0x00, 0x00, 0x00, 0x00, 0x0d,
    0xbb, 0x8c, 0x00, 0x00, 0x00, 0x00, 0x60, 0xfa, 0xce, 0x24, 0x00, 0x00, 0x00, 0x00, 0x00, 0x00, 0x00, 0x00, 0x00, 0x00,
    0x00, 0x00, 0x03, 0x00, 0x00, 0x23, 0xae, 0xee, 0xdf, 0x85, 0x27, 0x0b, 0x65, 0x78, 0x00, 0x00, 0x7d, 0x4f, 0x0e, 0x2f,
    0x91, 0xe6, 0xeb, 0xa3, 0x18, 0x00, 0x00, 0x00, 0x00, 0x00, 0x00, 0x00, 0x00, 0x00, 0x00, 0x00, 0x00, 0x00, 0x00, 0x00,
    0x00, 0x00, 0x00, 0x00, 0x00, 0x00, 0x00, 0x00, 0x00, 0x00, 0x00, 0x00, 0x00, 0x00, 0x00, 0x00, 0x00, 0x00, 0x00, 0x00,
    0x08, 0xff, 0x40, 0x00, 0x00, 0x08, 0xff, 0x40, 0x00, 0x00, 0x00, 0x00, 0x00, 0x00, 0x00, 0x00, 0xf0, 0x27, 0x00, 0x00,
    0x01, 0xfd, 0x36, 0x00, 0x00, 0x07, 0xff, 0x3f, 0x00, 0x00, 0x08, 0xff, 0x40, 0x00, 0x00, 0x08, 0xff, 0x40, 0x00, 0x00,
    0x08, 0xff, 0x40, 0x00, 0x00, 0x00, 0x00, 0x00, 0xa8, 0x00, 0x00, 0x00, 0x00, 0x00, 0x00, 0x00, 0xa8, 0x00, 0x00, 0x00,
    0x00, 0x00, 0x5c, 0xce, 0xfd, 0xcd, 0x33, 0x00, 0x00, 0x57, 0xf3, 0x57, 0xaf, 0x30, 0x83, 0x00, 0x00, 0xc0, 0x85, 0x00,
    0xa8, 0x00, 0x00, 0x00, 0x00, 0xde, 0x5c, 0x00, 0xa8, 0x00, 0x00, 0x00, 0x00, 0xc1, 0x84, 0x00, 0xa8, 0x00, 0x00, 0x00,
    0x00, 0x59, 0xf1, 0x53, 0xae, 0x31, 0x83, 0x00, 0x00, 0x00, 0x5f, 0xd0, 0xfd, 0xd2, 0x35, 0x00, 0x00, 0x00, 0x00, 0x00,
    0xa8, 0x00, 0x00, 0x00, 0x00, 0x00, 0x00, 0x00, 0xa8, 0x00, 0x00, 0x00, 0x00, 0x00, 0x05, 0x94, 0xe7, 0xe9, 0x5f, 0x00,
    0x00, 0x00, 0x67, 0xe9, 0x2a, 0x16, 0x98, 0x00, 0x00, 0x00, 0x9f, 0xa6, 0x00, 0x00, 0x00, 0x00, 0x00, 0x00, 0xaf, 0x98,
    0x00, 0x00, 0x00, 0x00, 0x00, 0xf4, 0xff, 0xff, 0xff, 0xff, 0x10, 0x00, 0x00, 0x00, 0xb0, 0x98, 0x00, 0x00, 0x00, 0x00,
    0x00, 0x00, 0xb0, 0x98, 0x00, 0x00, 0x00, 0x00, 0x00, 0x00, 0xb0, 0x98, 0x00, 0x00, 0x00, 0x00, 0x30, 0xff, 0xff, 0xff,
    0xff, 0xff, 0xff, 0x20, 0x00, 0x00, 0x00, 0x00, 0x00, 0x00, 0x00, 0x00, 0x21, 0xaf, 0x07, 0x00, 0x00, 0x00, 0x7f, 0x61,
    0x08, 0xb9, 0xc2, 0xdf, 0xef, 0xb1, 0xe4, 0x24, 0x00, 0x47, 0xd7, 0x29, 0x11, 0xa2, 0x94, 0x00, 0x00, 0x85, 0x7d, 0x00,
    0x00, 0x31, 0xcc, 0x00, 0x00, 0x49, 0xd7, 0x28, 0x11, 0xa3, 0x8e, 0x00, 0x09, 0xba, 0xc2, 0xe2, 0xef, 0xad, 0xe4, 0x27,
    0x25, 0xad, 0x06, 0x00, 0x00, 0x00, 0x76, 0x59, 0x00, 0x00, 0x00, 0x00, 0x00, 0x00, 0x00, 0x00, 0x2d, 0xea, 0x18, 0x00,
    0x00, 0x01, 0xc5, 0x65, 0x00, 0x7b, 0xa6, 0x00, 0x00, 0x64, 0xb8, 0x00, 0x00, 0x03, 0xc9, 0x42, 0x14, 0xdd, 0x1c, 0x00,
    0x24, 0xff, 0xff, 0xd7, 0xa3, 0xff, 0xff, 0x64, 0x00, 0x00, 0x00, 0xb3, 0xe7, 0x0f, 0x00, 0x00, 0x24, 0xff, 0xff, 0xff,
    0xff, 0xff, 0xff, 0x64, 0x00, 0x00, 0x00, 0x80, 0xc8, 0x00, 0x00, 0x00, 0x00, 0x00, 0x00, 0x80, 0xc8, 0x00, 0x00, 0x00,
    0x00, 0x00, 0x00, 0x80, 0xc8, 0x00, 0x00, 0x00, 0x00, 0x58, 0xbc, 0x00, 0x00, 0x58, 0xbc, 0x00, 0x00, 0x58, 0xbc, 0x00,
    0x00, 0x58, 0xbc, 0x00, 0x00, 0x58, 0xbc, 0x00, 0x00, 0x00, 0x00, 0x00, 0x00, 0x00, 0x00, 0x00, 0x00, 0x58, 0xbc, 0x00,
    0x00, 0x58, 0xbc, 0x00, 0x00, 0x58, 0xbc, 0x00, 0x00, 0x58, 0xbc, 0x00, 0x00, 0x58, 0xbc, 0x00, 0x00, 0x63, 0xe1, 0xfe,
    0xff, 0x44, 0x00, 0x00, 0xef, 0x5f, 0x02, 0x00, 0x00, 0x00, 0x00, 0x99, 0xc6, 0x36, 0x00, 0x00, 0x00, 0x18, 0xd7, 0x75,
    0xde, 0xa2, 0x0c, 0x00, 0x61, 0xae, 0x00, 0x09, 0xa8, 0xad, 0x00, 0x2a, 0xf0, 0x56, 0x00, 0x34, 0xda, 0x00, 0x00, 0x35,
    0xd1, 0xb8, 0xc0, 0x60, 0x00, 0x00, 0x00, 0x03, 0x60, 0xe9, 0x2d, 0x00, 0x00, 0x00, 0x00, 0x14, 0xd4, 0x69, 0x00, 0x00,
    0xe8, 0xff, 0xf3, 0xac, 0x0d, 0x00, 0x00, 0xa4, 0xa8, 0x28, 0xff, 0x24, 0x00, 0x00, 0x00, 0x00, 0x00, 0x00, 0x00, 0x00,
    0x00, 0x00, 0x00, 0x00, 0x00, 0x00, 0x00, 0x00, 0x00, 0x00, 0x00, 0x00, 0x00, 0x00, 0x00, 0x00, 0x00, 0x00, 0x00, 0x00,
    0x00, 0x00, 0x00, 0x00, 0x00, 0x00, 0x00, 0x00, 0x00, 0x00, 0x00, 0x00, 0x00, 0x00, 0x00, 0x00, 0x00, 0x00, 0x00, 0x00,
    0x00, 0x00, 0x00, 0x00, 0x00, 0x00, 0x00, 0x00, 0x00, 0x00, 0x00, 0x00, 0x00, 0x00, 0x00, 0x00, 0x00, 0x00, 0x00, 0x11,
    0x8b, 0xe0, 0xfa, 0xdf, 0x8a, 0x10, 0x00, 0x00, 0x00, 0x00, 0x00, 0x19, 0xd2, 0x7b, 0x20, 0x05, 0x20, 0x79, 0xd1, 0x18,
    0x00, 0x00, 0x00, 0x00, 0xad, 0x3c, 0x47, 0xce, 0xf8, 0xff, 0x64, 0x39, 0xac, 0x00, 0x00, 0x00, 0x13, 0x9e, 0x18, 0xef,
    0x52, 0x08, 0x00, 0x00, 0x00, 0x9d, 0x12, 0x00, 0x00, 0x2e, 0x76, 0x44, 0xc9, 0x00, 0x00, 0x00, 0x00, 0x00, 0x77, 0x2d,
    0x00, 0x00, 0x14, 0x9f, 0x18, 0xee, 0x50, 0x08, 0x00, 0x00, 0x00, 0x9d, 0x13, 0x00, 0x00, 0x00, 0xae, 0x3c, 0x48, 0xce,
    0xf8, 0xff, 0x64, 0x39, 0xad, 0x00, 0x00, 0x00, 0x00, 0x19, 0xd4, 0x85, 0x29, 0x0a, 0x28, 0x82, 0xd3, 0x19, 0x00, 0x00,
    0x00, 0x00, 0x00, 0x11, 0x8f, 0xe1, 0xfa, 0xe1, 0x8e, 0x11, 0x00, 0x00, 0x00, 0x00, 0xe0, 0xff, 0xe9, 0x6f, 0x00, 0x00,
    0x00, 0x00, 0x1d, 0xd9, 0x16, 0x05, 0x9d, 0xef, 0xff, 0xff, 0x38, 0x36, 0xd4, 0x1b, 0x22, 0xdd, 0x3c, 0x09, 0xba, 0xf8,
    0xb2, 0xbc, 0x3c, 0x00, 0x00, 0x00, 0x00, 0x00, 0x00, 0x20, 0xff, 0xff, 0xff, 0xff, 0x40, 0x00, 0x00, 0x00, 0x00, 0x00,
    0x00, 0x00, 0x00, 0x00, 0x00, 0x00, 0x00, 0x00, 0x00, 0x01, 0x8a, 0x00, 0x0e, 0x7c, 0x00, 0x00, 0x04, 0xa2, 0xac, 0x16,
    0xcd, 0x6e, 0x00, 0x00, 0xb4, 0x99, 0x19, 0xd7, 0x62, 0x00, 0x00, 0x00, 0xb4, 0x98, 0x19, 0xd7, 0x62, 0x00, 0x00, 0x00,
    0x04, 0xa2, 0xac, 0x16, 0xcd, 0x6e, 0x00, 0x00, 0x00, 0x01, 0x8a, 0x00, 0x0e, 0x7c, 0x00, 0x00, 0x00, 0x00, 0x00, 0x00,
    0x00, 0x00, 0x00, 0x00, 0xa0, 0xff, 0xff, 0xff, 0xff, 0xff, 0xff, 0xff, 0x84, 0x00, 0x00, 0x00, 0x00, 0x00, 0x00, 0x00,
    0x00, 0x00, 0x8c, 0x84, 0x00, 0x00, 0x00, 0x00, 0x00, 0x00, 0x00, 0x00, 0x00, 0x8c, 0x84, 0x00, 0x00, 0x00, 0x00, 0x00,
    0x00, 0x00, 0x00, 0x00, 0x8c, 0x84, 0x00, 0x00, 0x00, 0x00, 0x00, 0x00, 0x00, 0x00, 0x00, 0x00, 0x00, 0x00, 0x5c, 0xff,
    0xff, 0xff, 0x10, 0x00, 0x00, 0x00, 0x00, 0x00, 0x00, 0x00, 0x00, 0x00, 0x00, 0x00, 0x00, 0x00, 0x00, 0x00, 0x00, 0x00,
    0x00, 0x11, 0x8b, 0xe0, 0xfa, 0xdf, 0x8a, 0x10, 0x00, 0x00, 0x00, 0x00, 0x00, 0x19, 0xd2, 0x7b, 0x20, 0x05, 0x20, 0x79,
    0xd1, 0x18, 0x00, 0x00, 0x00, 0x00, 0xad, 0x3c, 0x70, 0xff, 0xfb, 0xd4, 0x32, 0x39, 0xac, 0x00, 0x00, 0x00, 0x13, 0x9e,
    0x00, 0x70, 0x8c, 0x06, 0x9b, 0x8a, 0x00, 0x9d, 0x12, 0x00, 0x00, 0x2e, 0x76, 0x00, 0x70, 0xff, 0xff, 0xca, 0x21, 0x00,
    0x77, 0x2d, 0x00, 0x00, 0x14, 0x9f, 0x00, 0x70, 0x8c, 0x36, 0xdc, 0x17, 0x00, 0x9d, 0x13, 0x00, 0x00, 0x00, 0xae, 0x3c,
    0x70, 0x8c, 0x00, 0x62, 0xb5, 0x3a, 0xad, 0x00, 0x00, 0x00, 0x00, 0x19, 0xd4, 0x85, 0x29, 0x0a, 0x28, 0x82, 0xd3, 0x19,
    0x00, 0x00, 0x00, 0x00, 0x00, 0x11, 0x8f, 0xe1, 0xfa, 0xe1, 0x8e, 0x11, 0x00, 0x00, 0x00, 0x00, 0xa4, 0xff, 0xff, 0xff,
    0x24, 0x00, 0x00, 0x00, 0x00, 0x00, 0x00, 0x00, 0x00, 0x00, 0x00, 0x00, 0x00, 0x00, 0x00, 0x00, 0x00, 0x00, 0x00, 0x00,
    0x00, 0x00, 0x00, 0x00, 0x00, 0x00, 0x00, 0x00, 0x00, 0x00, 0x00, 0x00, 0x00, 0x00, 0x00, 0x00, 0x00, 0x00, 0x00, 0x00,
    0x00, 0x00, 0x00, 0x00, 0x00, 0x00, 0x00, 0x00, 0x00, 0x00, 0x00, 0x00, 0x00, 0x00, 0x00, 0x00, 0x00, 0x00, 0x00, 0x00,
    0x00, 0x00, 0x00, 0x00, 0x00, 0x00, 0x24, 0xcd, 0xef, 0x7d, 0x00, 0x00, 0x00, 0xa8, 0x51, 0x11, 0xc4, 0x26, 0x00, 0x00,
    0xab, 0x4f, 0x10, 0xc2, 0x29, 0x00, 0x00, 0x2a, 0xd2, 0xf1, 0x7e, 0x00, 0x00, 0x00, 0x00, 0x00, 0x00, 0x00, 0x00, 0x00,
    0x00, 0x00, 0x00, 0x00, 0x00, 0x00, 0x00, 0x00, 0x00, 0x00, 0x00, 0x00, 0x00, 0x00, 0x00, 0x00, 0x00, 0x00, 0x00, 0x00,
    0x00, 0x00, 0x00, 0x00, 0x00, 0x00, 0x00, 0x00, 0x00, 0x00, 0x00, 0x00, 0x18, 0xfc, 0x00, 0x00, 0x00, 0x00, 0x00, 0x00,
    0x00, 0x00, 0x00, 0x18, 0xfc, 0x00, 0x00, 0x00, 0x00, 0x00, 0x00, 0xa0, 0xff, 0xff, 0xff, 0xff, 0xff, 0xff, 0xff, 0x84,
    0x00, 0x00, 0x00, 0x00, 0x00, 0x18, 0xfc, 0x00, 0x00, 0x00, 0x00, 0x00, 0x00, 0x00, 0x00, 0x00, 0x18, 0xfc, 0x00, 0x00,
    0x00, 0x00, 0x00, 0x00, 0x00, 0x00, 0x00, 0x00, 0x00, 0x00, 0x00, 0x00, 0x00, 0x00, 0x00, 0x00, 0x00, 0x00, 0x00, 0x00,
    0x00, 0x00, 0x00, 0x00, 0x00, 0x00, 0xa0, 0xff, 0xff, 0xff, 0xff, 0xff, 0xff, 0xff, 0x84, 0x00, 0x5c, 0xff, 0xf9, 0xbf,
    0x14, 0x00, 0x00, 0x13, 0xc3, 0x40, 0x00, 0x00, 0x54, 0x85, 0x00, 0x0b, 0x90, 0x65, 0x00, 0x00, 0x67, 0xff, 0xff, 0xff,
    0x64, 0x00, 0x00, 0x00, 0x00, 0x00, 0x00, 0x00, 0x00, 0x00, 0x00, 0x00, 0x00, 0x00, 0x00, 0x00, 0x00, 0x00, 0x00, 0x00,
    0x00, 0x30, 0xff, 0xfb, 0xc9, 0x1c, 0x00, 0x00, 0x0b, 0xbc, 0x58, 0x00, 0x58, 0xff, 0xd1, 0x11, 0x00, 0x00, 0x0b, 0xa3,
    0x7b, 0x60, 0xff, 0xf8, 0xcb, 0x28, 0x00, 0x00, 0x00, 0x00, 0x00, 0x00, 0x00, 0x00, 0x00, 0x00, 0x00, 0x00, 0x00, 0x00,
    0x00, 0x00, 0x00, 0x00, 0x00, 0x00, 0x00, 0x00, 0x00, 0x53, 0xca, 0x12, 0x00, 0x00, 0x00, 0x3b, 0xbf, 0x0f, 0x00, 0x00,
    0x00, 0x00, 0x00, 0x00, 0x00, 0x00, 0x00, 0x00, 0x00, 0x00, 0x00, 0x00, 0x00, 0x00, 0x00, 0x00, 0x00, 0x00, 0x00, 0x00,
    0x00, 0x00, 0x00, 0x00, 0x00, 0x00, 0x00, 0x00, 0x00, 0x00, 0x00, 0x00, 0x00, 0x00, 0x00, 0x00, 0x00, 0x00, 0x00, 0x00,
    0x00, 0x00, 0x00, 0x00, 0x00, 0x00, 0x00, 0x00, 0x00, 0x00, 0x00, 0x00, 0x00, 0x00, 0x00, 0x00, 0x00, 0xe4, 0x44, 0x00,
    0x00, 0x1c, 0xff, 0x10, 0x00, 0xe4, 0x44, 0x00, 0x00, 0x1c, 0xff, 0x10, 0x00, 0xe4, 0x44, 0x00, 0x00, 0x1c, 0xff, 0x10,
    0x00, 0xe4, 0x44, 0x00, 0x00, 0x1c, 0xff, 0x10, 0x00, 0xe4, 0x4b, 0x00, 0x00, 0x2b, 0xff, 0x10, 0x00, 0xe4, 0xb0, 0x14,
    0x14, 0xa6, 0xff, 0x20, 0x00, 0xe4, 0x90, 0xe0, 0xe9, 0x71, 0xc0, 0xda, 0x00, 0xe4, 0x44, 0x00, 0x00, 0x00, 0x00, 0x00,
    0x00, 0xe4, 0x44, 0x00, 0x00, 0x00, 0x00, 0x00, 0x00, 0xe4, 0x44, 0x00, 0x00, 0x00, 0x00, 0x00, 0x00, 0x17, 0xa7, 0xec,
    0xff, 0xff, 0xdc, 0x00, 0x00, 0xb6, 0xff, 0xff, 0xc4, 0x08, 0xdc, 0x00, 0x00, 0xf3, 0xff, 0xff, 0xc4, 0x08, 0xdc, 0x00,
    0x00, 0xc7, 0xff, 0xff, 0xc4, 0x08, 0xdc, 0x00, 0x00, 0x27, 0xc7, 0xff, 0xc4, 0x08, 0xdc, 0x00, 0x00, 0x00, 0x00, 0x30,
    0xc4, 0x08, 0xdc, 0x00, 0x00, 0x00, 0x00, 0x24, 0xc4, 0x08, 0xdc, 0x00, 0x00, 0x00, 0x00, 0x24, 0xc4, 0x08, 0xdc, 0x00,
    0x00, 0x00, 0x00, 0x24, 0xc4, 0x08, 0xdc, 0x00, 0x00, 0x00, 0x00, 0x24, 0xc4, 0x08, 0xdc, 0x00, 0x00, 0x9c, 0xbc, 0x00,
    0x00, 0x9c, 0xbc, 0x00, 0x00, 0x00, 0x00, 0x00, 0x00, 0x00, 0x00, 0x00, 0x00, 0x00, 0x00, 0x00, 0x00, 0x00, 0x00, 0xaa,
    0x1c, 0x00, 0x00, 0x00, 0x00, 0x01, 0x8c, 0x69, 0x00, 0x00, 0x00, 0x21, 0xf3, 0xe5, 0x2f, 0x00, 0x00, 0x20, 0xff, 0xff,
    0x34, 0x00, 0x00, 0x00, 0xb8, 0x34, 0x00, 0x00, 0x00, 0xb8, 0x34, 0x00, 0x00, 0x00, 0xb8, 0x34, 0x00, 0x04, 0xff, 0xff,
    0xff, 0x80, 0x00, 0x00, 0x00, 0x00, 0x00, 0x00, 0x00, 0x00, 0x00, 0x00, 0x00, 0x00, 0x00, 0x00, 0x00, 0x00, 0x00, 0x00,
    0x00, 0x00, 0x00, 0x72, 0xe7, 0xed, 0x8c, 0x00, 0x2f, 0xe2, 0x25, 0x1a, 0xcf, 0x4e, 0x5a, 0xa2, 0x00, 0x00, 0x82, 0x79,
    0x2f, 0xe2, 0x25, 0x1a, 0xcf, 0x4f, 0x00, 0x72, 0xe8, 0xee, 0x8f, 0x01, 0x00, 0x00, 0x00, 0x00, 0x00, 0x00, 0x20, 0xff,
    0xff, 0xff, 0xff, 0x40, 0x00, 0x00, 0x00, 0x00, 0x00, 0x00, 0x00, 0x00, 0x00, 0x00, 0x00, 0x00, 0x00, 0x7f, 0x0b, 0x03,
    0x86, 0x00, 0x00, 0x00, 0x00, 0x79, 0xc7, 0x13, 0xb4, 0x99, 0x02, 0x00, 0x00, 0x00, 0x6b, 0xd3, 0x17, 0xa2, 0xa8, 0x00,
    0x00, 0x00, 0x6b, 0xd3, 0x17, 0xa2, 0xa8, 0x00, 0x00, 0x79, 0xc8, 0x13, 0xb4, 0x99, 0x02, 0x00, 0x00, 0x80, 0x0b, 0x03,
    0x87, 0x00, 0x00, 0x00, 0x00, 0x00, 0x00, 0x00, 0x00, 0x00, 0x00, 0x00, 0x20, 0xff, 0xff, 0x34, 0x00, 0x00, 0x00, 0x00,
    0x95, 0x6f, 0x00, 0x00, 0x00, 0x00, 0x00, 0xb8, 0x34, 0x00, 0x00, 0x00, 0x3e, 0xc3, 0x02, 0x00, 0x00, 0x00, 0x00, 0x00,
    0xb8, 0x34, 0x00, 0x00, 0x09, 0xd2, 0x27, 0x00, 0x00, 0x00, 0x00, 0x00, 0x00, 0xb8, 0x34, 0x00, 0x00, 0x8d, 0x77, 0x00,
    0x00, 0x00, 0x00, 0x00, 0x04, 0xff, 0xff, 0xff, 0x80, 0x37, 0xc8, 0x03, 0x00, 0x29, 0xe8, 0x50, 0x00, 0x00, 0x00, 0x00,
    0x00, 0x06, 0xcf, 0x2d, 0x00, 0x0b, 0x88, 0x9a, 0x50, 0x00, 0x00, 0x00, 0x00, 0x00, 0x85, 0x7f, 0x00, 0x00, 0x75, 0x0c,
    0x98, 0x50, 0x00, 0x00, 0x00, 0x00, 0x31, 0xcd, 0x05, 0x00, 0x32, 0xff, 0xff, 0xff, 0xff, 0x2c, 0x00, 0x00, 0x04, 0xcb,
    0x33, 0x00, 0x00, 0x00, 0x00, 0x00, 0x98, 0x50, 0x00, 0x20, 0xff, 0xff, 0x34, 0x00, 0x00, 0x00, 0x00, 0x95, 0x6f, 0x00,
    0x00, 0x00, 0x00, 0x00, 0xb8, 0x34, 0x00, 0x00, 0x00, 0x3e, 0xc3, 0x02, 0x00, 0x00, 0x00, 0x00, 0x00, 0xb8, 0x34, 0x00,
    0x00, 0x09, 0xd2, 0x27, 0x00, 0x00, 0x00, 0x00, 0x00, 0x00, 0xb8, 0x34, 0x00, 0x00, 0x8d, 0x77, 0x00, 0x00, 0x00, 0x00,
    0x00, 0x04, 0xff, 0xff, 0xff, 0x80, 0x37, 0xc8, 0x03, 0xfc, 0xfe, 0xe0, 0x4e, 0x00, 0x00, 0x00, 0x00, 0x00, 0x06, 0xcf,
    0x2d, 0x00, 0x00, 0x05, 0x71, 0xa0, 0x00, 0x00, 0x00, 0x00, 0x00, 0x85, 0x7f, 0x00, 0x00, 0x00, 0x1c, 0xa4, 0x18, 0x00,
    0x00, 0x00, 0x00, 0x31, 0xcd, 0x05, 0x00, 0x00, 0x56, 0x9b, 0x0e, 0x00, 0x00, 0x00, 0x00, 0x04, 0xcb, 0x33, 0x00, 0x00,
    0x07, 0xff, 0xff, 0xff, 0xc4, 0x00, 0x30, 0xff, 0xfb, 0xc9, 0x1c, 0x00, 0x00, 0x00, 0x95, 0x6f, 0x00, 0x00, 0x00, 0x00,
    0x00, 0x0b, 0xbc, 0x58, 0x00, 0x00, 0x3e, 0xc3, 0x02, 0x00, 0x00, 0x00, 0x00, 0x58, 0xff, 0xd1, 0x11, 0x00, 0x09, 0xd2,
    0x27, 0x00, 0x00, 0x00, 0x00, 0x00, 0x00, 0x0b, 0xa3, 0x7b, 0x00, 0x8d, 0x77, 0x00, 0x00, 0x00, 0x00, 0x00, 0x60, 0xff,
    0xf8, 0xcb, 0x28, 0x37, 0xc8, 0x03, 0x00, 0x29, 0xe8, 0x50, 0x00, 0x00, 0x00, 0x00, 0x00, 0x06, 0xcf, 0x2d, 0x00, 0x0b,
    0x88, 0x9a, 0x50, 0x00, 0x00, 0x00, 0x00, 0x00, 0x85, 0x7f, 0x00, 0x00, 0x75, 0x0c, 0x98, 0x50, 0x00, 0x00, 0x00, 0x00,
    0x31, 0xcd, 0x05, 0x00, 0x32, 0xff, 0xff, 0xff, 0xff, 0x2c, 0x00, 0x00, 0x04, 0xcb, 0x33, 0x00, 0x00, 0x00, 0x00, 0x00,
    0x98, 0x50, 0x00, 0x00, 0x00, 0x00, 0xdc, 0x6c, 0x00, 0x00, 0x00, 0x00, 0x00, 0xdc, 0x6c, 0x00, 0x00, 0x00, 0x00, 0x00,
    0x00, 0x00, 0x00, 0x00, 0x00, 0x00, 0x00, 0xd4, 0x5f, 0x00, 0x00, 0x00, 0x00, 0x05, 0xe9, 0x47, 0x00, 0x00, 0x00, 0x05,
    0xaa, 0xc6, 0x06, 0x00, 0x00, 0x00, 0x9a, 0xcb, 0x0d, 0x00, 0x00, 0x00, 0x08, 0xfb, 0x46, 0x00, 0x00, 0x00, 0x00, 0x01,
    0xea, 0x91, 0x0c, 0x31, 0xac, 0x00, 0x00, 0x40, 0xd1, 0xf5, 0xca, 0x4a, 0x00, 0x00, 0x00, 0x02, 0xbd, 0x62, 0x00, 0x00,
    0x00, 0x00, 0x00, 0x00, 0x00, 0x1a, 0xd7, 0x14, 0x00, 0x00, 0x00, 0x00, 0x00, 0x00, 0x00, 0x00, 0x00, 0x00, 0x00, 0x00,
    0x00, 0x00, 0x00, 0x7c, 0xff, 0x5e, 0x00, 0x00, 0x00, 0x00, 0x00, 0x02, 0xdf, 0x9c, 0xc5, 0x00, 0x00, 0x00, 0x00, 0x00,
    0x49, 0xcd, 0x06, 0xe6, 0x2c, 0x00, 0x00, 0x00, 0x00, 0xb0, 0x5c, 0x00, 0x7b, 0x92, 0x00, 0x00, 0x00, 0x1a, 0xe2, 0x05,
    0x00, 0x13, 0xe5, 0x09, 0x00, 0x00, 0x7d, 0xff, 0xff, 0xff, 0xff, 0xff, 0x60, 0x00, 0x02, 0xe1, 0x2a, 0x00, 0x00, 0x00,
    0x44, 0xc6, 0x00, 0x4a, 0xe1, 0x00, 0x00, 0x00, 0x00, 0x06, 0xf3, 0x2d, 0xb1, 0x98, 0x00, 0x00, 0x00, 0x00, 0x00, 0xb1,
    0x94, 0x00, 0x00, 0x00, 0x00, 0x88, 0x97, 0x00, 0x00, 0x00, 0x00, 0x00, 0x00, 0x2a, 0xd0, 0x09, 0x00, 0x00, 0x00, 0x00,
    0x00, 0x00, 0x00, 0x00, 0x00, 0x00, 0x00, 0x00, 0x00, 0x00, 0x00, 0x7c, 0xff, 0x5e, 0x00, 0x00, 0x00, 0x00, 0x00, 0x02,
    0xdf, 0x9c, 0xc5, 0x00, 0x00, 0x00, 0x00, 0x00, 0x49, 0xcd, 0x06, 0xe6, 0x2c, 0x00, 0x00, 0x00, 0x00, 0xb0, 0x5c, 0x00,
    0x7b, 0x92, 0x00, 0x00, 0x00, 0x1a, 0xe2, 0x05, 0x00, 0x13, 0xe5, 0x09, 0x00, 0x00, 0x7d, 0xff, 0xff, 0xff, 0xff, 0xff,
    0x60, 0x00, 0x02, 0xe1, 0x2a, 0x00, 0x00, 0x00, 0x44, 0xc6, 0x00, 0x4a, 0xe1, 0x00, 0x00, 0x00, 0x00, 0x06, 0xf3, 0x2d,
    0xb1, 0x98, 0x00, 0x00, 0x00, 0x00, 0x00, 0xb1, 0x94, 0x00, 0x00, 0x00, 0x7f, 0xe8, 0x5d, 0x00, 0x00, 0x00, 0x00, 0x00,
    0x2f, 0xbd, 0x13, 0xc8, 0x1a, 0x00, 0x00, 0x00, 0x00, 0x00, 0x00, 0x00, 0x00, 0x00, 0x00, 0x00, 0x00, 0x00, 0x00, 0x7c,
    0xff, 0x5e, 0x00, 0x00, 0x00, 0x00, 0x00, 0x02, 0xdf, 0x9c, 0xc5, 0x00, 0x00, 0x00, 0x00, 0x00, 0x49, 0xcd, 0x06, 0xe6,
    0x2c, 0x00, 0x00, 0x00, 0x00, 0xb0, 0x5c, 0x00, 0x7b, 0x92, 0x00, 0x00, 0x00, 0x1a, 0xe2, 0x05, 0x00, 0x13, 0xe5, 0x09,
    0x00, 0x00, 0x7d, 0xff, 0xff, 0xff, 0xff, 0xff, 0x60, 0x00, 0x02, 0xe1, 0x2a, 0x00, 0x00, 0x00, 0x44, 0xc6, 0x00, 0x4a,
    0xe1, 0x00, 0x00, 0x00, 0x00, 0x06, 0xf3, 0x2d, 0xb1, 0x98, 0x00, 0x00, 0x00, 0x00, 0x00, 0xb1, 0x94, 0x00, 0x00, 0x3f,
    0xf0, 0x85, 0x64, 0x77, 0x00, 0x00, 0x00, 0x00, 0x9a, 0x4b, 0x9e, 0xe9, 0x24, 0x00, 0x00, 0x00, 0x00, 0x00, 0x00, 0x00,
    0x00, 0x00, 0x00, 0x00, 0x00, 0x00, 0x00, 0x7c, 0xff, 0x5e, 0x00, 0x00, 0x00, 0x00, 0x00, 0x02, 0xdf, 0x9c, 0xc5, 0x00,
    0x00, 0x00, 0x00, 0x00, 0x49, 0xcd, 0x06, 0xe6, 0x2c, 0x00, 0x00, 0x00, 0x00, 0xb0, 0x5c, 0x00, 0x7b, 0x92, 0x00, 0x00,
    0x00, 0x1a, 0xe2, 0x05, 0x00, 0x13, 0xe5, 0x09, 0x00, 0x00, 0x7d, 0xff, 0xff, 0xff, 0xff, 0xff, 0x60, 0x00, 0x02, 0xe1,
    0x2a, 0x00, 0x00, 0x00, 0x44, 0xc6, 0x00, 0x4a, 0xe1, 0x00, 0x00, 0x00, 0x00, 0x06, 0xf3, 0x2d, 0xb1, 0x98, 0x00, 0x00,
    0x00, 0x00, 0x00, 0xb1, 0x94, 0x00, 0x00, 0x74, 0xd8, 0x00, 0xf8, 0x54, 0x00, 0x00, 0x00, 0x00, 0x00, 0x00, 0x00, 0x00,
    0x00, 0x00, 0x00, 0x00, 0x00, 0x00, 0x7c, 0xff, 0x5e, 0x00, 0x00, 0x00, 0x00, 0x00, 0x02, 0xdf, 0x9c, 0xc5, 0x00, 0x00,
    0x00, 0x00, 0x00, 0x49, 0xcd, 0x06, 0xe6, 0x2c, 0x00, 0x00, 0x00, 0x00, 0xb0, 0x5c, 0x00, 0x7b, 0x92, 0x00, 0x00, 0x00,
    0x1a, 0xe2, 0x05, 0x00, 0x13, 0xe5, 0x09, 0x00, 0x00, 0x7d, 0xff, 0xff, 0xff, 0xff, 0xff, 0x60, 0x00, 0x02, 0xe1, 0x2a,
    0x00, 0x00, 0x00, 0x44, 0xc6, 0x00, 0x4a, 0xe1, 0x00, 0x00, 0x00, 0x00, 0x06, 0xf3, 0x2d, 0xb1, 0x98, 0x00, 0x00, 0x00,
    0x00, 0x00, 0xb1, 0x94, 0x00, 0x00, 0x01, 0xa2, 0xf2, 0x88, 0x00, 0x00, 0x00, 0x00, 0x00, 0x39, 0xae, 0x0f, 0xc7, 0x1d,
    0x00, 0x00, 0x00, 0x00, 0x26, 0xac, 0x0e, 0xbe, 0x0d, 0x00, 0x00, 0x00, 0x00, 0x00, 0xa9, 0xff, 0x8c, 0x00, 0x00, 0x00,
    0x00, 0x00, 0x06, 0xea, 0x8e, 0xd4, 0x00, 0x00, 0x00, 0x00, 0x00, 0x55, 0xc9, 0x04, 0xe4, 0x38, 0x00, 0x00, 0x00, 0x00,
    0xba, 0x5c, 0x00, 0x7a, 0x9d, 0x00, 0x00, 0x00, 0x20, 0xe6, 0x06, 0x00, 0x14, 0xeb, 0x0d, 0x00, 0x00, 0x84, 0xff, 0xff,
    0xff, 0xff, 0xff, 0x67, 0x00, 0x03, 0xe4, 0x2a, 0x00, 0x00, 0x00, 0x44, 0xcb, 0x00, 0x4d, 0xe1, 0x00, 0x00, 0x00, 0x00,
    0x06, 0xf3, 0x30, 0xb2, 0x98, 0x00, 0x00, 0x00, 0x00, 0x00, 0xb1, 0x95, 0x00, 0x00, 0x00, 0x34, 0xff, 0xff, 0xff, 0xff,
    0xff, 0xff, 0xff, 0xb8, 0x00, 0x00, 0x00, 0x00, 0xa5, 0xa4, 0x48, 0xff, 0x04, 0x00, 0x00, 0x00, 0x00, 0x00, 0x00, 0x00,
    0x1b, 0xf5, 0x23, 0x48, 0xff, 0x04, 0x00, 0x00, 0x00, 0x00, 0x00, 0x00, 0x00, 0x87, 0x98, 0x00, 0x48, 0xff, 0x04, 0x00,
    0x00, 0x00, 0x00, 0x00, 0x00, 0x0a, 0xe5, 0x1b, 0x00, 0x48, 0xff, 0xff, 0xff, 0xff, 0xff, 0x84, 0x00, 0x00, 0x69, 0xff,
    0xff, 0xff, 0xff, 0xff, 0x04, 0x00, 0x00, 0x00, 0x00, 0x00, 0x01, 0xd8, 0x34, 0x00, 0x00, 0x48, 0xff, 0x04, 0x00, 0x00,
    0x00, 0x00, 0x00, 0x4b, 0xdd, 0x00, 0x00, 0x00, 0x48, 0xff, 0x04, 0x00, 0x00, 0x00, 0x00, 0x00, 0xbc, 0x87, 0x00, 0x00,
    0x00, 0x48, 0xff, 0xff, 0xff, 0xff, 0xff, 0xd4, 0x00, 0x00, 0x00, 0x36, 0xb1, 0xec, 0xf6, 0xd2, 0x77, 0x09, 0x00, 0x48,
    0xf8, 0x8c, 0x26, 0x0a, 0x2c, 0x86, 0x56, 0x01, 0xdf, 0x96, 0x00, 0x00, 0x00, 0x00, 0x00, 0x00, 0x2a, 0xff, 0x38, 0x00,
    0x00, 0x00, 0x00, 0x00, 0x00, 0x3f, 0xff, 0x1d, 0x00, 0x00, 0x00, 0x00, 0x00, 0x00, 0x2a, 0xff, 0x38, 0x00, 0x00, 0x00,
    0x00, 0x00, 0x00, 0x01, 0xdf, 0x94, 0x00, 0x00, 0x00, 0x00, 0x00, 0x00, 0x00, 0x48, 0xf7, 0x88, 0x25, 0x0a, 0x2b, 0x85,
    0x56, 0x00, 0x00, 0x36, 0xb2, 0xed, 0xf6, 0xd2, 0x76, 0x09, 0x00, 0x00, 0x00, 0x00, 0x00, 0xb6, 0x0f, 0x00, 0x00, 0x00,
    0x00, 0x00, 0x00, 0x02, 0xa3, 0x51, 0x00, 0x00, 0x00, 0x00, 0x00, 0x36, 0xf5, 0xde, 0x1f, 0x00, 0x00, 0x00, 0x00, 0x0f,
    0xdd, 0x34, 0x00, 0x00, 0x00, 0x00, 0x00, 0x00, 0x39, 0xc8, 0x03, 0x00, 0x00, 0x00, 0x00, 0x00, 0x00, 0x00, 0x00, 0x00,
    0x00, 0x00, 0xb8, 0xff, 0xff, 0xff, 0xff, 0xff, 0x44, 0x00, 0xb8, 0x90, 0x00, 0x00, 0x00, 0x00, 0x00, 0x00, 0xb8, 0x90,
    0x00, 0x00, 0x00, 0x00, 0x00, 0x00, 0xb8, 0x90, 0x00, 0x00, 0x00, 0x00, 0x00, 0x00, 0xb8, 0xff, 0xff, 0xff, 0xff, 0xff,
    0x14, 0x00, 0xb8, 0x90, 0x00, 0x00, 0x00, 0x00, 0x00, 0x00, 0xb8, 0x90, 0x00, 0x00, 0x00, 0x00, 0x00, 0x00, 0xb8, 0x90,
    0x00, 0x00, 0x00, 0x00, 0x00, 0x00, 0xb8, 0xff, 0xff, 0xff, 0xff, 0xff, 0x60, 0x00, 0x00, 0x00, 0x00, 0xb7, 0x67, 0x00,
    0x00, 0x00, 0x00, 0x00, 0x55, 0xaf, 0x00, 0x00, 0x00, 0x00, 0x00, 0x00, 0x00, 0x00, 0x00, 0x00, 0x00, 0x00, 0xb8, 0xff,
    0xff, 0xff, 0xff, 0xff, 0x44, 0x00, 0xb8, 0x90, 0x00, 0x00, 0x00, 0x00, 0x00, 0x00, 0xb8, 0x90, 0x00, 0x00, 0x00, 0x00,
    0x00, 0x00, 0xb8, 0x90, 0x00, 0x00, 0x00, 0x00, 0x00, 0x00, 0xb8, 0xff, 0xff, 0xff, 0xff, 0xff, 0x14, 0x00, 0xb8, 0x90,
    0x00, 0x00, 0x00, 0x00, 0x00, 0x00, 0xb8, 0x90, 0x00, 0x00, 0x00, 0x00, 0x00, 0x00, 0xb8, 0x90, 0x00, 0x00, 0x00, 0x00,
    0x00, 0x00, 0xb8, 0xff, 0xff, 0xff, 0xff, 0xff, 0x60, 0x00, 0x00, 0x00, 0xae, 0xe3, 0x32, 0x00, 0x00, 0x00, 0x00, 0x5a,
    0x97, 0x26, 0xc4, 0x06, 0x00, 0x00, 0x00, 0x00, 0x00, 0x00, 0x00, 0x00, 0x00, 0x00, 0xb8, 0xff, 0xff, 0xff, 0xff, 0xff,
    0x44, 0x00, 0xb8, 0x90, 0x00, 0x00, 0x00, 0x00, 0x00, 0x00, 0xb8, 0x90, 0x00, 0x00, 0x00, 0x00, 0x00, 0x00, 0xb8, 0x90,
    0x00, 0x00, 0x00, 0x00, 0x00, 0x00, 0xb8, 0xff, 0xff, 0xff, 0xff, 0xff, 0x14, 0x00, 0xb8, 0x90, 0x00, 0x00, 0x00, 0x00,
    0x00, 0x00, 0xb8, 0x90, 0x00, 0x00, 0x00, 0x00, 0x00, 0x00, 0xb8, 0x90, 0x00, 0x00, 0x00, 0x00, 0x00, 0x00, 0xb8, 0xff,
    0xff, 0xff, 0xff, 0xff, 0x60, 0x00, 0x00, 0xa4, 0xa8, 0x28, 0xff, 0x24, 0x00, 0x00, 0x00, 0x00, 0x00, 0x00, 0x00, 0x00,
    0x00, 0x00, 0xb8, 0xff, 0xff, 0xff, 0xff, 0xff, 0x44, 0x00, 0xb8, 0x90, 0x00, 0x00, 0x00, 0x00, 0x00, 0x00, 0xb8, 0x90,
    0x00, 0x00, 0x00, 0x00, 0x00, 0x00, 0xb8, 0x90, 0x00, 0x00, 0x00, 0x00, 0x00, 0x00, 0xb8, 0xff, 0xff, 0xff, 0xff, 0xff,
    0x14, 0x00, 0xb8, 0x90, 0x00, 0x00, 0x00, 0x00, 0x00, 0x00, 0xb8, 0x90, 0x00, 0x00, 0x00, 0x00, 0x00, 0x00, 0xb8, 0x90,
    0x00, 0x00, 0x00, 0x00, 0x00, 0x00, 0xb8, 0xff, 0xff, 0xff, 0xff, 0xff, 0x60, 0x45, 0xd6, 0x06, 0x00, 0x00, 0x89, 0x7c,
    0x00, 0x00, 0x00, 0x00, 0x00, 0x00, 0xb8, 0x90, 0x00, 0x00, 0xb8, 0x90, 0x00, 0x00, 0xb8, 0x90, 0x00, 0x00, 0xb8, 0x90,
    0x00, 0x00, 0xb8, 0x90, 0x00, 0x00, 0xb8, 0x90, 0x00, 0x00, 0xb8, 0x90, 0x00, 0x00, 0xb8, 0x90, 0x00, 0x00, 0xb8, 0x90,
    0x00, 0x00, 0x19, 0xe3, 0x21, 0x00, 0xa9, 0x5b, 0x00, 0x00, 0x00, 0x00, 0x00, 0x00, 0xb8, 0x90, 0x00, 0x00, 0xb8, 0x90,
    0x00, 0x00, 0xb8, 0x90, 0x00, 0x00, 0xb8, 0x90, 0x00, 0x00, 0xb8, 0x90, 0x00, 0x00, 0xb8, 0x90, 0x00, 0x00, 0xb8, 0x90,
    0x00, 0x00, 0xb8, 0x90, 0x00, 0x00, 0xb8, 0x90, 0x00, 0x00, 0x16, 0xd9, 0xcd, 0x06, 0x00, 0xab, 0x46, 0x6c, 0x85, 0x00,
    0x00, 0x00, 0x00, 0x00, 0x00, 0x00, 0xb8, 0x90, 0x00, 0x00, 0x00, 0xb8, 0x90, 0x00, 0x00, 0x00, 0xb8, 0x90, 0x00, 0x00,
    0x00, 0xb8, 0x90, 0x00, 0x00, 0x00, 0xb8, 0x90, 0x00, 0x00, 0x00, 0xb8, 0x90, 0x00, 0x00, 0x00, 0xb8, 0x90, 0x00, 0x00,
    0x00, 0xb8, 0x90, 0x00, 0x00, 0x00, 0xb8, 0x90, 0x00, 0xf8, 0x54, 0x7c, 0xd0, 0x00, 0x00, 0x00, 0x00, 0x00, 0xb8, 0x90,
    0x00, 0x00, 0xb8, 0x90, 0x00, 0x00, 0xb8, 0x90, 0x00, 0x00, 0xb8, 0x90, 0x00, 0x00, 0xb8, 0x90, 0x00, 0x00, 0xb8, 0x90,
    0x00, 0x00, 0xb8, 0x90, 0x00, 0x00, 0xb8, 0x90, 0x00, 0x00, 0xb8, 0x90, 0x00, 0x00, 0xa8, 0xff, 0xff, 0xf8, 0xe1, 0xa9,
    0x3c, 0x00, 0x00, 0x00, 0xa8, 0xa0, 0x00, 0x05, 0x24, 0x82, 0xfb, 0x5f, 0x00, 0x00, 0xa8, 0xa0, 0x00, 0x00, 0x00, 0x00,
    0x8d, 0xee, 0x07, 0x00, 0xa8, 0xa0, 0x00, 0x00, 0x00, 0x00, 0x32, 0xff, 0x38, 0xf0, 0xff, 0xff, 0xff, 0xc4, 0x00, 0x00,
    0x15, 0xff, 0x4b, 0x00, 0xa8, 0xa0, 0x00, 0x00, 0x00, 0x00, 0x32, 0xff, 0x37, 0x00, 0xa8, 0xa0, 0x00, 0x00, 0x00, 0x00,
    0x8d, 0xed, 0x06, 0x00, 0xa8, 0xa0, 0x00, 0x04, 0x23, 0x81, 0xfb, 0x5f, 0x00, 0x00, 0xa8, 0xff, 0xff, 0xf9, 0xe2, 0xaa,
    0x3c, 0x00, 0x00, 0x00, 0x00, 0x02, 0xc5, 0xcd, 0x2a, 0xd0, 0x00, 0x00, 0x00, 0x00, 0x00, 0x2e, 0xae, 0x4e, 0xe8, 0x7e,
    0x00, 0x00, 0x00, 0x00, 0x00, 0x00, 0x00, 0x00, 0x00, 0x00, 0x00, 0x00, 0x00, 0x00, 0xb8, 0xff, 0x47, 0x00, 0x00, 0x00,
    0xcc, 0x74, 0x00, 0x00, 0xb8, 0xec, 0xd2, 0x03, 0x00, 0x00, 0xcc, 0x74, 0x00, 0x00, 0xb8, 0x8c, 0xe0, 0x64, 0x00, 0x00,
    0xcc, 0x74, 0x00, 0x00, 0xb8, 0x84, 0x5a, 0xe7, 0x0c, 0x00, 0xcc, 0x74, 0x00, 0x00, 0xb8, 0x84, 0x01, 0xc9, 0x82, 0x00,
    0xcc, 0x74, 0x00, 0x00, 0xb8, 0x84, 0x00, 0x3c, 0xf5, 0x1b, 0xcc, 0x74, 0x00, 0x00, 0xb8, 0x84, 0x00, 0x00, 0xad, 0xa0,
    0xcc, 0x74, 0x00, 0x00, 0xb8, 0x84, 0x00, 0x00, 0x24, 0xf8, 0xed, 0x74, 0x00, 0x00, 0xb8, 0x84, 0x00, 0x00, 0x00, 0x8f,
    0xff, 0x74, 0x00, 0x00, 0x00, 0x00, 0x1f, 0xe4, 0x1d, 0x00, 0x00, 0x00, 0x00, 0x00, 0x00, 0x00, 0x00, 0x55, 0xb0, 0x00,
    0x00, 0x00, 0x00, 0x00, 0x00, 0x00, 0x00, 0x00, 0x00, 0x00, 0x00, 0x00, 0x00, 0x00, 0x00, 0x3b, 0xb9, 0xf2, 0xf7, 0xcd,
    0x5d, 0x00, 0x00, 0x00, 0x4a, 0xf8, 0x80, 0x1e, 0x13, 0x5e, 0xf0, 0x7e, 0x00, 0x01, 0xdf, 0x94, 0x00, 0x00, 0x00, 0x00,
    0x5c, 0xfb, 0x1f, 0x2a, 0xff, 0x37, 0x00, 0x00, 0x00, 0x00, 0x03, 0xf9, 0x64, 0x3f, 0xff, 0x1c, 0x00, 0x00, 0x00, 0x00,
    0x00, 0xe1, 0x7a, 0x2a, 0xff, 0x37, 0x00, 0x00, 0x00, 0x00, 0x03, 0xf9, 0x64, 0x01, 0xe0, 0x94, 0x00, 0x00, 0x00, 0x00,
    0x5c, 0xfc, 0x1f, 0x00, 0x4d, 0xf9, 0x80, 0x1d, 0x12, 0x5d, 0xf0, 0x81, 0x00, 0x00, 0x00, 0x3e, 0xbb, 0xf3, 0xf8, 0xce,
    0x60, 0x00, 0x00, 0x00, 0x00, 0x00, 0x00, 0x04, 0xd1, 0x48, 0x00, 0x00, 0x00, 0x00, 0x00, 0x00, 0x00, 0x75, 0x8f, 0x00,
    0x00, 0x00, 0x00, 0x00, 0x00, 0x00, 0x00, 0x00, 0x00, 0x00, 0x00, 0x00, 0x00, 0x00, 0x00, 0x3b, 0xb9, 0xf2, 0xf7, 0xcd,
    0x5d, 0x00, 0x00, 0x00, 0x4a, 0xf8, 0x80, 0x1e, 0x13, 0x5e, 0xf0, 0x7e, 0x00, 0x01, 0xdf, 0x94, 0x00, 0x00, 0x00, 0x00,
    0x5c, 0xfb, 0x1f, 0x2a, 0xff, 0x37, 0x00, 0x00, 0x00, 0x00, 0x03, 0xf9, 0x64, 0x3f, 0xff, 0x1c, 0x00, 0x00, 0x00, 0x00,
    0x00, 0xe1, 0x7a, 0x2a, 0xff, 0x37, 0x00, 0x00, 0x00, 0x00, 0x03, 0xf9, 0x64, 0x01, 0xe0, 0x94, 0x00, 0x00, 0x00, 0x00,
    0x5c, 0xfc, 0x1f, 0x00, 0x4d, 0xf9, 0x80, 0x1d, 0x12, 0x5d, 0xf0, 0x81, 0x00, 0x00, 0x00, 0x3e, 0xbb, 0xf3, 0xf8, 0xce,
    0x60, 0x00, 0x00, 0x00, 0x00, 0x00, 0x03, 0xc7, 0xdc, 0x1c, 0x00, 0x00, 0x00, 0x00, 0x00, 0x00, 0x7a, 0x77, 0x3c, 0xb3,
    0x00, 0x00, 0x00, 0x00, 0x00, 0x00, 0x00, 0x00, 0x00, 0x00, 0x00, 0x00, 0x00, 0x00, 0x00, 0x3b, 0xb9, 0xf2, 0xf7, 0xcd,
    0x5d, 0x00, 0x00, 0x00, 0x4a, 0xf8, 0x80, 0x1e, 0x13, 0x5e, 0xf0, 0x7e, 0x00, 0x01, 0xdf, 0x94, 0x00, 0x00, 0x00, 0x00,
    0x5c, 0xfb, 0x1f, 0x2a, 0xff, 0x37, 0x00, 0x00, 0x00, 0x00, 0x03, 0xf9, 0x64, 0x3f, 0xff, 0x1c, 0x00, 0x00, 0x00, 0x00,
    0x00, 0xe1, 0x7a, 0x2a, 0xff, 0x37, 0x00, 0x00, 0x00, 0x00, 0x03, 0xf9, 0x64, 0x01, 0xe0, 0x94, 0x00, 0x00, 0x00, 0x00,
    0x5c, 0xfc, 0x1f, 0x00, 0x4d, 0xf9, 0x80, 0x1d, 0x12, 0x5d, 0xf0, 0x81, 0x00, 0x00, 0x00, 0x3e, 0xbb, 0xf3, 0xf8, 0xce,
    0x60, 0x00, 0x00, 0x00, 0x00, 0x00, 0x86, 0xe7, 0x49, 0xb1, 0x27, 0x00, 0x00, 0x00, 0x00, 0x00, 0xd3, 0x2d, 0xcf, 0xbf,
    0x00, 0x00, 0x00, 0x00, 0x00, 0x00, 0x00, 0x00, 0x00, 0x00, 0x00, 0x00, 0x00, 0x00, 0x00, 0x3b, 0xb9, 0xf2, 0xf7, 0xcd,
    0x5d, 0x00, 0x00, 0x00, 0x4a, 0xf8, 0x80, 0x1e, 0x13, 0x5e, 0xf0, 0x7e, 0x00, 0x01, 0xdf, 0x94, 0x00, 0x00, 0x00, 0x00,
    0x5c, 0xfb, 0x1f, 0x2a, 0xff, 0x37, 0x00, 0x00, 0x00, 0x00, 0x03, 0xf9, 0x64, 0x3f, 0xff, 0x1c, 0x00, 0x00, 0x00, 0x00,
    0x00, 0xe1, 0x7a, 0x2a, 0xff, 0x37, 0x00, 0x00, 0x00, 0x00, 0x03, 0xf9, 0x64, 0x01, 0xe0, 0x94, 0x00, 0x00, 0x00, 0x00,
    0x5c, 0xfc, 0x1f, 0x00, 0x4d, 0xf9, 0x80, 0x1d, 0x12, 0x5d, 0xf0, 0x81, 0x00, 0x00, 0x00, 0x3e, 0xbb, 0xf3, 0xf8, 0xce,
    0x60, 0x00, 0x00, 0x00, 0x00, 0x00, 0xc4, 0x88, 0x48, 0xff, 0x04, 0x00, 0x00, 0x00, 0x00, 0x00, 0x00, 0x00, 0x00, 0x00,
    0x00, 0x00, 0x00, 0x00, 0x00, 0x3b, 0xb9, 0xf2, 0xf7, 0xcd, 0x5d, 0x00, 0x00, 0x00, 0x4a, 0xf8, 0x80, 0x1e, 0x13, 0x5e,
    0xf0, 0x7e, 0x00, 0x01, 0xdf, 0x94, 0x00, 0x00, 0x00, 0x00, 0x5c, 0xfb, 0x1f, 0x2a, 0xff, 0x37, 0x00, 0x00, 0x00, 0x00,
    0x03, 0xf9, 0x64, 0x3f, 0xff, 0x1c, 0x00, 0x00, 0x00, 0x00, 0x00, 0xe1, 0x7a, 0x2a, 0xff, 0x37, 0x00, 0x00, 0x00, 0x00,
    0x03, 0xf9, 0x64, 0x01, 0xe0, 0x94, 0x00, 0x00, 0x00, 0x00, 0x5c, 0xfc, 0x1f, 0x00, 0x4d, 0xf9, 0x80, 0x1d, 0x12, 0x5d,
    0xf0, 0x81, 0x00, 0x00, 0x00, 0x3e, 0xbb, 0xf3, 0xf8, 0xce, 0x60, 0x00, 0x00, 0x00, 0x0b, 0xc1, 0x28, 0x00, 0x00, 0x00,
    0x39, 0xb8, 0x02, 0x00, 0x00, 0x00, 0x6c, 0xe9, 0x30, 0x00, 0x41, 0xee, 0x54, 0x00, 0x00, 0x00, 0x00, 0x00, 0x62, 0xec,
    0x75, 0xee, 0x4b, 0x00, 0x00, 0x00, 0x00, 0x00, 0x00, 0x00, 0x97, 0xff, 0x7a, 0x00, 0x00, 0x00, 0x00, 0x00, 0x00, 0x00,
    0x62, 0xec, 0x75, 0xee, 0x4b, 0x00, 0x00, 0x00, 0x00, 0x00, 0x6c, 0xe9, 0x30, 0x00, 0x41, 0xee, 0x54, 0x00, 0x00, 0x00,
    0x0b, 0xc1, 0x29, 0x00, 0x00, 0x00, 0x39, 0xb9, 0x02, 0x00, 0x00, 0x00, 0x00, 0x00, 0x00, 0x00, 0x00, 0x00, 0x00, 0x00,
    0x00, 0x00, 0x00, 0x00, 0x00, 0x00, 0x00, 0x00, 0x00, 0x0a, 0x05, 0x00, 0x00, 0x3d, 0xba, 0xf2, 0xf0, 0xc3, 0x4e, 0xb4,
    0x4e, 0x00, 0x4c, 0xf9, 0x80, 0x1e, 0x12, 0x61, 0xfb, 0xae, 0x00, 0x01, 0xe0, 0x94, 0x00, 0x00, 0x00, 0x90, 0xc3, 0xf4,
    0x18, 0x2a, 0xff, 0x37, 0x00, 0x00, 0x81, 0x9f, 0x05, 0xf4, 0x58, 0x3c, 0xff, 0x1b, 0x00, 0x71, 0xad, 0x03, 0x00, 0xe0,
    0x78, 0x1e, 0xff, 0x32, 0x62, 0xb8, 0x06, 0x00, 0x02, 0xf9, 0x65, 0x01, 0xd2, 0xc2, 0xc2, 0x0a, 0x00, 0x00, 0x59, 0xfc,
    0x20, 0x00, 0x6f, 0xff, 0x8f, 0x1a, 0x12, 0x5b, 0xef, 0x81, 0x00, 0x1d, 0xcc, 0x43, 0xb1, 0xe9, 0xf8, 0xce, 0x60, 0x00,
    0x00, 0x01, 0x15, 0x00, 0x00, 0x00, 0x00, 0x00, 0x00, 0x00, 0x00, 0x00, 0x00, 0x00, 0x6c, 0xb6, 0x00, 0x00, 0x00, 0x00,
    0x00, 0x00, 0x00, 0x00, 0x00, 0xb0, 0x54, 0x00, 0x00, 0x00, 0x00, 0x00, 0x00, 0x00, 0x00, 0x00, 0x00, 0x00, 0x00, 0x00,
    0x00, 0x00, 0xe0, 0x6c, 0x00, 0x00, 0x00, 0x00, 0xe8, 0x64, 0x00, 0x00, 0xe0, 0x6c, 0x00, 0x00, 0x00, 0x00, 0xe8, 0x64,
    0x00, 0x00, 0xe0, 0x6c, 0x00, 0x00, 0x00, 0x00, 0xe8, 0x64, 0x00, 0x00, 0xe0, 0x6c, 0x00, 0x00, 0x00, 0x00, 0xe8, 0x64,
    0x00, 0x00, 0xe0, 0x6c, 0x00, 0x00, 0x00, 0x00, 0xe8, 0x64, 0x00, 0x00, 0xdb, 0x71, 0x00, 0x00, 0x00, 0x00, 0xee, 0x5e,
    0x00, 0x00, 0xb9, 0x96, 0x00, 0x00, 0x00, 0x14, 0xff, 0x3c, 0x00, 0x00, 0x56, 0xf3, 0x4e, 0x0b, 0x1d, 0xab, 0xd4, 0x05,
    0x00, 0x00, 0x00, 0x5f, 0xd0, 0xf4, 0xe6, 0xa7, 0x1e, 0x00, 0x00, 0x00, 0x00, 0x00, 0x00, 0x35, 0xdb, 0x0e, 0x00, 0x00,
    0x00, 0x00, 0x00, 0x00, 0x03, 0xc9, 0x38, 0x00, 0x00, 0x00, 0x00, 0x00, 0x00, 0x00, 0x00, 0x00, 0x00, 0x00, 0x00, 0x00,
    0x00, 0x00, 0xe0, 0x6c, 0x00, 0x00, 0x00, 0x00, 0xe8, 0x64, 0x00, 0x00, 0xe0, 0x6c, 0x00, 0x00, 0x00, 0x00, 0xe8, 0x64,
    0x00, 0x00, 0xe0, 0x6c, 0x00, 0x00, 0x00, 0x00, 0xe8, 0x64, 0x00, 0x00, 0xe0, 0x6c, 0x00, 0x00, 0x00, 0x00, 0xe8, 0x64,
    0x00, 0x00, 0xe0, 0x6c, 0x00, 0x00, 0x00, 0x00, 0xe8, 0x64, 0x00, 0x00, 0xdb, 0x71, 0x00, 0x00, 0x00, 0x00, 0xee, 0x5e,
    0x00, 0x00, 0xb9, 0x96, 0x00, 0x00, 0x00, 0x14, 0xff, 0x3c, 0x00, 0x00, 0x56, 0xf3, 0x4e, 0x0b, 0x1d, 0xab, 0xd4, 0x05,
    0x00, 0x00, 0x00, 0x5f, 0xd0, 0xf4, 0xe6, 0xa7, 0x1e, 0x00, 0x00, 0x00, 0x00, 0x00, 0x2f, 0xe3, 0xb0, 0x00, 0x00, 0x00,
    0x00, 0x00, 0x00, 0x05, 0xc3, 0x28, 0x94, 0x5d, 0x00, 0x00, 0x00, 0x00, 0x00, 0x00, 0x00, 0x00, 0x00, 0x00, 0x00, 0x00,
    0x00, 0x00, 0xe0, 0x6c, 0x00, 0x00, 0x00, 0x00, 0xe8, 0x64, 0x00, 0x00, 0xe0, 0x6c, 0x00, 0x00, 0x00, 0x00, 0xe8, 0x64,
    0x00, 0x00, 0xe0, 0x6c, 0x00, 0x00, 0x00, 0x00, 0xe8, 0x64, 0x00, 0x00, 0xe0, 0x6c, 0x00, 0x00, 0x00, 0x00, 0xe8, 0x64,
    0x00, 0x00, 0xe0, 0x6c, 0x00, 0x00, 0x00, 0x00, 0xe8, 0x64, 0x00, 0x00, 0xdb, 0x71, 0x00, 0x00, 0x00, 0x00, 0xee, 0x5e,
    0x00, 0x00, 0xb9, 0x96, 0x00, 0x00, 0x00, 0x14, 0xff, 0x3c, 0x00, 0x00, 0x56, 0xf3, 0x4e, 0x0b, 0x1d, 0xab, 0xd4, 0x05,
    0x00, 0x00, 0x00, 0x5f, 0xd0, 0xf4, 0xe6, 0xa7, 0x1e, 0x00, 0x00, 0x00, 0x00, 0x20, 0xff, 0x2c, 0xa4, 0xa8, 0x00, 0x00,
    0x00, 0x00, 0x00, 0x00, 0x00, 0x00, 0x00, 0x00, 0x00, 0x00, 0x00, 0x00, 0xe0, 0x6c, 0x00, 0x00, 0x00, 0x00, 0xe8, 0x64,
    0x00, 0x00, 0xe0, 0x6c, 0x00, 0x00, 0x00, 0x00, 0xe8, 0x64, 0x00, 0x00, 0xe0, 0x6c, 0x00, 0x00, 0x00, 0x00, 0xe8, 0x64,
    0x00, 0x00, 0xe0, 0x6c, 0x00, 0x00, 0x00, 0x00, 0xe8, 0x64, 0x00, 0x00, 0xe0, 0x6c, 0x00, 0x00, 0x00, 0x00, 0xe8, 0x64,
    0x00, 0x00, 0xdb, 0x71, 0x00, 0x00, 0x00, 0x00, 0xee, 0x5e, 0x00, 0x00, 0xb9, 0x96, 0x00, 0x00, 0x00, 0x14, 0xff, 0x3c,
    0x00, 0x00, 0x56, 0xf3, 0x4e, 0x0b, 0x1d, 0xab, 0xd4, 0x05, 0x00, 0x00, 0x00, 0x5f, 0xd0, 0xf4, 0xe6, 0xa7, 0x1e, 0x00,
    0x00, 0x00, 0x00, 0x00, 0x00, 0x11, 0xe1, 0x2c, 0x00, 0x00, 0x00, 0x00, 0x00, 0x00, 0x99, 0x6b, 0x00, 0x00, 0x00, 0x00,
    0x00, 0x00, 0x00, 0x00, 0x00, 0x00, 0x00, 0x00, 0x00, 0xad, 0xb2, 0x00, 0x00, 0x00, 0x02, 0xc0, 0x9c, 0x00, 0x12, 0xe4,
    0x69, 0x00, 0x00, 0x77, 0xda, 0x0b, 0x00, 0x00, 0x42, 0xf4, 0x29, 0x31, 0xf4, 0x35, 0x00, 0x00, 0x00, 0x00, 0x8a, 0xcf,
    0xd6, 0x79, 0x00, 0x00, 0x00, 0x00, 0x00, 0x06, 0xd5, 0xc8, 0x02, 0x00, 0x00, 0x00, 0x00, 0x00, 0x00, 0xac, 0x9c, 0x00,
    0x00, 0x00, 0x00, 0x00, 0x00, 0x00, 0xac, 0x9c, 0x00, 0x00, 0x00, 0x00, 0x00, 0x00, 0x00, 0xac, 0x9c, 0x00, 0x00, 0x00,
    0x00, 0x00, 0x00, 0x00, 0xac, 0x9c, 0x00, 0x00, 0x00, 0x00, 0xb8, 0x90, 0x00, 0x00, 0x00, 0x00, 0x00, 0x00, 0xb8, 0xff,
    0xff, 0xf3, 0xc6, 0x3f, 0x00, 0x00, 0xb8, 0x90, 0x00, 0x0e, 0x8e, 0xf1, 0x17, 0x00, 0xb8, 0x90, 0x00, 0x00, 0x09, 0xfe,
    0x50, 0x00, 0xb8, 0x90, 0x00, 0x00, 0x0a, 0xfe, 0x4f, 0x00, 0xb8, 0x90, 0x00, 0x0e, 0x91, 0xf2, 0x17, 0x00, 0xb8, 0xff,
    0xff, 0xf4, 0xc8, 0x42, 0x00, 0x00, 0xb8, 0x90, 0x00, 0x00, 0x00, 0x00, 0x00, 0x00, 0xb8, 0x90, 0x00, 0x00, 0x00, 0x00,
    0x00, 0x00, 0x07, 0x92, 0xe7, 0xec, 0x96, 0x06, 0x00, 0x00, 0x7a, 0xd3, 0x21, 0x18, 0xc5, 0x71, 0x00, 0x00, 0xbe, 0x70,
    0x00, 0x06, 0x90, 0xb6, 0x00, 0x00, 0xd0, 0x60, 0x04, 0xc6, 0xa7, 0x3e, 0x00, 0x00, 0xd0, 0x60, 0x46, 0xde, 0x01, 0x00,
    0x00, 0x00, 0xd0, 0x60, 0x4a, 0xf2, 0x1a, 0x00, 0x00, 0x00, 0xd0, 0x60, 0x07, 0xcb, 0xe0, 0x37, 0x00, 0x00, 0xd0, 0x60,
    0x00, 0x0b, 0x97, 0xf8, 0x37, 0x00, 0xd0, 0x60, 0x00, 0x00, 0x00, 0xb4, 0x8d, 0x00, 0xd0, 0x60, 0x00, 0x00, 0x1a, 0xd3,
    0x69, 0x00, 0xd0, 0x60, 0xe8, 0xff, 0xeb, 0x97, 0x05, 0x00, 0x14, 0xcb, 0x4d, 0x00, 0x00, 0x00, 0x00, 0x00, 0x00, 0x10,
    0xbe, 0x3a, 0x00, 0x00, 0x00, 0x00, 0x00, 0x00, 0x00, 0x00, 0x00, 0x00, 0x00, 0x00, 0xb4, 0xff, 0xfe, 0xdf, 0x7c, 0x01,
    0x00, 0x00, 0x00, 0x00, 0x03, 0x31, 0xdb, 0x5a, 0x00, 0x00, 0x00, 0x00, 0x00, 0x00, 0x6e, 0xa8, 0x00, 0x00, 0x55, 0xce,
    0xf4, 0xff, 0xff, 0xc4, 0x00, 0x17, 0xfc, 0x50, 0x0d, 0x01, 0x70, 0xc8, 0x00, 0x20, 0xfe, 0x41, 0x07, 0x39, 0xe1, 0xc8,
    0x00, 0x00, 0x74, 0xe8, 0xf9, 0xc7, 0x8f, 0xc8, 0x00, 0x00, 0x00, 0x00, 0x08, 0xc2, 0x65, 0x00, 0x00, 0x00, 0x00, 0x02,
    0xaa, 0x5e, 0x00, 0x00, 0x00, 0x00, 0x00, 0x00, 0x00, 0x00, 0x00, 0x00, 0x00, 0x00, 0xb4, 0xff, 0xfe, 0xdf, 0x7c, 0x01,
    0x00, 0x00, 0x00, 0x00, 0x03, 0x31, 0xdb, 0x5a, 0x00, 0x00, 0x00, 0x00, 0x00, 0x00, 0x6e, 0xa8, 0x00, 0x00, 0x55, 0xce,
    0xf4, 0xff, 0xff, 0xc4, 0x00, 0x17, 0xfc, 0x50, 0x0d, 0x01, 0x70, 0xc8, 0x00, 0x20, 0xfe, 0x41, 0x07, 0x39, 0xe1, 0xc8,
    0x00, 0x00, 0x74, 0xe8, 0xf9, 0xc7, 0x8f, 0xc8, 0x00, 0x00, 0x00, 0x26, 0xdd, 0x9f, 0x00, 0x00, 0x00, 0x00, 0x0b, 0xc0,
    0x25, 0x89, 0x67, 0x00, 0x00, 0x00, 0x00, 0x00, 0x00, 0x00, 0x00, 0x00, 0x00, 0x00, 0xb4, 0xff, 0xfe, 0xdf, 0x7c, 0x01,
    0x00, 0x00, 0x00, 0x00, 0x03, 0x31, 0xdb, 0x5a, 0x00, 0x00, 0x00, 0x00, 0x00, 0x00, 0x6e, 0xa8, 0x00, 0x00, 0x55, 0xce,
    0xf4, 0xff, 0xff, 0xc4, 0x00, 0x17, 0xfc, 0x50, 0x0d, 0x01, 0x70, 0xc8, 0x00, 0x20, 0xfe, 0x41, 0x07, 0x39, 0xe1, 0xc8,
    0x00, 0x00, 0x74, 0xe8, 0xf9, 0xc7, 0x8f, 0xc8, 0x00, 0x00, 0x0a, 0xd5, 0xb9, 0x1b, 0xc7, 0x00, 0x00, 0x00, 0x45, 0x93,
    0x4b, 0xed, 0x6c, 0x00, 0x00, 0x00, 0x00, 0x00, 0x00, 0x00, 0x00, 0x00, 0x00, 0x00, 0xb4, 0xff, 0xfe, 0xdf, 0x7c, 0x01,
    0x00, 0x00, 0x00, 0x00, 0x03, 0x31, 0xdb, 0x5a, 0x00, 0x00, 0x00, 0x00, 0x00, 0x00, 0x6e, 0xa8, 0x00, 0x00, 0x55, 0xce,
    0xf4, 0xff, 0xff, 0xc4, 0x00, 0x17, 0xfc, 0x50, 0x0d, 0x01, 0x70, 0xc8, 0x00, 0x20, 0xfe, 0x41, 0x07, 0x39, 0xe1, 0xc8,
    0x00, 0x00, 0x74, 0xe8, 0xf9, 0xc7, 0x8f, 0xc8, 0x00, 0x00, 0x20, 0xff, 0x2c, 0xa4, 0xa8, 0x00, 0x00, 0x00, 0x00, 0x00,
    0x00, 0x00, 0x00, 0x00, 0x00, 0x00, 0x00, 0x00, 0x00, 0x00, 0x00, 0x00, 0x00, 0x00, 0xb4, 0xff, 0xfe, 0xdf, 0x7c, 0x01,
    0x00, 0x00, 0x00, 0x00, 0x03, 0x31, 0xdb, 0x5a, 0x00, 0x00, 0x00, 0x00, 0x00, 0x00, 0x6e, 0xa8, 0x00, 0x00, 0x55, 0xce,
    0xf4, 0xff, 0xff, 0xc4, 0x00, 0x17, 0xfc, 0x50, 0x0d, 0x01, 0x70, 0xc8, 0x00, 0x20, 0xfe, 0x41, 0x07, 0x39, 0xe1, 0xc8,
    0x00, 0x00, 0x74, 0xe8, 0xf9, 0xc7, 0x8f, 0xc8, 0x00, 0x00, 0x00, 0x55, 0xed, 0xc1, 0x0d, 0x00, 0x00, 0x00, 0x00, 0xcc,
    0x19, 0x7c, 0x68, 0x00, 0x00, 0x00, 0x00, 0xcb, 0x18, 0x7a, 0x68, 0x00, 0x00, 0x00, 0x00, 0x55, 0xee, 0xc1, 0x0d, 0x00,
    0x00, 0x00, 0x00, 0x00, 0x00, 0x00, 0x00, 0x00, 0x00, 0x00, 0xb4, 0xff, 0xfe, 0xdf, 0x7c, 0x01, 0x00, 0x00, 0x00, 0x00,
    0x03, 0x31, 0xdb, 0x5a, 0x00, 0x00, 0x00, 0x00, 0x00, 0x00, 0x6e, 0xa8, 0x00, 0x00, 0x55, 0xce, 0xf4, 0xff, 0xff, 0xc4,
    0x00, 0x17, 0xfc, 0x50, 0x0d, 0x01, 0x70, 0xc8, 0x00, 0x20, 0xfe, 0x41, 0x07, 0x39, 0xe1, 0xc8, 0x00, 0x00, 0x74, 0xe8,
    0xf9, 0xc7, 0x8f, 0xc8, 0x00, 0x00, 0xb4, 0xff, 0xff, 0xeb, 0x9d, 0x33, 0xb5, 0xf5, 0xe6, 0x8e, 0x07, 0x00, 0x00, 0x00,
    0x00, 0x03, 0x31, 0xdb, 0xff, 0x8d, 0x13, 0x1a, 0xb8, 0x88, 0x00, 0x00, 0x00, 0x00, 0x00, 0x00, 0x6e, 0xe0, 0x01, 0x00,
    0x00, 0x2e, 0xec, 0x00, 0x00, 0x55, 0xce, 0xf4, 0xff, 0xff, 0xff, 0xff, 0xff, 0xff, 0xff, 0xff, 0x0e, 0x17, 0xfc, 0x50,
    0x0d, 0x01, 0x79, 0xd4, 0x00, 0x00, 0x00, 0x00, 0x00, 0x00, 0x21, 0xfe, 0x41, 0x08, 0x40, 0xab, 0x9d, 0x87, 0x18, 0x0e,
    0x49, 0x9e, 0x00, 0x00, 0x74, 0xe5, 0xf6, 0xb2, 0x15, 0x06, 0x8c, 0xe8, 0xef, 0xb5, 0x30, 0x00, 0x00, 0x0e, 0x91, 0xdf,
    0xef, 0x99, 0x0b, 0x00, 0xb1, 0xc3, 0x2a, 0x10, 0x66, 0x4c, 0x1e, 0xff, 0x24, 0x00, 0x00, 0x00, 0x00, 0x3e, 0xfc, 0x01,
    0x00, 0x00, 0x00, 0x00, 0x1e, 0xff, 0x24, 0x00, 0x00, 0x00, 0x00, 0x00, 0xb3, 0xc2, 0x29, 0x0f, 0x65, 0x4c, 0x00, 0x0f,
    0x95, 0xe2, 0xed, 0x98, 0x0b, 0x00, 0x00, 0x00, 0x00, 0xb6, 0x0f, 0x00, 0x00, 0x00, 0x00, 0x02, 0xa3, 0x51, 0x00, 0x00,
    0x00, 0x36, 0xf5, 0xde, 0x1f, 0x00, 0x00, 0x00, 0x87, 0xa4, 0x01, 0x00, 0x00, 0x00, 0x00, 0x00, 0x00, 0x7d, 0x8c, 0x00,
    0x00, 0x00, 0x00, 0x00, 0x00, 0x00, 0x00, 0x00, 0x00, 0x00, 0x00, 0x0c, 0x91, 0xe1, 0xf0, 0xb4, 0x1f, 0x00, 0x00, 0xae,
    0xb6, 0x21, 0x0e, 0x8c, 0xce, 0x02, 0x1c, 0xff, 0x1a, 0x00, 0x00, 0x02, 0xf1, 0x2d, 0x3d, 0xff, 0xff, 0xff, 0xff, 0xff,
    0xff, 0x4d, 0x1e, 0xfd, 0x13, 0x00, 0x00, 0x00, 0x00, 0x00, 0x00, 0xaf, 0xb3, 0x26, 0x0a, 0x35, 0xaf, 0x07, 0x00, 0x0d,
    0x8b, 0xdd, 0xf4, 0xc8, 0x4f, 0x00, 0x00, 0x00, 0x00, 0x00, 0x71, 0xb6, 0x08, 0x00, 0x00, 0x00, 0x00, 0x54, 0xaf, 0x06,
    0x00, 0x00, 0x00, 0x00, 0x00, 0x00, 0x00, 0x00, 0x00, 0x00, 0x00, 0x0c, 0x91, 0xe1, 0xf0, 0xb4, 0x1f, 0x00, 0x00, 0xae,
    0xb6, 0x21, 0x0e, 0x8c, 0xce, 0x02, 0x1c, 0xff, 0x1a, 0x00, 0x00, 0x02, 0xf1, 0x2d, 0x3d, 0xff, 0xff, 0xff, 0xff, 0xff,
    0xff, 0x4d, 0x1e, 0xfd, 0x13, 0x00, 0x00, 0x00, 0x00, 0x00, 0x00, 0xaf, 0xb3, 0x26, 0x0a, 0x35, 0xaf, 0x07, 0x00, 0x0d,
    0x8b, 0xdd, 0xf4, 0xc8, 0x4f, 0x00, 0x00, 0x00, 0x02, 0xb6, 0xd3, 0x16, 0x00, 0x00, 0x00, 0x00, 0x84, 0x6c, 0x37, 0xb5,
    0x03, 0x00, 0x00, 0x00, 0x00, 0x00, 0x00, 0x00, 0x00, 0x00, 0x00, 0x0c, 0x91, 0xe1, 0xf0, 0xb4, 0x1f, 0x00, 0x00, 0xae,
    0xb6, 0x21, 0x0e, 0x8c, 0xce, 0x02, 0x1c, 0xff, 0x1a, 0x00, 0x00, 0x02, 0xf1, 0x2d, 0x3d, 0xff, 0xff, 0xff, 0xff, 0xff,
    0xff, 0x4d, 0x1e, 0xfd, 0x13, 0x00, 0x00, 0x00, 0x00, 0x00, 0x00, 0xaf, 0xb3, 0x26, 0x0a, 0x35, 0xaf, 0x07, 0x00, 0x0d,
    0x8b, 0xdd, 0xf4, 0xc8, 0x4f, 0x00, 0x00, 0x00, 0xc4, 0x88, 0x48, 0xff, 0x04, 0x00, 0x00, 0x00, 0x00, 0x00, 0x00, 0x00,
    0x00, 0x00, 0x00, 0x00, 0x00, 0x00, 0x00, 0x00, 0x00, 0x00, 0x00, 0x0c, 0x91, 0xe1, 0xf0, 0xb4, 0x1f, 0x00, 0x00, 0xae,
    0xb6, 0x21, 0x0e, 0x8c, 0xce, 0x02, 0x1c, 0xff, 0x1a, 0x00, 0x00, 0x02, 0xf1, 0x2d, 0x3d, 0xff, 0xff, 0xff, 0xff, 0xff,
    0xff, 0x4d, 0x1e, 0xfd, 0x13, 0x00, 0x00, 0x00, 0x00, 0x00, 0x00, 0xaf, 0xb3, 0x26, 0x0a, 0x35, 0xaf, 0x07, 0x00, 0x0d,
    0x8b, 0xdd, 0xf4, 0xc8, 0x4f, 0x00, 0x10, 0xc5, 0x57, 0x00, 0x00, 0x00, 0x0c, 0xb9, 0x43, 0x00, 0x00, 0x00, 0x00, 0x00,
    0x00, 0x00, 0x00, 0xc8, 0x64, 0x00, 0x00, 0x00, 0xc8, 0x64, 0x00, 0x00, 0x00, 0xc8, 0x64, 0x00, 0x00, 0x00, 0xc8, 0x64,
    0x00, 0x00, 0x00, 0xc8, 0x64, 0x00, 0x00, 0x00, 0xc8, 0x64, 0x00, 0x00, 0x00, 0xc8, 0x64, 0x00, 0x00, 0x05, 0xba, 0x70,
    0x00, 0xa0, 0x69, 0x00, 0x00, 0x00, 0x00, 0x00, 0x00, 0xc8, 0x64, 0x00, 0x00, 0xc8, 0x64, 0x00, 0x00, 0xc8, 0x64, 0x00,
    0x00, 0xc8, 0x64, 0x00, 0x00, 0xc8, 0x64, 0x00, 0x00, 0xc8, 0x64, 0x00, 0x00, 0xc8, 0x64, 0x00, 0x00, 0x1f, 0xd9, 0xa9,
    0x00, 0x07, 0xbc, 0x2c, 0x7d, 0x73, 0x00, 0x00, 0x00, 0x00, 0x00, 0x00, 0x00, 0xc8, 0x64, 0x00, 0x00, 0x00, 0xc8, 0x64,
    0x00, 0x00, 0x00, 0xc8, 0x64, 0x00, 0x00, 0x00, 0xc8, 0x64, 0x00, 0x00, 0x00, 0xc8, 0x64, 0x00, 0x00, 0x00, 0xc8, 0x64,
    0x00, 0x00, 0x00, 0xc8, 0x64, 0x00, 0x14, 0xff, 0x38, 0x98, 0xb4, 0x00, 0x00, 0x00, 0x00, 0x00, 0x00, 0x00, 0x00, 0x00,
    0x00, 0x00, 0x00, 0xc8, 0x64, 0x00, 0x00, 0x00, 0xc8, 0x64, 0x00, 0x00, 0x00, 0xc8, 0x64, 0x00, 0x00, 0x00, 0xc8, 0x64,
    0x00, 0x00, 0x00, 0xc8, 0x64, 0x00, 0x00, 0x00, 0xc8, 0x64, 0x00, 0x00, 0x00, 0xc8, 0x64, 0x00, 0x00, 0x00, 0x9a, 0xcd,
    0x2e, 0x7c, 0x4f, 0x00, 0x00, 0x1c, 0x76, 0xf7, 0xeb, 0x39, 0x00, 0x00, 0x00, 0x4a, 0x44, 0x13, 0xd6, 0x86, 0x00, 0x00,
    0x00, 0x12, 0xa4, 0xed, 0xfb, 0xff, 0x4d, 0x00, 0x00, 0xb8, 0xba, 0x22, 0x0a, 0x92, 0xd7, 0x00, 0x20, 0xff, 0x21, 0x00,
    0x00, 0x23, 0xff, 0x23, 0x3e, 0xfb, 0x00, 0x00, 0x00, 0x08, 0xff, 0x37, 0x1f, 0xff, 0x20, 0x00, 0x00, 0x2e, 0xff, 0x16,
    0x00, 0xb5, 0xb6, 0x1a, 0x1d, 0xc0, 0xaa, 0x00, 0x00, 0x10, 0x9e, 0xe9, 0xe8, 0x99, 0x0d, 0x00, 0x00, 0x00, 0x71, 0xec,
    0x47, 0x97, 0x40, 0x00, 0x00, 0x00, 0xc9, 0x1b, 0xbc, 0xd3, 0x08, 0x00, 0x00, 0x00, 0x00, 0x00, 0x00, 0x00, 0x00, 0x00,
    0x00, 0xd0, 0x83, 0xbe, 0xf2, 0xd9, 0x46, 0x00, 0x00, 0xd0, 0xe1, 0x36, 0x0a, 0x7b, 0xe9, 0x01, 0x00, 0xd0, 0x72, 0x00,
    0x00, 0x11, 0xff, 0x1b, 0x00, 0xd0, 0x5c, 0x00, 0x00, 0x08, 0xff, 0x24, 0x00, 0xd0, 0x5c, 0x00, 0x00, 0x08, 0xff, 0x24,
    0x00, 0xd0, 0x5c, 0x00, 0x00, 0x08, 0xff, 0x24, 0x00, 0xd0, 0x5c, 0x00, 0x00, 0x08, 0xff, 0x24, 0x00, 0x04, 0xa7, 0x82,
    0x00, 0x00, 0x00, 0x00, 0x00, 0x00, 0x02, 0x9e, 0x68, 0x00, 0x00, 0x00, 0x00, 0x00, 0x00, 0x00, 0x00, 0x00, 0x00, 0x00,
    0x00, 0x16, 0xa6, 0xea, 0xe9, 0xa1, 0x12, 0x00, 0x00, 0xc0, 0xb5, 0x1a, 0x1d, 0xbe, 0xb5, 0x00, 0x22, 0xff, 0x20, 0x00,
    0x00, 0x2c, 0xff, 0x19, 0x3f, 0xfb, 0x00, 0x00, 0x00, 0x08, 0xff, 0x36, 0x22, 0xff, 0x1e, 0x00, 0x00, 0x2c, 0xff, 0x19,
    0x00, 0xc1, 0xb3, 0x19, 0x1d, 0xbe, 0xb6, 0x00, 0x00, 0x18, 0xa7, 0xeb, 0xea, 0xa3, 0x14, 0x00, 0x00, 0x00, 0x00, 0x00,
    0x95, 0x9a, 0x01, 0x00, 0x00, 0x00, 0x00, 0x77, 0x93, 0x01, 0x00, 0x00, 0x00, 0x00, 0x00, 0x00, 0x00, 0x00, 0x00, 0x00,
    0x00, 0x16, 0xa6, 0xea, 0xe9, 0xa1, 0x12, 0x00, 0x00, 0xc0, 0xb5, 0x1a, 0x1d, 0xbe, 0xb5, 0x00, 0x22, 0xff, 0x20, 0x00,
    0x00, 0x2c, 0xff, 0x19, 0x3f, 0xfb, 0x00, 0x00, 0x00, 0x08, 0xff, 0x36, 0x22, 0xff, 0x1e, 0x00, 0x00, 0x2c, 0xff, 0x19,
    0x00, 0xc1, 0xb3, 0x19, 0x1d, 0xbe, 0xb6, 0x00, 0x00, 0x18, 0xa7, 0xeb, 0xea, 0xa3, 0x14, 0x00, 0x00, 0x00, 0x0b, 0xc9,
    0xc5, 0x08, 0x00, 0x00, 0x00, 0x00, 0xa4, 0x4c, 0x53, 0x9d, 0x00, 0x00, 0x00, 0x00, 0x00, 0x00, 0x00, 0x00, 0x00, 0x00,
    0x00, 0x16, 0xa6, 0xea, 0xe9, 0xa1, 0x12, 0x00, 0x00, 0xc0, 0xb5, 0x1a, 0x1d, 0xbe, 0xb5, 0x00, 0x22, 0xff, 0x20, 0x00,
    0x00, 0x2c, 0xff, 0x19, 0x3f, 0xfb, 0x00, 0x00, 0x00, 0x08, 0xff, 0x36, 0x22, 0xff, 0x1e, 0x00, 0x00, 0x2c, 0xff, 0x19,
    0x00, 0xc1, 0xb3, 0x19, 0x1d, 0xbe, 0xb6, 0x00, 0x00, 0x18, 0xa7, 0xeb, 0xea, 0xa3, 0x14, 0x00, 0x00, 0x00, 0xa9, 0xd9,
    0x25, 0xcd, 0x06, 0x00, 0x00, 0x0e, 0xc8, 0x29, 0xdd, 0xa0, 0x00, 0x00, 0x00, 0x00, 0x00, 0x00, 0x00, 0x00, 0x00, 0x00,
    0x00, 0x16, 0xa6, 0xea, 0xe9, 0xa1, 0x12, 0x00, 0x00, 0xc0, 0xb5, 0x1a, 0x1d, 0xbe, 0xb5, 0x00, 0x22, 0xff, 0x20, 0x00,
    0x00, 0x2c, 0xff, 0x19, 0x3f, 0xfb, 0x00, 0x00, 0x00, 0x08, 0xff, 0x36, 0x22, 0xff, 0x1e, 0x00, 0x00, 0x2c, 0xff, 0x19,
    0x00, 0xc1, 0xb3, 0x19, 0x1d, 0xbe, 0xb6, 0x00, 0x00, 0x18, 0xa7, 0xeb, 0xea, 0xa3, 0x14, 0x00, 0x00, 0x00, 0xe8, 0x64,
    0x6c, 0xe0, 0x00, 0x00, 0x00, 0x00, 0x00, 0x00, 0x00, 0x00, 0x00, 0x00, 0x00, 0x00, 0x00, 0x00, 0x00, 0x00, 0x00, 0x00,
    0x00, 0x16, 0xa6, 0xea, 0xe9, 0xa1, 0x12, 0x00, 0x00, 0xc0, 0xb5, 0x1a, 0x1d, 0xbe, 0xb5, 0x00, 0x22, 0xff, 0x20, 0x00,
    0x00, 0x2c, 0xff, 0x19, 0x3f, 0xfb, 0x00, 0x00, 0x00, 0x08, 0xff, 0x36, 0x22, 0xff, 0x1e, 0x00, 0x00, 0x2c, 0xff, 0x19,
    0x00, 0xc1, 0xb3, 0x19, 0x1d, 0xbe, 0xb6, 0x00, 0x00, 0x18, 0xa7, 0xeb, 0xea, 0xa3, 0x14, 0x00, 0x00, 0x00, 0x00, 0x00,
    0x54, 0xff, 0x3c, 0x00, 0x00, 0x00, 0x00, 0x00, 0x00, 0x00, 0x00, 0x54, 0xff, 0x3c, 0x00, 0x00, 0x00, 0x00, 0x00, 0x00,
    0x00, 0x00, 0x00, 0x00, 0x00, 0x00, 0x00, 0x00, 0x00, 0x00, 0xa0, 0xff, 0xff, 0xff, 0xff, 0xff, 0xff, 0xff, 0x84, 0x00,
    0x00, 0x00, 0x00, 0x00, 0x00, 0x00, 0x00, 0x00, 0x00, 0x00, 0x00, 0x00, 0x00, 0x00, 0x00, 0x54, 0xff, 0x3c, 0x00, 0x00,
    0x00, 0x00, 0x00, 0x00, 0x00, 0x00, 0x54, 0xff, 0x3c, 0x00, 0x00, 0x00, 0x00, 0x00, 0x00, 0x00, 0x00, 0x00, 0x00, 0x00,
    0x00, 0x00, 0x00, 0x00, 0x00, 0x00, 0x00, 0x00, 0x00, 0x00, 0x1b, 0x0e, 0x00, 0x17, 0xa7, 0xea, 0xea, 0x99, 0xc7, 0x2f,
    0x00, 0xc2, 0xb5, 0x1a, 0x20, 0xed, 0xbb, 0x00, 0x23, 0xff, 0x21, 0x00, 0xa0, 0x84, 0xff, 0x19, 0x3f, 0xfa, 0x00, 0x88,
    0x7b, 0x06, 0xff, 0x36, 0x21, 0xff, 0x82, 0x95, 0x00, 0x2c, 0xff, 0x1a, 0x00, 0xc4, 0xe5, 0x17, 0x1d, 0xbe, 0xb8, 0x00,
    0x30, 0xc1, 0xa4, 0xef, 0xea, 0xa3, 0x14, 0x00, 0x19, 0x17, 0x00, 0x00, 0x00, 0x00, 0x00, 0x00, 0x00, 0x02, 0x9d, 0x8e,
    0x00, 0x00, 0x00, 0x00, 0x00, 0x00, 0x01, 0x94, 0x74, 0x00, 0x00, 0x00, 0x00, 0x00, 0x00, 0x00, 0x00, 0x00, 0x00, 0x00,
    0x00, 0xe4, 0x44, 0x00, 0x00, 0x1c, 0xff, 0x10, 0x00, 0xe4, 0x44, 0x00, 0x00, 0x1c, 0xff, 0x10, 0x00, 0xe4, 0x44, 0x00,
    0x00, 0x1c, 0xff, 0x10, 0x00, 0xe4, 0x44, 0x00, 0x00, 0x1c, 0xff, 0x10, 0x00, 0xdb, 0x4d, 0x00, 0x00, 0x32, 0xff, 0x10,
    0x00, 0xab, 0xae, 0x10, 0x1f, 0xbb, 0xff, 0x10, 0x00, 0x22, 0xc2, 0xf5, 0xd3, 0x69, 0xff, 0x10, 0x00, 0x00, 0x00, 0x00,
    0x8a, 0xa4, 0x03, 0x00, 0x00, 0x00, 0x00, 0x6a, 0x9d, 0x02, 0x00, 0x00, 0x00, 0x00, 0x00, 0x00, 0x00, 0x00, 0x00, 0x00,
    0x00, 0xe4, 0x44, 0x00, 0x00, 0x1c, 0xff, 0x10, 0x00, 0xe4, 0x44, 0x00, 0x00, 0x1c, 0xff, 0x10, 0x00, 0xe4, 0x44, 0x00,
    0x00, 0x1c, 0xff, 0x10, 0x00, 0xe4, 0x44, 0x00, 0x00, 0x1c, 0xff, 0x10, 0x00, 0xdb, 0x4d, 0x00, 0x00, 0x32, 0xff, 0x10,
    0x00, 0xab, 0xae, 0x10, 0x1f, 0xbb, 0xff, 0x10, 0x00, 0x22, 0xc2, 0xf5, 0xd3, 0x69, 0xff, 0x10, 0x00, 0x00, 0x07, 0xc4,
    0xca, 0x0c, 0x00, 0x00, 0x00, 0x00, 0x9a, 0x56, 0x49, 0xa6, 0x00, 0x00, 0x00, 0x00, 0x00, 0x00, 0x00, 0x00, 0x00, 0x00,
    0x00, 0xe4, 0x44, 0x00, 0x00, 0x1c, 0xff, 0x10, 0x00, 0xe4, 0x44, 0x00, 0x00, 0x1c, 0xff, 0x10, 0x00, 0xe4, 0x44, 0x00,
    0x00, 0x1c, 0xff, 0x10, 0x00, 0xe4, 0x44, 0x00, 0x00, 0x1c, 0xff, 0x10, 0x00, 0xdb, 0x4d, 0x00, 0x00, 0x32, 0xff, 0x10,
    0x00, 0xab, 0xae, 0x10, 0x1f, 0xbb, 0xff, 0x10, 0x00, 0x22, 0xc2, 0xf5, 0xd3, 0x69, 0xff, 0x10, 0x00, 0x00, 0xdc, 0x70,
    0x60, 0xec, 0x00, 0x00, 0x00, 0x00, 0x00, 0x00, 0x00, 0x00, 0x00, 0x00, 0x00, 0x00, 0x00, 0x00, 0x00, 0x00, 0x00, 0x00,
    0x00, 0xe4, 0x44, 0x00, 0x00, 0x1c, 0xff, 0x10, 0x00, 0xe4, 0x44, 0x00, 0x00, 0x1c, 0xff, 0x10, 0x00, 0xe4, 0x44, 0x00,
    0x00, 0x1c, 0xff, 0x10, 0x00, 0xe4, 0x44, 0x00, 0x00, 0x1c, 0xff, 0x10, 0x00, 0xdb, 0x4d, 0x00, 0x00, 0x32, 0xff, 0x10,
    0x00, 0xab, 0xae, 0x10, 0x1f, 0xbb, 0xff, 0x10, 0x00, 0x22, 0xc2, 0xf5, 0xd3, 0x69, 0xff, 0x10, 0x00, 0x00, 0x00, 0x03,
    0xb5, 0x78, 0x00, 0x00, 0x00, 0x00, 0x00, 0x9a, 0x70, 0x00, 0x00, 0x00, 0x00, 0x00, 0x00, 0x00, 0x00, 0x00, 0x00, 0x00,
    0x68, 0xd3, 0x00, 0x00, 0x00, 0x25, 0xfc, 0x1f, 0x0c, 0xf1, 0x3b, 0x00, 0x00, 0x8c, 0xb7, 0x00, 0x00, 0x94, 0xa3, 0x00,
    0x07, 0xec, 0x52, 0x00, 0x00, 0x2a, 0xf7, 0x13, 0x5c, 0xe8, 0x05, 0x00, 0x00, 0x00, 0xc0, 0x73, 0xc4, 0x88, 0x00, 0x00,
    0x00, 0x00, 0x56, 0xe9, 0xfe, 0x24, 0x00, 0x00, 0x00, 0x00, 0x05, 0xe7, 0xbd, 0x00, 0x00, 0x00, 0x00, 0x00, 0x07, 0xed,
    0x58, 0x00, 0x00, 0x00, 0x00, 0x01, 0x72, 0xe4, 0x05, 0x00, 0x00, 0x00, 0x00, 0xf7, 0xe7, 0x49, 0x00, 0x00, 0x00, 0x00,
    0x00, 0xd0, 0x5c, 0x00, 0x00, 0x00, 0x00, 0x00, 0x00, 0xd0, 0x5c, 0x00, 0x00, 0x00, 0x00, 0x00, 0x00, 0xd0, 0x5c, 0x00,
    0x00, 0x00, 0x00, 0x00, 0x00, 0xd0, 0x5c, 0x00, 0x00, 0x00, 0x00, 0x00, 0x00, 0xd0, 0x86, 0xc3, 0xf2, 0xce, 0x3b, 0x00,
    0x00, 0xd0, 0xee, 0x40, 0x0e, 0x77, 0xf1, 0x15, 0x00, 0xd0, 0x86, 0x00, 0x00, 0x00, 0xd6, 0x66, 0x00, 0xd0, 0x64, 0x00,
    0x00, 0x00, 0xb4, 0x82, 0x00, 0xd0, 0x85, 0x00, 0x00, 0x00, 0xd6, 0x66, 0x00, 0xd0, 0xed, 0x3f, 0x0d, 0x74, 0xf2, 0x15,
    0x00, 0xd0, 0x87, 0xc4, 0xf3, 0xcf, 0x3d, 0x00, 0x00, 0xd0, 0x5c, 0x00, 0x00, 0x00, 0x00, 0x00, 0x00, 0xd0, 0x5c, 0x00,
    0x00, 0x00, 0x00, 0x00, 0x00, 0xd0, 0x5c, 0x00, 0x00, 0x00, 0x00, 0x00, 0x00, 0x0c, 0xff, 0x40, 0x90, 0xbc, 0x00, 0x00,
    0x00, 0x00, 0x00, 0x00, 0x00, 0x00, 0x00, 0x00, 0x00, 0x00, 0x00, 0x00, 0x00, 0x00, 0x00, 0x00, 0x68, 0xd3, 0x00, 0x00,
    0x00, 0x25, 0xfc, 0x1f, 0x0c, 0xf1, 0x3b, 0x00, 0x00, 0x8c, 0xb7, 0x00, 0x00, 0x94, 0xa3, 0x00, 0x07, 0xec, 0x52, 0x00,
    0x00, 0x2a, 0xf7, 0x13, 0x5c, 0xe8, 0x05, 0x00, 0x00, 0x00, 0xc0, 0x73, 0xc4, 0x88, 0x00, 0x00, 0x00, 0x00, 0x56, 0xe9,
    0xfe, 0x24, 0x00, 0x00, 0x00, 0x00, 0x05, 0xe7, 0xbd, 0x00, 0x00, 0x00, 0x00, 0x00, 0x07, 0xed, 0x58, 0x00, 0x00, 0x00,
    0x00, 0x01, 0x72, 0xe4, 0x05, 0x00, 0x00, 0x00, 0x00, 0xf7, 0xe7, 0x49, 0x00, 0x00, 0x00, 0x00, 0x00, 0x00, 0x00, 0x7c,
    0xff, 0x5e, 0x00, 0x00, 0x00, 0x00, 0x00, 0x00, 0x02, 0xdf, 0x9c, 0xc5, 0x00, 0x00, 0x00, 0x00, 0x00, 0x00, 0x49, 0xcd,
    0x06, 0xe6, 0x2c, 0x00, 0x00, 0x00, 0x00, 0x00, 0xb0, 0x5c, 0x00, 0x7b, 0x92, 0x00, 0x00, 0x00, 0x00, 0x1a, 0xe2, 0x05,
    0x00, 0x13, 0xe5, 0x09, 0x00, 0x00, 0x00, 0x7d, 0xff, 0xff, 0xff, 0xff, 0xff, 0x60, 0x00, 0x00, 0x02, 0xe1, 0x2a, 0x00,
    0x00, 0x00, 0x44, 0xc6, 0x00, 0x00, 0x4a, 0xe1, 0x00, 0x00, 0x00, 0x00, 0x06, 0xf3, 0x2d, 0x00, 0xb1, 0x98, 0x00, 0x00,
    0x00, 0x00, 0x00, 0xb1, 0x94, 0x00, 0x00, 0x00, 0x00, 0x00, 0x00, 0x00, 0x01, 0xb7, 0x0e, 0x00, 0x00, 0x00, 0x00, 0x00,
    0x00, 0x00, 0x22, 0xcb, 0x05, 0x00, 0x00, 0x00, 0x00, 0x00, 0x00, 0x00, 0x09, 0xcd, 0xf8, 0x26, 0x00, 0xb4, 0xff, 0xfe,
    0xdf, 0x7c, 0x01, 0x00, 0x00, 0x00, 0x00, 0x03, 0x31, 0xdb, 0x5a, 0x00, 0x00, 0x00, 0x00, 0x00, 0x00, 0x6e, 0xa8, 0x00,
    0x00, 0x55, 0xce, 0xf4, 0xff, 0xff, 0xc4, 0x00, 0x17, 0xfc, 0x50, 0x0d, 0x01, 0x70, 0xc8, 0x00, 0x20, 0xfe, 0x41, 0x07,
    0x39, 0xe1, 0xc8, 0x00, 0x00, 0x74, 0xe8, 0xf9, 0xc7, 0x8f, 0xc8, 0x00, 0x00, 0x00, 0x00, 0x00, 0x00, 0xa3, 0x23, 0x00,
    0x00, 0x00, 0x00, 0x00, 0x03, 0xe4, 0x0b, 0x00, 0x00, 0x00, 0x00, 0x00, 0x00, 0xb4, 0xf9, 0x47, 0x00, 0x00, 0x00, 0x00,
    0x02, 0xcc, 0x50, 0x00, 0x00, 0x00, 0x00, 0x00, 0x00, 0x6d, 0x97, 0x00, 0x00, 0x00, 0x00, 0x00, 0x00, 0x00, 0x00, 0x00,
    0x00, 0x00, 0x00, 0x00, 0x00, 0x36, 0xb1, 0xec, 0xf6, 0xd2, 0x77, 0x09, 0x00, 0x48, 0xf8, 0x8c, 0x26, 0x0a, 0x2c, 0x86,
    0x56, 0x01, 0xdf, 0x96, 0x00, 0x00, 0x00, 0x00, 0x00, 0x00, 0x2a, 0xff, 0x38, 0x00, 0x00, 0x00, 0x00, 0x00, 0x00, 0x3f,
    0xff, 0x1d, 0x00, 0x00, 0x00, 0x00, 0x00, 0x00, 0x2a, 0xff, 0x38, 0x00, 0x00, 0x00, 0x00, 0x00, 0x00, 0x01, 0xdf, 0x94,
    0x00, 0x00, 0x00, 0x00, 0x00, 0x00, 0x00, 0x48, 0xf7, 0x88, 0x25, 0x0a, 0x2b, 0x85, 0x56, 0x00, 0x00, 0x36, 0xb2, 0xed,
    0xf6, 0xd2, 0x76, 0x09, 0x00, 0x00, 0x00, 0x00, 0x71, 0xb6, 0x08, 0x00, 0x00, 0x00, 0x54, 0xaf, 0x06, 0x00, 0x00, 0x00,
    0x00, 0x00, 0x00, 0x00, 0x00, 0x00, 0x0e, 0x91, 0xdf, 0xef, 0x99, 0x0b, 0x00, 0xb1, 0xc3, 0x2a, 0x10, 0x66, 0x4c, 0x1e,
    0xff, 0x24, 0x00, 0x00, 0x00, 0x00, 0x3e, 0xfc, 0x01, 0x00, 0x00, 0x00, 0x00, 0x1e, 0xff, 0x24, 0x00, 0x00, 0x00, 0x00,
    0x00, 0xb3, 0xc2, 0x29, 0x0f, 0x65, 0x4c, 0x00, 0x0f, 0x95, 0xe2, 0xed, 0x98, 0x0b, 0x00, 0x00, 0x00, 0x73, 0x7f, 0x36,
    0xb9, 0x01, 0x00, 0x00, 0x00, 0x00, 0x02, 0xc1, 0xde, 0x21, 0x00, 0x00, 0x00, 0x00, 0x00, 0x00, 0x00, 0x00, 0x00, 0x00,
    0x00, 0x00, 0x00, 0x36, 0xb1, 0xec, 0xf6, 0xd2, 0x77, 0x09, 0x00, 0x48, 0xf8, 0x8c, 0x26, 0x0a, 0x2c, 0x86, 0x56, 0x01,
    0xdf, 0x96, 0x00, 0x00, 0x00, 0x00, 0x00, 0x00, 0x2a, 0xff, 0x38, 0x00, 0x00, 0x00, 0x00, 0x00, 0x00, 0x3f, 0xff, 0x1d,
    0x00, 0x00, 0x00, 0x00, 0x00, 0x00, 0x2a, 0xff, 0x38, 0x00, 0x00, 0x00, 0x00, 0x00, 0x00, 0x01, 0xdf, 0x94, 0x00, 0x00,
    0x00, 0x00, 0x00, 0x00, 0x00, 0x48, 0xf7, 0x88, 0x25, 0x0a, 0x2b, 0x85, 0x56, 0x00, 0x00, 0x36, 0xb2, 0xed, 0xf6, 0xd2,
    0x76, 0x09, 0x00, 0x00, 0x84, 0x6c, 0x36, 0xb5, 0x03, 0x00, 0x00, 0x02, 0xb6, 0xd3, 0x16, 0x00, 0x00, 0x00, 0x00, 0x00,
    0x00, 0x00, 0x00, 0x00, 0x0e, 0x91, 0xdf, 0xef, 0x99, 0x0b, 0x00, 0xb1, 0xc3, 0x2a, 0x10, 0x66, 0x4c, 0x1e, 0xff, 0x24,
    0x00, 0x00, 0x00, 0x00, 0x3e, 0xfc, 0x01, 0x00, 0x00, 0x00, 0x00, 0x1e, 0xff, 0x24, 0x00, 0x00, 0x00, 0x00, 0x00, 0xb3,
    0xc2, 0x29, 0x0f, 0x65, 0x4c, 0x00, 0x0f, 0x95, 0xe2, 0xed, 0x98, 0x0b, 0x00, 0xb8, 0xff, 0xff, 0xff, 0xff, 0xff, 0x44,
    0x00, 0xb8, 0x90, 0x00, 0x00, 0x00, 0x00, 0x00, 0x00, 0xb8, 0x90, 0x00, 0x00, 0x00, 0x00, 0x00, 0x00, 0xb8, 0x90, 0x00,
    0x00, 0x00, 0x00, 0x00, 0x00, 0xb8, 0xff, 0xff, 0xff, 0xff, 0xff, 0x14, 0x00, 0xb8, 0x90, 0x00, 0x00, 0x00, 0x00, 0x00,
    0x00, 0xb8, 0x90, 0x00, 0x00, 0x00, 0x00, 0x00, 0x00, 0xb8, 0x90, 0x00, 0x00, 0x00, 0x00, 0x00, 0x00, 0xb8, 0xff, 0xff,
    0xff, 0xff, 0xff, 0x60, 0x00, 0x00, 0x00, 0x00, 0x00, 0x93, 0x34, 0x00, 0x00, 0x00, 0x00, 0x00, 0x00, 0xe2, 0x11, 0x00,
    0x00, 0x00, 0x00, 0x00, 0x00, 0xa1, 0xf9, 0x59, 0x00, 0x0c, 0x91, 0xe1, 0xf0, 0xb4, 0x1f, 0x00, 0x00, 0xae, 0xb6, 0x21,
    0x0e, 0x8c, 0xce, 0x02, 0x1c, 0xff, 0x1a, 0x00, 0x00, 0x02, 0xf1, 0x2d, 0x3d, 0xff, 0xff, 0xff, 0xff, 0xff, 0xff, 0x4d,
    0x1e, 0xfd, 0x13, 0x00, 0x00, 0x00, 0x00, 0x00, 0x00, 0xaf, 0xb3, 0x26, 0x0a, 0x35, 0xaf, 0x07, 0x00, 0x0d, 0x8b, 0xdd,
    0xf4, 0xc8, 0x4f, 0x00, 0x00, 0x00, 0x00, 0x00, 0x22, 0xa4, 0x00, 0x00, 0x00, 0x00, 0x00, 0x00, 0x72, 0x81, 0x00, 0x00,
    0x00, 0x00, 0x00, 0x00, 0x3a, 0xea, 0xcf, 0x00, 0x00, 0x00, 0x4e, 0xa2, 0x1f, 0xc8, 0x0a, 0x00, 0x00, 0x00, 0x00, 0xa2,
    0xe6, 0x3c, 0x00, 0x00, 0x00, 0x00, 0x00, 0x00, 0x00, 0x00, 0x00, 0x00, 0x00, 0xb8, 0xff, 0xff, 0xff, 0xff, 0xff, 0x44,
    0x00, 0xb8, 0x90, 0x00, 0x00, 0x00, 0x00, 0x00, 0x00, 0xb8, 0x90, 0x00, 0x00, 0x00, 0x00, 0x00, 0x00, 0xb8, 0x90, 0x00,
    0x00, 0x00, 0x00, 0x00, 0x00, 0xb8, 0xff, 0xff, 0xff, 0xff, 0xff, 0x14, 0x00, 0xb8, 0x90, 0x00, 0x00, 0x00, 0x00, 0x00,
    0x00, 0xb8, 0x90, 0x00, 0x00, 0x00, 0x00, 0x00, 0x00, 0xb8, 0x90, 0x00, 0x00, 0x00, 0x00, 0x00, 0x00, 0xb8, 0xff, 0xff,
    0xff, 0xff, 0xff, 0x60, 0x00, 0x00, 0x75, 0x7c, 0x2c, 0xbc, 0x07, 0x00, 0x00, 0x00, 0x00, 0xaa, 0xd9, 0x1f, 0x00, 0x00,
    0x00, 0x00, 0x00, 0x00, 0x00, 0x00, 0x00, 0x00, 0x00, 0x0c, 0x91, 0xe1, 0xf0, 0xb4, 0x1f, 0x00, 0x00, 0xae, 0xb6, 0x21,
    0x0e, 0x8c, 0xce, 0x02, 0x1c, 0xff, 0x1a, 0x00, 0x00, 0x02, 0xf1, 0x2d, 0x3d, 0xff, 0xff, 0xff, 0xff, 0xff, 0xff, 0x4d,
    0x1e, 0xfd, 0x13, 0x00, 0x00, 0x00, 0x00, 0x00, 0x00, 0xaf, 0xb3, 0x26, 0x0a, 0x35, 0xaf, 0x07, 0x00, 0x0d, 0x8b, 0xdd,
    0xf4, 0xc8, 0x4f, 0x00, 0x00, 0xc8, 0x64, 0x00, 0x00, 0xc8, 0x64, 0x00, 0x00, 0xc8, 0x64, 0x00, 0x00, 0xc8, 0x64, 0x00,
    0x00, 0xc8, 0x64, 0x00, 0x00, 0xc8, 0x64, 0x00, 0x00, 0xc8, 0x64, 0x00, 0x00, 0x00, 0xa8, 0xa0, 0x00, 0x00, 0x00, 0x00,
    0x00, 0x00, 0x00, 0xa8, 0xa0, 0x00, 0x00, 0x00, 0x00, 0x00, 0x00, 0x00, 0xa8, 0xa0, 0x06, 0x5e, 0x00, 0x00, 0x00, 0x00,
    0x00, 0xa8, 0xc6, 0xce, 0x7e, 0x03, 0x00, 0x00, 0x00, 0x06, 0xc1, 0xda, 0x2d, 0x00, 0x00, 0x00, 0x00, 0x02, 0xc1, 0xe5,
    0xa0, 0x00, 0x00, 0x00, 0x00, 0x00, 0x00, 0x0d, 0xa8, 0xa0, 0x00, 0x00, 0x00, 0x00, 0x00, 0x00, 0x00, 0xa8, 0xa0, 0x00,
    0x00, 0x00, 0x00, 0x00, 0x00, 0x00, 0xa8, 0xff, 0xff, 0xff, 0xff, 0xff, 0x40, 0x00, 0xbc, 0x70, 0x00, 0x00, 0xbc, 0x70,
    0x00, 0x00, 0xbc, 0x70, 0x00, 0x00, 0xbc, 0x76, 0x1b, 0x00, 0xbc, 0xf5, 0x69, 0x3c, 0xed, 0x86, 0x00, 0x99, 0xd7, 0x70,
    0x00, 0x00, 0xbc, 0x70, 0x00, 0x00, 0xbc, 0x70, 0x00, 0x00, 0xbc, 0x70, 0x00, 0x00, 0xbc, 0x70, 0x00, 0x00, 0x00, 0x00,
    0x00, 0x78, 0xa7, 0x00, 0x00, 0x00, 0x00, 0x00, 0x00, 0x00, 0x1f, 0xd5, 0x0f, 0x00, 0x00, 0x00, 0x00, 0x00, 0x00, 0x00,
    0x00, 0x00, 0x00, 0x00, 0x00, 0x00, 0x00, 0x00, 0xb8, 0xff, 0x47, 0x00, 0x00, 0x00, 0xcc, 0x74, 0x00, 0x00, 0xb8, 0xec,
    0xd2, 0x03, 0x00, 0x00, 0xcc, 0x74, 0x00, 0x00, 0xb8, 0x8c, 0xe0, 0x64, 0x00, 0x00, 0xcc, 0x74, 0x00, 0x00, 0xb8, 0x84,
    0x5a, 0xe7, 0x0c, 0x00, 0xcc, 0x74, 0x00, 0x00, 0xb8, 0x84, 0x01, 0xc9, 0x82, 0x00, 0xcc, 0x74, 0x00, 0x00, 0xb8, 0x84,
    0x00, 0x3c, 0xf5, 0x1b, 0xcc, 0x74, 0x00, 0x00, 0xb8, 0x84, 0x00, 0x00, 0xad, 0xa0, 0xcc, 0x74, 0x00, 0x00, 0xb8, 0x84,
    0x00, 0x00, 0x24, 0xf8, 0xed, 0x74, 0x00, 0x00, 0xb8, 0x84, 0x00, 0x00, 0x00, 0x8f, 0xff, 0x74, 0x00, 0x00, 0x00, 0x00,
    0x10, 0xce, 0x51, 0x00, 0x00, 0x00, 0x00, 0x06, 0xb8, 0x4b, 0x00, 0x00, 0x00, 0x00, 0x00, 0x00, 0x00, 0x00, 0x00, 0x00,
    0x00, 0x00, 0xd0, 0x83, 0xbe, 0xf2, 0xd9, 0x46, 0x00, 0x00, 0xd0, 0xe1, 0x36, 0x0a, 0x7b, 0xe9, 0x01, 0x00, 0xd0, 0x72,
    0x00, 0x00, 0x11, 0xff, 0x1b, 0x00, 0xd0, 0x5c, 0x00, 0x00, 0x08, 0xff, 0x24, 0x00, 0xd0, 0x5c, 0x00, 0x00, 0x08, 0xff,
    0x24, 0x00, 0xd0, 0x5c, 0x00, 0x00, 0x08, 0xff, 0x24, 0x00, 0xd0, 0x5c, 0x00, 0x00, 0x08, 0xff, 0x24, 0x00, 0x00, 0x03,
    0xbe, 0x30, 0x88, 0x69, 0x00, 0x00, 0x00, 0x00, 0x00, 0x00, 0x27, 0xe0, 0xbb, 0x01, 0x00, 0x00, 0x00, 0x00, 0x00, 0x00,
    0x00, 0x00, 0x00, 0x00, 0x00, 0x00, 0x00, 0x00, 0xb8, 0xff, 0x47, 0x00, 0x00, 0x00, 0xcc, 0x74, 0x00, 0x00, 0xb8, 0xec,
    0xd2, 0x03, 0x00, 0x00, 0xcc, 0x74, 0x00, 0x00, 0xb8, 0x8c, 0xe0, 0x64, 0x00, 0x00, 0xcc, 0x74, 0x00, 0x00, 0xb8, 0x84,
    0x5a, 0xe7, 0x0c, 0x00, 0xcc, 0x74, 0x00, 0x00, 0xb8, 0x84, 0x01, 0xc9, 0x82, 0x00, 0xcc, 0x74, 0x00, 0x00, 0xb8, 0x84,
    0x00, 0x3c, 0xf5, 0x1b, 0xcc, 0x74, 0x00, 0x00, 0xb8, 0x84, 0x00, 0x00, 0xad, 0xa0, 0xcc, 0x74, 0x00, 0x00, 0xb8, 0x84,
    0x00, 0x00, 0x24, 0xf8, 0xed, 0x74, 0x00, 0x00, 0xb8, 0x84, 0x00, 0x00, 0x00, 0x8f, 0xff, 0x74, 0x00, 0x00, 0x00, 0x81,
    0x70, 0x34, 0xb7, 0x04, 0x00, 0x00, 0x00, 0x02, 0xb3, 0xd5, 0x18, 0x00, 0x00, 0x00, 0x00, 0x00, 0x00, 0x00, 0x00, 0x00,
    0x00, 0x00, 0xd0, 0x83, 0xbe, 0xf2, 0xd9, 0x46, 0x00, 0x00, 0xd0, 0xe1, 0x36, 0x0a, 0x7b, 0xe9, 0x01, 0x00, 0xd0, 0x72,
    0x00, 0x00, 0x11, 0xff, 0x1b, 0x00, 0xd0, 0x5c, 0x00, 0x00, 0x08, 0xff, 0x24, 0x00, 0xd0, 0x5c, 0x00, 0x00, 0x08, 0xff,
    0x24, 0x00, 0xd0, 0x5c, 0x00, 0x00, 0x08, 0xff, 0x24, 0x00, 0xd0, 0x5c, 0x00, 0x00, 0x08, 0xff, 0x24, 0x00, 0x00, 0x00,
    0x00, 0xbb, 0x63, 0x9c, 0x83, 0x00, 0x00, 0x00, 0x00, 0x00, 0x5c, 0xac, 0x3a, 0xc6, 0x04, 0x00, 0x00, 0x00, 0x00, 0x00,
    0x00, 0x00, 0x00, 0x00, 0x00, 0x00, 0x00, 0x00, 0x00, 0x3b, 0xb9, 0xf2, 0xf7, 0xcd, 0x5d, 0x00, 0x00, 0x00, 0x4a, 0xf8,
    0x80, 0x1e, 0x13, 0x5e, 0xf0, 0x7e, 0x00, 0x01, 0xdf, 0x94, 0x00, 0x00, 0x00, 0x00, 0x5c, 0xfb, 0x1f, 0x2a, 0xff, 0x37,
    0x00, 0x00, 0x00, 0x00, 0x03, 0xf9, 0x64, 0x3f, 0xff, 0x1c, 0x00, 0x00, 0x00, 0x00, 0x00, 0xe1, 0x7a, 0x2a, 0xff, 0x37,
    0x00, 0x00, 0x00, 0x00, 0x03, 0xf9, 0x64, 0x01, 0xe0, 0x94, 0x00, 0x00, 0x00, 0x00, 0x5c, 0xfc, 0x1f, 0x00, 0x4d, 0xf9,
    0x80, 0x1d, 0x12, 0x5d, 0xf0, 0x81, 0x00, 0x00, 0x00, 0x3e, 0xbb, 0xf3, 0xf8, 0xce, 0x60, 0x00, 0x00, 0x00, 0x00, 0x00,
    0x8e, 0x79, 0x78, 0x9a, 0x00, 0x00, 0x00, 0x2b, 0xbe, 0x28, 0xc1, 0x07, 0x00, 0x00, 0x00, 0x00, 0x00, 0x00, 0x00, 0x00,
    0x00, 0x00, 0x16, 0xa6, 0xea, 0xe9, 0xa1, 0x12, 0x00, 0x00, 0xc0, 0xb5, 0x1a, 0x1d, 0xbe, 0xb5, 0x00, 0x22, 0xff, 0x20,
    0x00, 0x00, 0x2c, 0xff, 0x19, 0x3f, 0xfb, 0x00, 0x00, 0x00, 0x08, 0xff, 0x36, 0x22, 0xff, 0x1e, 0x00, 0x00, 0x2c, 0xff,
    0x19, 0x00, 0xc1, 0xb3, 0x19, 0x1d, 0xbe, 0xb6, 0x00, 0x00, 0x18, 0xa7, 0xeb, 0xea, 0xa3, 0x14, 0x00, 0x00, 0x00, 0x1e,
    0x8f, 0xd3, 0xf3, 0xff, 0xff, 0xff, 0xff, 0xff, 0xff, 0xf8, 0x00, 0x00, 0x3a, 0xf2, 0x9e, 0x34, 0x0a, 0x08, 0xff, 0x40,
    0x00, 0x00, 0x00, 0x00, 0x00, 0x00, 0xd9, 0x9a, 0x00, 0x00, 0x00, 0x08, 0xff, 0x40, 0x00, 0x00, 0x00, 0x00, 0x00, 0x29,
    0xff, 0x32, 0x00, 0x00, 0x00, 0x08, 0xff, 0x40, 0x00, 0x00, 0x00, 0x00, 0x00, 0x3f, 0xff, 0x18, 0x00, 0x00, 0x00, 0x08,
    0xff, 0xff, 0xff, 0xff, 0xff, 0xc4, 0x00, 0x28, 0xff, 0x33, 0x00, 0x00, 0x00, 0x08, 0xff, 0x40, 0x00, 0x00, 0x00, 0x00,
    0x00, 0x00, 0xd9, 0x9a, 0x00, 0x00, 0x00, 0x08, 0xff, 0x40, 0x00, 0x00, 0x00, 0x00, 0x00, 0x00, 0x3c, 0xf4, 0x9e, 0x34,
    0x0a, 0x08, 0xff, 0x40, 0x00, 0x00, 0x00, 0x00, 0x00, 0x00, 0x00, 0x20, 0x91, 0xd5, 0xf4, 0xff, 0xff, 0xff, 0xff, 0xff,
    0xff, 0xff, 0x14, 0x00, 0x16, 0xa6, 0xea, 0xea, 0xb2, 0x2c, 0x84, 0xe2, 0xf7, 0xcf, 0x46, 0x00, 0x00, 0xc0, 0xb5, 0x1a,
    0x1d, 0xbe, 0xff, 0xe5, 0x3e, 0x0a, 0x4c, 0xf1, 0x24, 0x22, 0xff, 0x20, 0x00, 0x00, 0x2c, 0xff, 0x6a, 0x00, 0x00, 0x00,
    0xa7, 0x79, 0x3f, 0xfb, 0x00, 0x00, 0x00, 0x08, 0xff, 0xff, 0xff, 0xff, 0xff, 0xff, 0x99, 0x22, 0xff, 0x1e, 0x00, 0x00,
    0x2c, 0xff, 0x61, 0x00, 0x00, 0x00, 0x00, 0x00, 0x00, 0xc1, 0xb3, 0x19, 0x1d, 0xbe, 0xff, 0xe2, 0x41, 0x0a, 0x23, 0x7f,
    0x4e, 0x00, 0x18, 0xa7, 0xeb, 0xeb, 0xb1, 0x2c, 0x80, 0xe0, 0xfa, 0xdb, 0x7c, 0x08, 0x00, 0x00, 0x8f, 0x63, 0x4d, 0xa3,
    0x00, 0x00, 0x00, 0x00, 0x00, 0x09, 0xd0, 0xd8, 0x12, 0x00, 0x00, 0x00, 0x00, 0x00, 0x00, 0x00, 0x00, 0x00, 0x00, 0x00,
    0x00, 0x00, 0xb8, 0xff, 0xff, 0xf6, 0xd2, 0x5b, 0x00, 0x00, 0x00, 0xb8, 0x90, 0x00, 0x0a, 0x6d, 0xfd, 0x2c, 0x00, 0x00,
    0xb8, 0x90, 0x00, 0x00, 0x02, 0xfc, 0x59, 0x00, 0x00, 0xb8, 0x90, 0x00, 0x0a, 0x6d, 0xfb, 0x25, 0x00, 0x00, 0xb8, 0xff,
    0xff, 0xff, 0xf9, 0x4b, 0x00, 0x00, 0x00, 0xb8, 0x90, 0x00, 0x15, 0xac, 0xca, 0x03, 0x00, 0x00, 0xb8, 0x90, 0x00, 0x00,
    0x10, 0xed, 0x66, 0x00, 0x00, 0xb8, 0x90, 0x00, 0x00, 0x00, 0x79, 0xe1, 0x06, 0x00, 0xb8, 0x90, 0x00, 0x00, 0x00, 0x0c,
    0xeb, 0x67, 0x00, 0x3d, 0xaf, 0x12, 0xc0, 0x21, 0x00, 0x00, 0x70, 0xea, 0x49, 0x00, 0x00, 0x00, 0x00, 0x00, 0x00, 0x00,
    0x00, 0xd0, 0x85, 0xc0, 0xf3, 0x58, 0x00, 0xd0, 0xe7, 0x3a, 0x03, 0x00, 0x00, 0xd0, 0x7b, 0x00, 0x00, 0x00, 0x00, 0xd0,
    0x5d, 0x00, 0x00, 0x00, 0x00, 0xd0, 0x5c, 0x00, 0x00, 0x00, 0x00, 0xd0, 0x5c, 0x00, 0x00, 0x00, 0x00, 0xd0, 0x5c, 0x00,
    0x00, 0x00, 0x00, 0x00, 0x00, 0x01, 0xc2, 0x5b, 0x00, 0x00, 0x00, 0x00, 0x00, 0x61, 0xa3, 0x00, 0x00, 0x00, 0x00, 0x00,
    0x00, 0x00, 0x00, 0x00, 0x00, 0x00, 0x00, 0x26, 0xaf, 0xea, 0xef, 0xb7, 0x3d, 0x00, 0x00, 0xdc, 0xa3, 0x1c, 0x0d, 0x45,
    0xb5, 0x00, 0x17, 0xff, 0x30, 0x00, 0x00, 0x00, 0x00, 0x00, 0x01, 0xda, 0xaf, 0x38, 0x08, 0x00, 0x00, 0x00, 0x00, 0x1b,
    0x94, 0xdb, 0xfa, 0xc6, 0x52, 0x00, 0x00, 0x00, 0x00, 0x00, 0x0e, 0x6b, 0xfd, 0x40, 0x00, 0x00, 0x00, 0x00, 0x00, 0x00,
    0xdd, 0x7b, 0x1b, 0xb3, 0x43, 0x11, 0x0f, 0x67, 0xfd, 0x44, 0x00, 0x4b, 0xba, 0xee, 0xf1, 0xcc, 0x5e, 0x00, 0x00, 0x00,
    0x00, 0x10, 0xce, 0x51, 0x00, 0x00, 0x00, 0x06, 0xb8, 0x4b, 0x00, 0x00, 0x00, 0x00, 0x00, 0x00, 0x00, 0x00, 0x00, 0x00,
    0x6e, 0xdf, 0xf5, 0xc3, 0x32, 0x00, 0x26, 0xfa, 0x3b, 0x08, 0x38, 0x8b, 0x00, 0x21, 0xf4, 0x2d, 0x00, 0x00, 0x00, 0x00,
    0x00, 0x4d, 0xb8, 0xcc, 0x9e, 0x2f, 0x00, 0x00, 0x00, 0x00, 0x02, 0x5c, 0xf1, 0x0a, 0x45, 0x86, 0x24, 0x07, 0x5f, 0xfa,
    0x0c, 0x06, 0x76, 0xdb, 0xf6, 0xd0, 0x50, 0x00, 0x00, 0x00, 0x7b, 0x77, 0x3c, 0xb4, 0x00, 0x00, 0x00, 0x00, 0x03, 0xc6,
    0xdc, 0x1c, 0x00, 0x00, 0x00, 0x00, 0x00, 0x00, 0x00, 0x00, 0x00, 0x00, 0x00, 0x26, 0xaf, 0xea, 0xef, 0xb7, 0x3d, 0x00,
    0x00, 0xdc, 0xa3, 0x1c, 0x0d, 0x45, 0xb5, 0x00, 0x17, 0xff, 0x30, 0x00, 0x00, 0x00, 0x00, 0x00, 0x01, 0xda, 0xaf, 0x38,
    0x08, 0x00, 0x00, 0x00, 0x00, 0x1b, 0x94, 0xdb, 0xfa, 0xc6, 0x52, 0x00, 0x00, 0x00, 0x00, 0x00, 0x0e, 0x6b, 0xfd, 0x40,
    0x00, 0x00, 0x00, 0x00, 0x00, 0x00, 0xdd, 0x7b, 0x1b, 0xb3, 0x43, 0x11, 0x0f, 0x67, 0xfd, 0x44, 0x00, 0x4b, 0xba, 0xee,
    0xf1, 0xcc, 0x5e, 0x00, 0x00, 0x29, 0xbd, 0x10, 0xb6, 0x31, 0x00, 0x00, 0x00, 0x58, 0xeb, 0x62, 0x00, 0x00, 0x00, 0x00,
    0x00, 0x00, 0x00, 0x00, 0x00, 0x00, 0x6e, 0xdf, 0xf5, 0xc3, 0x32, 0x00, 0x26, 0xfa, 0x3b, 0x08, 0x38, 0x8b, 0x00, 0x21,
    0xf4, 0x2d, 0x00, 0x00, 0x00, 0x00, 0x00, 0x4d, 0xb8, 0xcc, 0x9e, 0x2f, 0x00, 0x00, 0x00, 0x00, 0x02, 0x5c, 0xf1, 0x0a,
    0x45, 0x86, 0x24, 0x07, 0x5f, 0xfa, 0x0c, 0x06, 0x76, 0xdb, 0xf6, 0xd0, 0x50, 0x00, 0x00, 0x00, 0x00, 0x9e, 0x53, 0x5b,
    0x94, 0x00, 0x00, 0x00, 0x00, 0x00, 0x0f, 0xd5, 0xd3, 0x0b, 0x00, 0x00, 0x00, 0x00, 0x00, 0x00, 0x00, 0x00, 0x00, 0x00,
    0x00, 0x08, 0xff, 0xff, 0xff, 0xff, 0xff, 0xff, 0xff, 0xfc, 0x00, 0x00, 0x00, 0x00, 0xac, 0x9c, 0x00, 0x00, 0x00, 0x00,
    0x00, 0x00, 0x00, 0xac, 0x9c, 0x00, 0x00, 0x00, 0x00, 0x00, 0x00, 0x00, 0xac, 0x9c, 0x00, 0x00, 0x00, 0x00, 0x00, 0x00,
    0x00, 0xac, 0x9c, 0x00, 0x00, 0x00, 0x00, 0x00, 0x00, 0x00, 0xac, 0x9c, 0x00, 0x00, 0x00, 0x00, 0x00, 0x00, 0x00, 0xac,
    0x9c, 0x00, 0x00, 0x00, 0x00, 0x00, 0x00, 0x00, 0xac, 0x9c, 0x00, 0x00, 0x00, 0x00, 0x00, 0x00, 0x00, 0xac, 0x9c, 0x00,
    0x00, 0x00, 0x00, 0x00, 0x00, 0x86, 0xab, 0x00, 0xcc, 0x60, 0xbf, 0x4b, 0x00, 0xcc, 0x60, 0x00, 0x00, 0xa8, 0xff, 0xff,
    0xff, 0xc8, 0x00, 0xcc, 0x60, 0x00, 0x00, 0x00, 0xcc, 0x60, 0x00, 0x00, 0x00, 0xcc, 0x60, 0x00, 0x00, 0x00, 0xca, 0x60,
    0x00, 0x00, 0x00, 0xb1, 0x8e, 0x04, 0x00, 0x00, 0x3b, 0xd7, 0xfb, 0xc8, 0x00, 0x00, 0x00, 0x52, 0xed, 0xc3, 0x0e, 0x00,
    0x00, 0x00, 0x00, 0x00, 0x00, 0xca, 0x1b, 0x78, 0x6c, 0x00, 0x00, 0x00, 0x00, 0x00, 0x00, 0xca, 0x19, 0x76, 0x6c, 0x00,
    0x00, 0x00, 0x00, 0x00, 0x00, 0x52, 0xed, 0xc3, 0x0e, 0x00, 0x00, 0x00, 0x00, 0xe0, 0x6c, 0x00, 0x00, 0x00, 0x00, 0xe8,
    0x64, 0x00, 0x00, 0xe0, 0x6c, 0x00, 0x00, 0x00, 0x00, 0xe8, 0x64, 0x00, 0x00, 0xe0, 0x6c, 0x00, 0x00, 0x00, 0x00, 0xe8,
    0x64, 0x00, 0x00, 0xe0, 0x6c, 0x00, 0x00, 0x00, 0x00, 0xe8, 0x64, 0x00, 0x00, 0xe0, 0x6c, 0x00, 0x00, 0x00, 0x00, 0xe8,
    0x64, 0x00, 0x00, 0xdb, 0x71, 0x00, 0x00, 0x00, 0x00, 0xee, 0x5e, 0x00, 0x00, 0xb9, 0x96, 0x00, 0x00, 0x00, 0x14, 0xff,
    0x3c, 0x00, 0x00, 0x56, 0xf3, 0x4e, 0x0b, 0x1d, 0xab, 0xd4, 0x05, 0x00, 0x00, 0x00, 0x5f, 0xd0, 0xf4, 0xe6, 0xa7, 0x1e,
    0x00, 0x00, 0x00, 0x00, 0x27, 0xd9, 0xdf, 0x30, 0x00, 0x00, 0x00, 0x00, 0x9c, 0x47, 0x39, 0xac, 0x00, 0x00, 0x00, 0x00,
    0x9c, 0x45, 0x37, 0xac, 0x00, 0x00, 0x00, 0x00, 0x27, 0xda, 0xe0, 0x30, 0x00, 0x00, 0x00, 0x00, 0x00, 0x00, 0x00, 0x00,
    0x00, 0x00, 0x00, 0xe4, 0x44, 0x00, 0x00, 0x1c, 0xff, 0x10, 0x00, 0xe4, 0x44, 0x00, 0x00, 0x1c, 0xff, 0x10, 0x00, 0xe4,
    0x44, 0x00, 0x00, 0x1c, 0xff, 0x10, 0x00, 0xe4, 0x44, 0x00, 0x00, 0x1c, 0xff, 0x10, 0x00, 0xdb, 0x4d, 0x00, 0x00, 0x32,
    0xff, 0x10, 0x00, 0xab, 0xae, 0x10, 0x1f, 0xbb, 0xff, 0x10, 0x00, 0x22, 0xc2, 0xf5, 0xd3, 0x69, 0xff, 0x10, 0x00, 0x00,
    0x00, 0x22, 0xe3, 0x2a, 0xe0, 0x2f, 0x00, 0x00, 0x00, 0x00, 0x00, 0xb7, 0x50, 0x95, 0x6f, 0x00, 0x00, 0x00, 0x00, 0x00,
    0x00, 0x00, 0x00, 0x00, 0x00, 0x00, 0x00, 0x00, 0x00, 0xe0, 0x6c, 0x00, 0x00, 0x00, 0x00, 0xe8, 0x64, 0x00, 0x00, 0xe0,
    0x6c, 0x00, 0x00, 0x00, 0x00, 0xe8, 0x64, 0x00, 0x00, 0xe0, 0x6c, 0x00, 0x00, 0x00, 0x00, 0xe8, 0x64, 0x00, 0x00, 0xe0,
    0x6c, 0x00, 0x00, 0x00, 0x00, 0xe8, 0x64, 0x00, 0x00, 0xe0, 0x6c, 0x00, 0x00, 0x00, 0x00, 0xe8, 0x64, 0x00, 0x00, 0xdb,
    0x71, 0x00, 0x00, 0x00, 0x00, 0xee, 0x5e, 0x00, 0x00, 0xb9, 0x96, 0x00, 0x00, 0x00, 0x14, 0xff, 0x3c, 0x00, 0x00, 0x56,
    0xf3, 0x4e, 0x0b, 0x1d, 0xab, 0xd4, 0x05, 0x00, 0x00, 0x00, 0x5f, 0xd0, 0xf4, 0xe6, 0xa7, 0x1e, 0x00, 0x00, 0x00, 0x00,
    0x00, 0x72, 0x95, 0x5c, 0xb4, 0x01, 0x00, 0x00, 0x19, 0xca, 0x1f, 0xc8, 0x10, 0x00, 0x00, 0x00, 0x00, 0x00, 0x00, 0x00,
    0x00, 0x00, 0x00, 0xe4, 0x44, 0x00, 0x00, 0x1c, 0xff, 0x10, 0x00, 0xe4, 0x44, 0x00, 0x00, 0x1c, 0xff, 0x10, 0x00, 0xe4,
    0x44, 0x00, 0x00, 0x1c, 0xff, 0x10, 0x00, 0xe4, 0x44, 0x00, 0x00, 0x1c, 0xff, 0x10, 0x00, 0xdb, 0x4d, 0x00, 0x00, 0x32,
    0xff, 0x10, 0x00, 0xab, 0xae, 0x10, 0x1f, 0xbb, 0xff, 0x10, 0x00, 0x22, 0xc2, 0xf5, 0xd3, 0x69, 0xff, 0x10, 0x00, 0x00,
    0x00, 0xe8, 0x64, 0x6c, 0xe0, 0x00, 0x00, 0x00, 0x00, 0x00, 0x00, 0x00, 0x00, 0x00, 0x00, 0x00, 0x00, 0xad, 0xb2, 0x00,
    0x00, 0x00, 0x02, 0xc0, 0x9c, 0x00, 0x12, 0xe4, 0x69, 0x00, 0x00, 0x77, 0xda, 0x0b, 0x00, 0x00, 0x42, 0xf4, 0x29, 0x31,
    0xf4, 0x35, 0x00, 0x00, 0x00, 0x00, 0x8a, 0xcf, 0xd6, 0x79, 0x00, 0x00, 0x00, 0x00, 0x00, 0x06, 0xd5, 0xc8, 0x02, 0x00,
    0x00, 0x00, 0x00, 0x00, 0x00, 0xac, 0x9c, 0x00, 0x00, 0x00, 0x00, 0x00, 0x00, 0x00, 0xac, 0x9c, 0x00, 0x00, 0x00, 0x00,
    0x00, 0x00, 0x00, 0xac, 0x9c, 0x00, 0x00, 0x00, 0x00, 0x00, 0x00, 0x00, 0xac, 0x9c, 0x00, 0x00, 0x00, 0x00, 0x00, 0x00,
    0x01, 0xc2, 0x5b, 0x00, 0x00, 0x00, 0x00, 0x00, 0x00, 0x61, 0xa3, 0x00, 0x00, 0x00, 0x00, 0x00, 0x00, 0x00, 0x00, 0x00,
    0x00, 0x00, 0x00, 0x00, 0x44, 0xff, 0xff, 0xff, 0xff, 0xff, 0xff, 0xff, 0x2b, 0x00, 0x00, 0x00, 0x00, 0x00, 0x0b, 0xcd,
    0xaf, 0x02, 0x00, 0x00, 0x00, 0x00, 0x02, 0xb0, 0xcd, 0x0b, 0x00, 0x00, 0x00, 0x00, 0x00, 0x8c, 0xe4, 0x1b, 0x00, 0x00,
    0x00, 0x00, 0x00, 0x65, 0xf4, 0x32, 0x00, 0x00, 0x00, 0x00, 0x00, 0x43, 0xf8, 0x50, 0x00, 0x00, 0x00, 0x00, 0x00, 0x28,
    0xef, 0x74, 0x00, 0x00, 0x00, 0x00, 0x00, 0x14, 0xdd, 0x9c, 0x00, 0x00, 0x00, 0x00, 0x00, 0x00, 0x6b, 0xff, 0xff, 0xff,
    0xff, 0xff, 0xff, 0xff, 0x54, 0x00, 0x00, 0x00, 0x10, 0xce, 0x51, 0x00, 0x00, 0x00, 0x06, 0xb8, 0x4b, 0x00, 0x00, 0x00,
    0x00, 0x00, 0x00, 0x00, 0x00, 0x00, 0x48, 0xff, 0xff, 0xff, 0xff, 0xff, 0x44, 0x00, 0x00, 0x00, 0x00, 0x7e, 0xcd, 0x0c,
    0x00, 0x00, 0x00, 0x5f, 0xde, 0x18, 0x00, 0x00, 0x00, 0x46, 0xe8, 0x28, 0x00, 0x00, 0x00, 0x30, 0xea, 0x3b, 0x00, 0x00,
    0x00, 0x1f, 0xe4, 0x53, 0x00, 0x00, 0x00, 0x00, 0x70, 0xff, 0xff, 0xff, 0xff, 0xff, 0x44, 0x00, 0x00, 0x00, 0x30, 0xff,
    0x18, 0x00, 0x00, 0x00, 0x00, 0x00, 0x00, 0x00, 0x00, 0x00, 0x00, 0x00, 0x00, 0x44, 0xff, 0xff, 0xff, 0xff, 0xff, 0xff,
    0xff, 0x2b, 0x00, 0x00, 0x00, 0x00, 0x00, 0x0b, 0xcd, 0xaf, 0x02, 0x00, 0x00, 0x00, 0x00, 0x02, 0xb0, 0xcd, 0x0b, 0x00,
    0x00, 0x00, 0x00, 0x00, 0x8c, 0xe4, 0x1b, 0x00, 0x00, 0x00, 0x00, 0x00, 0x65, 0xf4, 0x32, 0x00, 0x00, 0x00, 0x00, 0x00,
    0x43, 0xf8, 0x50, 0x00, 0x00, 0x00, 0x00, 0x00, 0x28, 0xef, 0x74, 0x00, 0x00, 0x00, 0x00, 0x00, 0x14, 0xdd, 0x9c, 0x00,
    0x00, 0x00, 0x00, 0x00, 0x00, 0x6b, 0xff, 0xff, 0xff, 0xff, 0xff, 0xff, 0xff, 0x54, 0x00, 0x00, 0x34, 0xf8, 0x00, 0x00,
    0x00, 0x00, 0x00, 0x00, 0x00, 0x00, 0x00, 0x00, 0x00, 0x00, 0x00, 0x00, 0x00, 0x00, 0x00, 0x48, 0xff, 0xff, 0xff, 0xff,
    0xff, 0x44, 0x00, 0x00, 0x00, 0x00, 0x7e, 0xcd, 0x0c, 0x00, 0x00, 0x00, 0x5f, 0xde, 0x18, 0x00, 0x00, 0x00, 0x46, 0xe8,
    0x28, 0x00, 0x00, 0x00, 0x30, 0xea, 0x3b, 0x00, 0x00, 0x00, 0x1f, 0xe4, 0x53, 0x00, 0x00, 0x00, 0x00, 0x70, 0xff, 0xff,
    0xff, 0xff, 0xff, 0x44, 0x00, 0x00, 0x2d, 0xbe, 0x12, 0xc7, 0x1c, 0x00, 0x00, 0x00, 0x00, 0x00, 0x7a, 0xe8, 0x61, 0x00,
    0x00, 0x00, 0x00, 0x00, 0x00, 0x00, 0x00, 0x00, 0x00, 0x00, 0x00, 0x44, 0xff, 0xff, 0xff, 0xff, 0xff, 0xff, 0xff, 0x2b,
    0x00, 0x00, 0x00, 0x00, 0x00, 0x0b, 0xcd, 0xaf, 0x02, 0x00, 0x00, 0x00, 0x00, 0x02, 0xb0, 0xcd, 0x0b, 0x00, 0x00, 0x00,
    0x00, 0x00, 0x8c, 0xe4, 0x1b, 0x00, 0x00, 0x00, 0x00, 0x00, 0x65, 0xf4, 0x32, 0x00, 0x00, 0x00, 0x00, 0x00, 0x43, 0xf8,
    0x50, 0x00, 0x00, 0x00, 0x00, 0x00, 0x28, 0xef, 0x74, 0x00, 0x00, 0x00, 0x00, 0x00, 0x14, 0xdd, 0x9c, 0x00, 0x00, 0x00,
    0x00, 0x00, 0x00, 0x6b, 0xff, 0xff, 0xff, 0xff, 0xff, 0xff, 0xff, 0x54, 0x00, 0x3d, 0xaf, 0x12, 0xc0, 0x21, 0x00, 0x00,
    0x00, 0x70, 0xea, 0x49, 0x00, 0x00, 0x00, 0x00, 0x00, 0x00, 0x00, 0x00, 0x00, 0x48, 0xff, 0xff, 0xff, 0xff, 0xff, 0x44,
    0x00, 0x00, 0x00, 0x00, 0x7e, 0xcd, 0x0c, 0x00, 0x00, 0x00, 0x5f, 0xde, 0x18, 0x00, 0x00, 0x00, 0x46, 0xe8, 0x28, 0x00,
    0x00, 0x00, 0x30, 0xea, 0x3b, 0x00, 0x00, 0x00, 0x1f, 0xe4, 0x53, 0x00, 0x00, 0x00, 0x00, 0x70, 0xff, 0xff, 0xff, 0xff,
    0xff, 0x44, 0x5c, 0xff, 0xff, 0xff, 0x10, 0x00, 0x00, 0x00, 0x00, 0x00, 0x00, 0x00, 0x00, 0x00, 0x00, 0x00, 0x00, 0x00,
    0x00, 0x00, 0x5c, 0xff, 0xff, 0xff, 0x10, 0x00, 0x00, 0x00, 0x00, 0x00, 0x00, 0x00, 0x00, 0x00, 0x00, 0x00, 0x00, 0x00,
    0x00, 0x00, 0x5c, 0xff, 0xff, 0xff, 0xff, 0xff, 0xff, 0xa4, 0x00, 0x00, 0x00, 0x00, 0x00, 0x00, 0x00, 0x00, 0x00, 0x00,
    0x00, 0x00, 0x00, 0x00, 0x00, 0x00, 0x00, 0x00, 0x00, 0x00, 0x00, 0x00, 0x00, 0x00, 0x5c, 0xff, 0xff, 0xff, 0xff, 0xdc,
    0x00, 0x00, 0x00, 0x00, 0x00, 0x00, 0x00, 0x00, 0x00, 0x00, 0x00, 0x00, 0x00, 0x00, 0x00, 0x00, 0x00, 0x00, 0x00, 0x00,
    0x00, 0x00, 0x5c, 0xff, 0xff, 0xff, 0xff, 0xff, 0xff, 0xff, 0xff, 0xff, 0xff, 0xff, 0x5c, 0x00, 0x00, 0x00, 0x00, 0x00,
    0x00, 0x00, 0x00, 0x00, 0x00, 0x00, 0x00, 0x00, 0x00, 0x00, 0x00, 0x00, 0x00, 0x00, 0x00, 0x00, 0x00, 0x00, 0x00, 0x00,
    0x00, 0x00, 0x00, 0x00, 0x00, 0x00, 0x00, 0x00, 0x00, 0x00, 0x00, 0x00, 0x00, 0x00, 0xff, 0xff, 0xff, 0xff, 0xff, 0xff,
    0xff, 0xff, 0xff, 0xff, 0xff, 0xff, 0xff, 0x00, 0x00, 0x00, 0x00, 0x00, 0x00, 0x00, 0x00, 0x00, 0x00, 0x00, 0x00, 0x00,
    0x00, 0x00, 0x00, 0x00, 0x00, 0x00, 0x00, 0x00, 0x00, 0x00, 0x00, 0x00, 0x00, 0x00, 0x00, 0x00, 0x00, 0x00, 0x00, 0x00,
    0x00, 0x00, 0x00, 0x00, 0x00, 0x00, 0x00, 0x25, 0xcf, 0x00, 0x00, 0xa8, 0x8e, 0x00, 0x00, 0xe4, 0x70, 0x00, 0x00, 0x00,
    0x00, 0x00, 0x00, 0x00, 0x00, 0x00, 0x00, 0x00, 0x00, 0x00, 0x00, 0x00, 0x00, 0x00, 0x00, 0x00, 0x00, 0x00, 0x00, 0x00,
    0x00, 0x00, 0x00, 0x58, 0xfb, 0x00, 0x00, 0x7c, 0xb6, 0x00, 0x00, 0xbe, 0x35, 0x00, 0x00, 0x00, 0x00, 0x00, 0x00, 0x00,
    0x00, 0x00, 0x00, 0x00, 0x00, 0x00, 0x00, 0x00, 0x00, 0x00, 0x00, 0x00, 0x00, 0x00, 0x00, 0x00, 0x00, 0x00, 0x00, 0x60,
    0xf8, 0x00, 0x00, 0x7e, 0xb9, 0x00, 0x00, 0xc1, 0x32, 0x00, 0x00, 0x6c, 0x3a, 0x00, 0x00, 0xce, 0x80, 0x00, 0x00, 0x5a,
    0xb9, 0x00, 0x00, 0x02, 0x71, 0x00, 0x00, 0x00, 0x00, 0x00, 0x00, 0x00, 0x00, 0x00, 0x00, 0x00, 0x00, 0x00, 0x00, 0x00,
    0x00, 0x00, 0x00, 0x00, 0x00, 0x00, 0x00, 0x00, 0x00, 0x00, 0x00, 0x25, 0xcf, 0x00, 0x86, 0x6d, 0x00, 0x00, 0xa8, 0x8e,
    0x19, 0xf5, 0x29, 0x00, 0x00, 0xe4, 0x70, 0x4c, 0xff, 0x0c, 0x00, 0x00, 0x00, 0x00, 0x00, 0x00, 0x00, 0x00, 0x00, 0x00,
    0x00, 0x00, 0x00, 0x00, 0x00, 0x00, 0x00, 0x00, 0x00, 0x00, 0x00, 0x00, 0x00, 0x00, 0x00, 0x00, 0x00, 0x00, 0x00, 0x00,
    0x00, 0x00, 0x00, 0x00, 0x00, 0x00, 0x00, 0x00, 0x00, 0x00, 0x00, 0x00, 0x00, 0x00, 0x60, 0xf8, 0x00, 0xc4, 0x90, 0x00,
    0x00, 0x7e, 0xb9, 0x00, 0xe3, 0x52, 0x00, 0x00, 0xc1, 0x32, 0x29, 0xca, 0x00, 0x00, 0x00, 0x00, 0x00, 0x00, 0x00, 0x00,
    0x00, 0x00, 0x00, 0x00, 0x00, 0x00, 0x00, 0x00, 0x00, 0x00, 0x00, 0x00, 0x00, 0x00, 0x00, 0x00, 0x00, 0x00, 0x00, 0x00,
    0x00, 0x00, 0x00, 0x00, 0x00, 0x00, 0x00, 0x00, 0x00, 0x00, 0x00, 0x00, 0x00, 0x00, 0x00, 0x00, 0x00, 0x60, 0xf8, 0x00,
    0xc4, 0x90, 0x00, 0x00, 0x7e, 0xb9, 0x00, 0xe3, 0x52, 0x00, 0x00, 0xc1, 0x32, 0x29, 0xca, 0x00, 0x00, 0x00, 0x6e, 0x36,
    0x24, 0x7c, 0x05, 0x00, 0x00, 0xda, 0x74, 0x42, 0xff, 0x10, 0x00, 0x00, 0x71, 0xaa, 0x02, 0xd5, 0x45, 0x00, 0x00, 0x08,
    0x8b, 0x00, 0x44, 0x4e, 0x00, 0x00, 0x00, 0x00, 0x00, 0x00, 0x00, 0x00, 0x00, 0x00, 0x00, 0x00, 0x00, 0x00, 0x00, 0x00,
    0x00, 0x00, 0x00, 0x00, 0x00, 0x00, 0x00, 0x00, 0x00, 0x00, 0x00, 0x00, 0x00, 0x00, 0x00, 0x00, 0x00, 0x00, 0x00, 0x00,
    0x00, 0x00, 0x00, 0x00, 0x00, 0x00, 0x00, 0x00, 0x00, 0x50, 0xd0, 0x00, 0x00, 0x00, 0x00, 0x00, 0x50, 0xd0, 0x00, 0x00,
    0x00, 0x00, 0x00, 0x50, 0xd0, 0x00, 0x00, 0x00, 0xa4, 0xff, 0xff, 0xff, 0xff, 0xff, 0x24, 0x00, 0x00, 0x50, 0xd0, 0x00,
    0x00, 0x00, 0x00, 0x00, 0x50, 0xd0, 0x00, 0x00, 0x00, 0x00, 0x00, 0x50, 0xd0, 0x00, 0x00, 0x00, 0x00, 0x00, 0x50, 0xd0,
    0x00, 0x00, 0x00, 0x00, 0x00, 0x50, 0xd0, 0x00, 0x00, 0x00, 0x00, 0x00, 0x50, 0xd0, 0x00, 0x00, 0x00, 0x00, 0x00, 0x50,
    0xd0, 0x00, 0x00, 0x00, 0x00, 0x00, 0x50, 0xd0, 0x00, 0x00, 0x00, 0x00, 0x00, 0x50, 0xd0, 0x00, 0x00, 0x00, 0xa4, 0xff,
    0xff, 0xff, 0xff, 0xff, 0x24, 0x00, 0x00, 0x50, 0xd0, 0x00, 0x00, 0x00, 0x00, 0x00, 0x50, 0xd0, 0x00, 0x00, 0x00, 0xa4,
    0xff, 0xff, 0xff, 0xff, 0xff, 0x24, 0x00, 0x00, 0x50, 0xd0, 0x00, 0x00, 0x00, 0x00, 0x00, 0x50, 0xd0, 0x00, 0x00, 0x00,
    0x00, 0x00, 0x50, 0xd0, 0x00, 0x00, 0x00, 0x00, 0x00, 0x5b, 0xec, 0xd2, 0x23, 0x00, 0x00, 0x00, 0x01, 0xf0, 0xff, 0xff,
    0x9e, 0x00, 0x00, 0x00, 0x01, 0xf1, 0xff, 0xff, 0x9e, 0x00, 0x00, 0x00, 0x00, 0x5b, 0xec, 0xd2, 0x23, 0x00, 0x00, 0x00,
    0x00, 0x00, 0x00, 0x00, 0x00, 0x00, 0x00, 0x00, 0x00, 0x00, 0x00, 0x00, 0x00, 0x00, 0x00, 0x00, 0x00, 0x00, 0x00, 0x00,
    0x00, 0x00, 0x00, 0x00, 0x80, 0xd8, 0x00, 0x00, 0x2c, 0xff, 0x2c, 0x00, 0x00, 0xd8, 0x80, 0x00, 0x00, 0x80, 0xd8, 0x00,
    0x00, 0x2c, 0xff, 0x2c, 0x00, 0x00, 0xd8, 0x80, 0x00, 0x00, 0x6d, 0xeb, 0xe0, 0x48, 0x00, 0x00, 0x00, 0xb0, 0x53, 0x00,
    0x00, 0x00, 0x00, 0x00, 0x00, 0x00, 0x1b, 0xed, 0x24, 0x45, 0xe7, 0x00, 0x00, 0x59, 0xaa, 0x00, 0x00, 0x00, 0x00, 0x00,
    0x00, 0x00, 0x00, 0x3f, 0xc3, 0x00, 0x00, 0xf4, 0x0e, 0x16, 0xd7, 0x16, 0x00, 0x00, 0x00, 0x00, 0x00, 0x00, 0x00, 0x00,
    0x1c, 0xed, 0x22, 0x42, 0xe7, 0x00, 0xab, 0x58, 0x00, 0x00, 0x00, 0x00, 0x00, 0x00, 0x00, 0x00, 0x00, 0x00, 0x70, 0xec,
    0xe1, 0x48, 0x54, 0xaf, 0x17, 0xbe, 0xf3, 0xae, 0x0a, 0x0c, 0xb0, 0xf3, 0xbb, 0x14, 0x00, 0x00, 0x00, 0x00, 0x13, 0xd7,
    0x18, 0x90, 0x97, 0x0d, 0xb0, 0x72, 0x74, 0xad, 0x0d, 0x9b, 0x8a, 0x00, 0x00, 0x00, 0x00, 0xa6, 0x5d, 0x00, 0xb7, 0x4b,
    0x00, 0x68, 0x9a, 0x9b, 0x63, 0x00, 0x50, 0xb2, 0x00, 0x00, 0x00, 0x4f, 0xb4, 0x00, 0x00, 0x90, 0x96, 0x0c, 0xae, 0x73,
    0x75, 0xab, 0x0d, 0x99, 0x8b, 0x00, 0x00, 0x11, 0xd7, 0x1b, 0x00, 0x00, 0x17, 0xbe, 0xf4, 0xb1, 0x0b, 0x0d, 0xb3, 0xf4,
    0xbd, 0x15, 0x00, 0x5d, 0x38, 0x1e, 0xd1, 0x0b, 0x75, 0x29, 0x00, 0x00, 0x00, 0x00, 0x00, 0x00, 0x00, 0x00, 0x00, 0x00,
    0x00, 0x00, 0x00, 0x00, 0x00, 0x00, 0x00, 0x00, 0x00, 0x00, 0x00, 0x00, 0x00, 0x5d, 0x38, 0x69, 0x2c, 0x1e, 0xd1, 0x3e,
    0xc4, 0x04, 0x75, 0x29, 0x84, 0x1b, 0x00, 0x00, 0x00, 0x00, 0x00, 0x00, 0x00, 0x00, 0x00, 0x00, 0x00, 0x00, 0x00, 0x00,
    0x00, 0x00, 0x00, 0x00, 0x00, 0x00, 0x00, 0x00, 0x00, 0x00, 0x00, 0x00, 0x00, 0x00, 0x00, 0x00, 0x00, 0x00, 0x00, 0x00,
    0x00, 0x00, 0x00, 0x00, 0x01, 0x8a, 0x00, 0x00, 0x04, 0xa2, 0xac, 0x00, 0x00, 0xb4, 0x99, 0x03, 0x00, 0x00, 0xb4, 0x98,
    0x02, 0x00, 0x00, 0x04, 0xa2, 0xac, 0x00, 0x00, 0x00, 0x01, 0x8a, 0x00, 0x00, 0x00, 0x00, 0x00, 0x00, 0x00, 0x7f, 0x0b,
    0x00, 0x00, 0x00, 0x79, 0xc7, 0x12, 0x00, 0x00, 0x00, 0x6b, 0xd3, 0x12, 0x00, 0x00, 0x6b, 0xd3, 0x12, 0x00, 0x79, 0xc8,
    0x12, 0x00, 0x00, 0x80, 0x0b, 0x00, 0x00, 0x00, 0x00, 0x00, 0x00, 0x00, 0x00, 0x00, 0x26, 0xad, 0xea, 0xe8, 0x94, 0x0d,
    0x00, 0x18, 0xe6, 0x91, 0x18, 0x14, 0x5f, 0x57, 0x00, 0x7c, 0xcf, 0x00, 0x00, 0x00, 0x00, 0x00, 0xd4, 0xff, 0xff, 0xff,
    0xff, 0xfe, 0x1f, 0x00, 0x00, 0xc7, 0x81, 0x00, 0x00, 0x00, 0x00, 0x00, 0xd4, 0xff, 0xff, 0xff, 0xff, 0x2d, 0x00, 0x00,
    0x00, 0x7d, 0xcf, 0x00, 0x00, 0x00, 0x00, 0x00, 0x00, 0x19, 0xe8, 0x91, 0x17, 0x14, 0x5f, 0x57, 0x00, 0x00, 0x28, 0xaf,
    0xec, 0xe8, 0x93, 0x0d, 0x00, 0x20, 0xff, 0xff, 0xff, 0x48, 0xff, 0x3c, 0x27, 0xfc, 0x30, 0x00, 0x00, 0x00, 0x00, 0x00,
    0xb8, 0x00, 0x20, 0xba, 0xb9, 0xa1, 0xb4, 0x30, 0x00, 0x00, 0x00, 0x00, 0x00, 0xb8, 0x00, 0x20, 0x9c, 0x6e, 0x8e, 0x84,
    0x30, 0x00, 0x00, 0x00, 0x00, 0x00, 0xb8, 0x00, 0x20, 0x9c, 0x00, 0x00, 0x84, 0x30, 0x00, 0x00, 0x00, 0x00, 0x00, 0x00,
    0x00, 0x00, 0x00, 0x00, 0x00, 0x00, 0x00, 0x00, 0x00, 0x00, 0x00, 0x00, 0x00, 0x00, 0x00, 0x00, 0x00, 0x00, 0x00, 0x00,
    0x00, 0x00, 0x00, 0x00, 0x00, 0x00, 0x00, 0x00, 0x00, 0x00, 0x00, 0x00, 0x00, 0x00, 0x00, 0x00, 0x00, 0x00, 0x00, 0x00,
    0x00, 0x00, 0x00, 0x00, 0x00, 0x00, 0x00, 0x00, 0x00, 0x00, 0x00, 0x00, 0x00, 0x00, 0x00, 0x00, 0x00, 0x00, 0x00, 0x00,
    0x00,
};
const size_t kVlwSans13Size = 26461;

#endif  // UI_SPIKE_VLW
